Archetype,Attribute,Level,Cost
BOSS,Penalties,99,24
BOSS,Vision,40,1
BOSS,Vision,41,1
BOSS,Vision,42,1
BOSS,Vision,43,1
BOSS,Vision,44,1
BOSS,Vision,45,1
BOSS,Vision,46,1
BOSS,Vision,47,1
BOSS,Vision,48,1
BOSS,Vision,49,1
BOSS,Vision,50,1
BOSS,Vision,51,1
BOSS,Vision,52,1
BOSS,Vision,53,1
BOSS,Vision,54,1
BOSS,Vision,55,1
BOSS,Vision,56,1
BOSS,Vision,57,1
BOSS,Vision,58,1
BOSS,Vision,59,1
BOSS,Vision,60,2
BOSS,Vision,61,2
BOSS,Vision,62,2
BOSS,Vision,63,2
BOSS,Vision,64,3
BOSS,Vision,65,3
BOSS,Vision,66,3
BOSS,Vision,67,3
BOSS,Vision,68,3
BOSS,Vision,69,3
BOSS,Vision,70,4
BOSS,Vision,71,4
BOSS,Vision,72,4
BOSS,Vision,73,4
BOSS,Vision,74,4
BOSS,Vision,75,6
BOSS,Vision,76,6
BOSS,Vision,77,6
BOSS,Vision,78,6
BOSS,Vision,79,6
BOSS,Vision,80,7
BOSS,Vision,81,7
BOSS,Vision,82,7
BOSS,Vision,83,7
BOSS,Vision,84,7
BOSS,Vision,85,11
BOSS,Vision,86,11
BOSS,Vision,87,11
BOSS,Vision,88,11
BOSS,Vision,89,11
BOSS,Vision,90,15
BOSS,Vision,91,15
BOSS,Vision,92,15
BOSS,Vision,93,15
BOSS,Vision,94,15
BOSS,Vision,95,18
BOSS,Vision,96,22
BOSS,Vision,97,26
BOSS,Vision,98,30
BOSS,Vision,99,33
BOSS,Crossing,40,1
BOSS,Crossing,41,1
BOSS,Crossing,42,1
BOSS,Crossing,43,1
BOSS,Crossing,44,1
BOSS,Crossing,45,1
BOSS,Crossing,46,1
BOSS,Crossing,47,1
BOSS,Crossing,48,1
BOSS,Crossing,49,1
BOSS,Crossing,50,1
BOSS,Crossing,51,1
BOSS,Crossing,52,1
BOSS,Crossing,53,1
BOSS,Crossing,54,1
BOSS,Crossing,55,1
BOSS,Crossing,56,1
BOSS,Crossing,57,1
BOSS,Crossing,58,1
BOSS,Crossing,59,1
BOSS,Crossing,60,2
BOSS,Crossing,61,2
BOSS,Crossing,62,2
BOSS,Crossing,63,2
BOSS,Crossing,64,3
BOSS,Crossing,65,3
BOSS,Crossing,66,3
BOSS,Crossing,67,3
BOSS,Crossing,68,3
BOSS,Crossing,69,3
BOSS,Crossing,70,4
BOSS,Crossing,71,4
BOSS,Crossing,72,4
BOSS,Crossing,73,4
BOSS,Crossing,74,4
BOSS,Crossing,75,6
BOSS,Crossing,76,6
BOSS,Crossing,77,6
BOSS,Crossing,78,6
BOSS,Crossing,79,6
BOSS,Crossing,80,7
BOSS,Crossing,81,7
BOSS,Crossing,82,7
BOSS,Crossing,83,7
BOSS,Crossing,84,7
BOSS,Crossing,85,11
BOSS,Crossing,86,11
BOSS,Crossing,87,11
BOSS,Crossing,88,11
BOSS,Crossing,89,11
BOSS,Crossing,90,15
BOSS,Crossing,91,15
BOSS,Crossing,92,15
BOSS,Crossing,93,15
BOSS,Crossing,94,15
BOSS,Crossing,95,18
BOSS,Crossing,96,22
BOSS,Crossing,97,26
BOSS,Crossing,98,30
BOSS,Crossing,99,33
BOSS,FKAccuracy,40,1
BOSS,FKAccuracy,41,1
BOSS,FKAccuracy,42,1
BOSS,FKAccuracy,43,1
BOSS,FKAccuracy,44,1
BOSS,FKAccuracy,45,1
BOSS,FKAccuracy,46,1
BOSS,FKAccuracy,47,1
BOSS,FKAccuracy,48,1
BOSS,FKAccuracy,49,1
BOSS,FKAccuracy,50,1
BOSS,FKAccuracy,51,1
BOSS,FKAccuracy,52,1
BOSS,FKAccuracy,53,1
BOSS,FKAccuracy,54,1
BOSS,FKAccuracy,55,1
BOSS,FKAccuracy,56,1
BOSS,FKAccuracy,57,1
BOSS,FKAccuracy,58,1
BOSS,FKAccuracy,59,1
BOSS,FKAccuracy,60,1
BOSS,FKAccuracy,61,1
BOSS,FKAccuracy,62,1
BOSS,FKAccuracy,63,1
BOSS,FKAccuracy,64,2
BOSS,FKAccuracy,65,2
BOSS,FKAccuracy,66,2
BOSS,FKAccuracy,67,2
BOSS,FKAccuracy,68,2
BOSS,FKAccuracy,69,2
BOSS,FKAccuracy,70,3
BOSS,FKAccuracy,71,3
BOSS,FKAccuracy,72,3
BOSS,FKAccuracy,73,3
BOSS,FKAccuracy,74,3
BOSS,FKAccuracy,75,4
BOSS,FKAccuracy,76,4
BOSS,FKAccuracy,77,4
BOSS,FKAccuracy,78,4
BOSS,FKAccuracy,79,4
BOSS,FKAccuracy,80,5
BOSS,FKAccuracy,81,5
BOSS,FKAccuracy,82,5
BOSS,FKAccuracy,83,5
BOSS,FKAccuracy,84,5
BOSS,FKAccuracy,85,8
BOSS,FKAccuracy,86,8
BOSS,FKAccuracy,87,8
BOSS,FKAccuracy,88,8
BOSS,FKAccuracy,89,8
BOSS,FKAccuracy,90,11
BOSS,FKAccuracy,91,11
BOSS,FKAccuracy,92,11
BOSS,FKAccuracy,93,11
BOSS,FKAccuracy,94,11
BOSS,FKAccuracy,95,13
BOSS,FKAccuracy,96,16
BOSS,FKAccuracy,97,19
BOSS,FKAccuracy,98,22
BOSS,FKAccuracy,99,24
BOSS,ShortPassing,40,2
BOSS,ShortPassing,41,2
BOSS,ShortPassing,42,2
BOSS,ShortPassing,43,2
BOSS,ShortPassing,44,2
BOSS,ShortPassing,45,2
BOSS,ShortPassing,46,2
BOSS,ShortPassing,47,2
BOSS,ShortPassing,48,2
BOSS,ShortPassing,49,2
BOSS,ShortPassing,50,2
BOSS,ShortPassing,51,2
BOSS,ShortPassing,52,2
BOSS,ShortPassing,53,2
BOSS,ShortPassing,54,2
BOSS,ShortPassing,55,2
BOSS,ShortPassing,56,2
BOSS,ShortPassing,57,2
BOSS,ShortPassing,58,2
BOSS,ShortPassing,59,2
BOSS,ShortPassing,60,3
BOSS,ShortPassing,61,3
BOSS,ShortPassing,62,3
BOSS,ShortPassing,63,3
BOSS,ShortPassing,64,4
BOSS,ShortPassing,65,4
BOSS,ShortPassing,66,4
BOSS,ShortPassing,67,5
BOSS,ShortPassing,68,5
BOSS,ShortPassing,69,5
BOSS,ShortPassing,70,6
BOSS,ShortPassing,71,6
BOSS,ShortPassing,72,6
BOSS,ShortPassing,73,6
BOSS,ShortPassing,74,6
BOSS,ShortPassing,75,8
BOSS,ShortPassing,76,8
BOSS,ShortPassing,77,8
BOSS,ShortPassing,78,8
BOSS,ShortPassing,79,8
BOSS,ShortPassing,80,10
BOSS,ShortPassing,81,10
BOSS,ShortPassing,82,10
BOSS,ShortPassing,83,10
BOSS,ShortPassing,84,10
BOSS,ShortPassing,85,15
BOSS,ShortPassing,86,15
BOSS,ShortPassing,87,15
BOSS,ShortPassing,88,15
BOSS,ShortPassing,89,15
BOSS,ShortPassing,90,20
BOSS,ShortPassing,91,20
BOSS,ShortPassing,92,20
BOSS,ShortPassing,93,20
BOSS,ShortPassing,94,20
BOSS,ShortPassing,95,25
BOSS,ShortPassing,96,30
BOSS,ShortPassing,97,35
BOSS,ShortPassing,98,40
BOSS,ShortPassing,99,45
BOSS,LongPassing,40,1
BOSS,LongPassing,41,1
BOSS,LongPassing,42,1
BOSS,LongPassing,43,1
BOSS,LongPassing,44,1
BOSS,LongPassing,45,1
BOSS,LongPassing,46,1
BOSS,LongPassing,47,1
BOSS,LongPassing,48,1
BOSS,LongPassing,49,1
BOSS,LongPassing,50,1
BOSS,LongPassing,51,1
BOSS,LongPassing,52,1
BOSS,LongPassing,53,1
BOSS,LongPassing,54,1
BOSS,LongPassing,55,1
BOSS,LongPassing,56,1
BOSS,LongPassing,57,1
BOSS,LongPassing,58,1
BOSS,LongPassing,59,1
BOSS,LongPassing,60,2
BOSS,LongPassing,61,2
BOSS,LongPassing,62,2
BOSS,LongPassing,63,2
BOSS,LongPassing,64,3
BOSS,LongPassing,65,3
BOSS,LongPassing,66,3
BOSS,LongPassing,67,3
BOSS,LongPassing,68,3
BOSS,LongPassing,69,3
BOSS,LongPassing,70,4
BOSS,LongPassing,71,4
BOSS,LongPassing,72,4
BOSS,LongPassing,73,4
BOSS,LongPassing,74,4
BOSS,LongPassing,75,6
BOSS,LongPassing,76,6
BOSS,LongPassing,77,6
BOSS,LongPassing,78,6
BOSS,LongPassing,79,6
BOSS,LongPassing,80,7
BOSS,LongPassing,81,7
BOSS,LongPassing,82,7
BOSS,LongPassing,83,7
BOSS,LongPassing,84,7
BOSS,LongPassing,85,11
BOSS,LongPassing,86,11
BOSS,LongPassing,87,11
BOSS,LongPassing,88,11
BOSS,LongPassing,89,11
BOSS,LongPassing,90,15
BOSS,LongPassing,91,15
BOSS,LongPassing,92,15
BOSS,LongPassing,93,15
BOSS,LongPassing,94,15
BOSS,LongPassing,95,18
BOSS,LongPassing,96,22
BOSS,LongPassing,97,26
BOSS,LongPassing,98,30
BOSS,LongPassing,99,33
BOSS,Curve,40,1
BOSS,Curve,41,1
BOSS,Curve,42,1
BOSS,Curve,43,1
BOSS,Curve,44,1
BOSS,Curve,45,1
BOSS,Curve,46,1
BOSS,Curve,47,1
BOSS,Curve,48,1
BOSS,Curve,49,1
BOSS,Curve,50,1
BOSS,Curve,51,1
BOSS,Curve,52,1
BOSS,Curve,53,1
BOSS,Curve,54,1
BOSS,Curve,55,1
BOSS,Curve,56,1
BOSS,Curve,57,1
BOSS,Curve,58,1
BOSS,Curve,59,1
BOSS,Curve,60,1
BOSS,Curve,61,1
BOSS,Curve,62,1
BOSS,Curve,63,1
BOSS,Curve,64,2
BOSS,Curve,65,2
BOSS,Curve,66,2
BOSS,Curve,67,2
BOSS,Curve,68,2
BOSS,Curve,69,2
BOSS,Curve,70,3
BOSS,Curve,71,3
BOSS,Curve,72,3
BOSS,Curve,73,3
BOSS,Curve,74,3
BOSS,Curve,75,4
BOSS,Curve,76,4
BOSS,Curve,77,4
BOSS,Curve,78,4
BOSS,Curve,79,4
BOSS,Curve,80,5
BOSS,Curve,81,5
BOSS,Curve,82,5
BOSS,Curve,83,5
BOSS,Curve,84,5
BOSS,Curve,85,8
BOSS,Curve,86,8
BOSS,Curve,87,8
BOSS,Curve,88,8
BOSS,Curve,89,8
BOSS,Curve,90,11
BOSS,Curve,91,11
BOSS,Curve,92,11
BOSS,Curve,93,11
BOSS,Curve,94,11
BOSS,Curve,95,13
BOSS,Curve,96,16
BOSS,Curve,97,19
BOSS,Curve,98,22
BOSS,Curve,99,24
BOSS,Agility,40,2
BOSS,Agility,41,2
BOSS,Agility,42,2
BOSS,Agility,43,2
BOSS,Agility,44,2
BOSS,Agility,45,2
BOSS,Agility,46,2
BOSS,Agility,47,2
BOSS,Agility,48,2
BOSS,Agility,49,2
BOSS,Agility,50,2
BOSS,Agility,51,2
BOSS,Agility,52,2
BOSS,Agility,53,2
BOSS,Agility,54,2
BOSS,Agility,55,2
BOSS,Agility,56,2
BOSS,Agility,57,2
BOSS,Agility,58,2
BOSS,Agility,59,2
BOSS,Agility,60,3
BOSS,Agility,61,3
BOSS,Agility,62,3
BOSS,Agility,63,3
BOSS,Agility,64,4
BOSS,Agility,65,4
BOSS,Agility,66,4
BOSS,Agility,67,5
BOSS,Agility,68,5
BOSS,Agility,69,5
BOSS,Agility,70,6
BOSS,Agility,71,6
BOSS,Agility,72,6
BOSS,Agility,73,6
BOSS,Agility,74,6
BOSS,Agility,75,8
BOSS,Agility,76,8
BOSS,Agility,77,8
BOSS,Agility,78,8
BOSS,Agility,79,8
BOSS,Agility,80,10
BOSS,Agility,81,10
BOSS,Agility,82,10
BOSS,Agility,83,10
BOSS,Agility,84,10
BOSS,Agility,85,15
BOSS,Agility,86,15
BOSS,Agility,87,15
BOSS,Agility,88,15
BOSS,Agility,89,15
BOSS,Agility,90,20
BOSS,Agility,91,20
BOSS,Agility,92,20
BOSS,Agility,93,20
BOSS,Agility,94,20
BOSS,Agility,95,25
BOSS,Agility,96,30
BOSS,Agility,97,35
BOSS,Agility,98,40
BOSS,Agility,99,45
BOSS,Balance,40,1
BOSS,Balance,41,1
BOSS,Balance,42,1
BOSS,Balance,43,1
BOSS,Balance,44,1
BOSS,Balance,45,1
BOSS,Balance,46,1
BOSS,Balance,47,1
BOSS,Balance,48,1
BOSS,Balance,49,1
BOSS,Balance,50,1
BOSS,Balance,51,1
BOSS,Balance,52,1
BOSS,Balance,53,1
BOSS,Balance,54,1
BOSS,Balance,55,1
BOSS,Balance,56,1
BOSS,Balance,57,1
BOSS,Balance,58,1
BOSS,Balance,59,1
BOSS,Balance,60,2
BOSS,Balance,61,2
BOSS,Balance,62,2
BOSS,Balance,63,2
BOSS,Balance,64,3
BOSS,Balance,65,3
BOSS,Balance,66,3
BOSS,Balance,67,3
BOSS,Balance,68,3
BOSS,Balance,69,3
BOSS,Balance,70,4
BOSS,Balance,71,4
BOSS,Balance,72,4
BOSS,Balance,73,4
BOSS,Balance,74,4
BOSS,Balance,75,6
BOSS,Balance,76,6
BOSS,Balance,77,6
BOSS,Balance,78,6
BOSS,Balance,79,6
BOSS,Balance,80,7
BOSS,Balance,81,7
BOSS,Balance,82,7
BOSS,Balance,83,7
BOSS,Balance,84,7
BOSS,Balance,85,11
BOSS,Balance,86,11
BOSS,Balance,87,11
BOSS,Balance,88,11
BOSS,Balance,89,11
BOSS,Balance,90,15
BOSS,Balance,91,15
BOSS,Balance,92,15
BOSS,Balance,93,15
BOSS,Balance,94,15
BOSS,Balance,95,18
BOSS,Balance,96,22
BOSS,Balance,97,26
BOSS,Balance,98,30
BOSS,Balance,99,33
BOSS,Reactions,40,1
BOSS,Reactions,41,1
BOSS,Reactions,42,1
BOSS,Reactions,43,1
BOSS,Reactions,44,1
BOSS,Reactions,45,1
BOSS,Reactions,46,1
BOSS,Reactions,47,1
BOSS,Reactions,48,1
BOSS,Reactions,49,1
BOSS,Reactions,50,1
BOSS,Reactions,51,1
BOSS,Reactions,52,1
BOSS,Reactions,53,1
BOSS,Reactions,54,1
BOSS,Reactions,55,1
BOSS,Reactions,56,1
BOSS,Reactions,57,1
BOSS,Reactions,58,1
BOSS,Reactions,59,1
BOSS,Reactions,60,1
BOSS,Reactions,61,1
BOSS,Reactions,62,1
BOSS,Reactions,63,1
BOSS,Reactions,64,2
BOSS,Reactions,65,2
BOSS,Reactions,66,2
BOSS,Reactions,67,2
BOSS,Reactions,68,2
BOSS,Reactions,69,2
BOSS,Reactions,70,3
BOSS,Reactions,71,3
BOSS,Reactions,72,3
BOSS,Reactions,73,3
BOSS,Reactions,74,3
BOSS,Reactions,75,4
BOSS,Reactions,76,4
BOSS,Reactions,77,4
BOSS,Reactions,78,4
BOSS,Reactions,79,4
BOSS,Reactions,80,5
BOSS,Reactions,81,5
BOSS,Reactions,82,5
BOSS,Reactions,83,5
BOSS,Reactions,84,5
BOSS,Reactions,85,8
BOSS,Reactions,86,8
BOSS,Reactions,87,8
BOSS,Reactions,88,8
BOSS,Reactions,89,8
BOSS,Reactions,90,11
BOSS,Reactions,91,11
BOSS,Reactions,92,11
BOSS,Reactions,93,11
BOSS,Reactions,94,11
BOSS,Reactions,95,13
BOSS,Reactions,96,16
BOSS,Reactions,97,19
BOSS,Reactions,98,22
BOSS,Reactions,99,24
BOSS,BallControl,40,1
BOSS,BallControl,41,1
BOSS,BallControl,42,1
BOSS,BallControl,43,1
BOSS,BallControl,44,1
BOSS,BallControl,45,1
BOSS,BallControl,46,1
BOSS,BallControl,47,1
BOSS,BallControl,48,1
BOSS,BallControl,49,1
BOSS,BallControl,50,1
BOSS,BallControl,51,1
BOSS,BallControl,52,1
BOSS,BallControl,53,1
BOSS,BallControl,54,1
BOSS,BallControl,55,1
BOSS,BallControl,56,1
BOSS,BallControl,57,1
BOSS,BallControl,58,1
BOSS,BallControl,59,1
BOSS,BallControl,60,2
BOSS,BallControl,61,2
BOSS,BallControl,62,2
BOSS,BallControl,63,2
BOSS,BallControl,64,3
BOSS,BallControl,65,3
BOSS,BallControl,66,3
BOSS,BallControl,67,3
BOSS,BallControl,68,3
BOSS,BallControl,69,3
BOSS,BallControl,70,4
BOSS,BallControl,71,4
BOSS,BallControl,72,4
BOSS,BallControl,73,4
BOSS,BallControl,74,4
BOSS,BallControl,75,6
BOSS,BallControl,76,6
BOSS,BallControl,77,6
BOSS,BallControl,78,6
BOSS,BallControl,79,6
BOSS,BallControl,80,7
BOSS,BallControl,81,7
BOSS,BallControl,82,7
BOSS,BallControl,83,7
BOSS,BallControl,84,7
BOSS,BallControl,85,11
BOSS,BallControl,86,11
BOSS,BallControl,87,11
BOSS,BallControl,88,11
BOSS,BallControl,89,11
BOSS,BallControl,90,15
BOSS,BallControl,91,15
BOSS,BallControl,92,15
BOSS,BallControl,93,15
BOSS,BallControl,94,15
BOSS,BallControl,95,18
BOSS,BallControl,96,22
BOSS,BallControl,97,26
BOSS,BallControl,98,30
BOSS,BallControl,99,33
BOSS,Dribbling,40,2
BOSS,Dribbling,41,2
BOSS,Dribbling,42,2
BOSS,Dribbling,43,2
BOSS,Dribbling,44,2
BOSS,Dribbling,45,2
BOSS,Dribbling,46,2
BOSS,Dribbling,47,2
BOSS,Dribbling,48,2
BOSS,Dribbling,49,2
BOSS,Dribbling,50,2
BOSS,Dribbling,51,2
BOSS,Dribbling,52,2
BOSS,Dribbling,53,2
BOSS,Dribbling,54,2
BOSS,Dribbling,55,2
BOSS,Dribbling,56,2
BOSS,Dribbling,57,2
BOSS,Dribbling,58,2
BOSS,Dribbling,59,2
BOSS,Dribbling,60,3
BOSS,Dribbling,61,3
BOSS,Dribbling,62,3
BOSS,Dribbling,63,3
BOSS,Dribbling,64,4
BOSS,Dribbling,65,4
BOSS,Dribbling,66,4
BOSS,Dribbling,67,5
BOSS,Dribbling,68,5
BOSS,Dribbling,69,5
BOSS,Dribbling,70,6
BOSS,Dribbling,71,6
BOSS,Dribbling,72,6
BOSS,Dribbling,73,6
BOSS,Dribbling,74,6
BOSS,Dribbling,75,8
BOSS,Dribbling,76,8
BOSS,Dribbling,77,8
BOSS,Dribbling,78,8
BOSS,Dribbling,79,8
BOSS,Dribbling,80,10
BOSS,Dribbling,81,10
BOSS,Dribbling,82,10
BOSS,Dribbling,83,10
BOSS,Dribbling,84,10
BOSS,Dribbling,85,15
BOSS,Dribbling,86,15
BOSS,Dribbling,87,15
BOSS,Dribbling,88,15
BOSS,Dribbling,89,15
BOSS,Dribbling,90,20
BOSS,Dribbling,91,20
BOSS,Dribbling,92,20
BOSS,Dribbling,93,20
BOSS,Dribbling,94,20
BOSS,Dribbling,95,25
BOSS,Dribbling,96,30
BOSS,Dribbling,97,35
BOSS,Dribbling,98,40
BOSS,Dribbling,99,45
BOSS,Composure,40,1
BOSS,Composure,41,1
BOSS,Composure,42,1
BOSS,Composure,43,1
BOSS,Composure,44,1
BOSS,Composure,45,1
BOSS,Composure,46,1
BOSS,Composure,47,1
BOSS,Composure,48,1
BOSS,Composure,49,1
BOSS,Composure,50,1
BOSS,Composure,51,1
BOSS,Composure,52,1
BOSS,Composure,53,1
BOSS,Composure,54,1
BOSS,Composure,55,1
BOSS,Composure,56,1
BOSS,Composure,57,1
BOSS,Composure,58,1
BOSS,Composure,59,1
BOSS,Composure,60,2
BOSS,Composure,61,2
BOSS,Composure,62,2
BOSS,Composure,63,2
BOSS,Composure,64,3
BOSS,Composure,65,3
BOSS,Composure,66,3
BOSS,Composure,67,3
BOSS,Composure,68,3
BOSS,Composure,69,3
BOSS,Composure,70,4
BOSS,Composure,71,4
BOSS,Composure,72,4
BOSS,Composure,73,4
BOSS,Composure,74,4
BOSS,Composure,75,6
BOSS,Composure,76,6
BOSS,Composure,77,6
BOSS,Composure,78,6
BOSS,Composure,79,6
BOSS,Composure,80,7
BOSS,Composure,81,7
BOSS,Composure,82,7
BOSS,Composure,83,7
BOSS,Composure,84,7
BOSS,Composure,85,11
BOSS,Composure,86,11
BOSS,Composure,87,11
BOSS,Composure,88,11
BOSS,Composure,89,11
BOSS,Composure,90,15
BOSS,Composure,91,15
BOSS,Composure,92,15
BOSS,Composure,93,15
BOSS,Composure,94,15
BOSS,Composure,95,18
BOSS,Composure,96,22
BOSS,Composure,97,26
BOSS,Composure,98,30
BOSS,Composure,99,33
BOSS,Interceptions,40,2
BOSS,Interceptions,41,2
BOSS,Interceptions,42,2
BOSS,Interceptions,43,2
BOSS,Interceptions,44,2
BOSS,Interceptions,45,2
BOSS,Interceptions,46,2
BOSS,Interceptions,47,2
BOSS,Interceptions,48,2
BOSS,Interceptions,49,2
BOSS,Interceptions,50,2
BOSS,Interceptions,51,2
BOSS,Interceptions,52,2
BOSS,Interceptions,53,2
BOSS,Interceptions,54,2
BOSS,Interceptions,55,2
BOSS,Interceptions,56,2
BOSS,Interceptions,57,2
BOSS,Interceptions,58,2
BOSS,Interceptions,59,2
BOSS,Interceptions,60,3
BOSS,Interceptions,61,3
BOSS,Interceptions,62,3
BOSS,Interceptions,63,3
BOSS,Interceptions,64,4
BOSS,Interceptions,65,4
BOSS,Interceptions,66,4
BOSS,Interceptions,67,5
BOSS,Interceptions,68,5
BOSS,Interceptions,69,5
BOSS,Interceptions,70,6
BOSS,Interceptions,71,6
BOSS,Interceptions,72,6
BOSS,Interceptions,73,6
BOSS,Interceptions,74,6
BOSS,Interceptions,75,8
BOSS,Interceptions,76,8
BOSS,Interceptions,77,8
BOSS,Interceptions,78,8
BOSS,Interceptions,79,8
BOSS,Interceptions,80,10
BOSS,Interceptions,81,10
BOSS,Interceptions,82,10
BOSS,Interceptions,83,10
BOSS,Interceptions,84,10
BOSS,Interceptions,85,15
BOSS,Interceptions,86,15
BOSS,Interceptions,87,15
BOSS,Interceptions,88,15
BOSS,Interceptions,89,15
BOSS,Interceptions,90,20
BOSS,Interceptions,91,20
BOSS,Interceptions,92,20
BOSS,Interceptions,93,20
BOSS,Interceptions,94,20
BOSS,Interceptions,95,25
BOSS,Interceptions,96,30
BOSS,Interceptions,97,35
BOSS,Interceptions,98,40
BOSS,Interceptions,99,45
BOSS,Heading Accuracy,40,1
BOSS,Heading Accuracy,41,1
BOSS,Heading Accuracy,42,1
BOSS,Heading Accuracy,43,1
BOSS,Heading Accuracy,44,1
BOSS,Heading Accuracy,45,1
BOSS,Heading Accuracy,46,1
BOSS,Heading Accuracy,47,1
BOSS,Heading Accuracy,48,1
BOSS,Heading Accuracy,49,1
BOSS,Heading Accuracy,50,1
BOSS,Heading Accuracy,51,1
BOSS,Heading Accuracy,52,1
BOSS,Heading Accuracy,53,1
BOSS,Heading Accuracy,54,1
BOSS,Heading Accuracy,55,1
BOSS,Heading Accuracy,56,1
BOSS,Heading Accuracy,57,1
BOSS,Heading Accuracy,58,1
BOSS,Heading Accuracy,59,1
BOSS,Heading Accuracy,60,1
BOSS,Heading Accuracy,61,1
BOSS,Heading Accuracy,62,1
BOSS,Heading Accuracy,63,1
BOSS,Heading Accuracy,64,2
BOSS,Heading Accuracy,65,2
BOSS,Heading Accuracy,66,2
BOSS,Heading Accuracy,67,2
BOSS,Heading Accuracy,68,2
BOSS,Heading Accuracy,69,2
BOSS,Heading Accuracy,70,3
BOSS,Heading Accuracy,71,3
BOSS,Heading Accuracy,72,3
BOSS,Heading Accuracy,73,3
BOSS,Heading Accuracy,74,3
BOSS,Heading Accuracy,75,4
BOSS,Heading Accuracy,76,4
BOSS,Heading Accuracy,77,4
BOSS,Heading Accuracy,78,4
BOSS,Heading Accuracy,79,4
BOSS,Heading Accuracy,80,5
BOSS,Heading Accuracy,81,5
BOSS,Heading Accuracy,82,5
BOSS,Heading Accuracy,83,5
BOSS,Heading Accuracy,84,5
BOSS,Heading Accuracy,85,8
BOSS,Heading Accuracy,86,8
BOSS,Heading Accuracy,87,8
BOSS,Heading Accuracy,88,8
BOSS,Heading Accuracy,89,8
BOSS,Heading Accuracy,90,11
BOSS,Heading Accuracy,91,11
BOSS,Heading Accuracy,92,11
BOSS,Heading Accuracy,93,11
BOSS,Heading Accuracy,94,11
BOSS,Heading Accuracy,95,13
BOSS,Heading Accuracy,96,16
BOSS,Heading Accuracy,97,19
BOSS,Heading Accuracy,98,22
BOSS,Heading Accuracy,99,24
BOSS,DefAwareness,40,1
BOSS,DefAwareness,41,1
BOSS,DefAwareness,42,1
BOSS,DefAwareness,43,1
BOSS,DefAwareness,44,1
BOSS,DefAwareness,45,1
BOSS,DefAwareness,46,1
BOSS,DefAwareness,47,1
BOSS,DefAwareness,48,1
BOSS,DefAwareness,49,1
BOSS,DefAwareness,50,1
BOSS,DefAwareness,51,1
BOSS,DefAwareness,52,1
BOSS,DefAwareness,53,1
BOSS,DefAwareness,54,1
BOSS,DefAwareness,55,1
BOSS,DefAwareness,56,1
BOSS,DefAwareness,57,1
BOSS,DefAwareness,58,1
BOSS,DefAwareness,59,1
BOSS,DefAwareness,60,2
BOSS,DefAwareness,61,2
BOSS,DefAwareness,62,2
BOSS,DefAwareness,63,2
BOSS,DefAwareness,64,3
BOSS,DefAwareness,65,3
BOSS,DefAwareness,66,3
BOSS,DefAwareness,67,3
BOSS,DefAwareness,68,3
BOSS,DefAwareness,69,3
BOSS,DefAwareness,70,4
BOSS,DefAwareness,71,4
BOSS,DefAwareness,72,4
BOSS,DefAwareness,73,4
BOSS,DefAwareness,74,4
BOSS,DefAwareness,75,6
BOSS,DefAwareness,76,6
BOSS,DefAwareness,77,6
BOSS,DefAwareness,78,6
BOSS,DefAwareness,79,6
BOSS,DefAwareness,80,7
BOSS,DefAwareness,81,7
BOSS,DefAwareness,82,7
BOSS,DefAwareness,83,7
BOSS,DefAwareness,84,7
BOSS,DefAwareness,85,11
BOSS,DefAwareness,86,11
BOSS,DefAwareness,87,11
BOSS,DefAwareness,88,11
BOSS,DefAwareness,89,11
BOSS,DefAwareness,90,15
BOSS,DefAwareness,91,15
BOSS,DefAwareness,92,15
BOSS,DefAwareness,93,15
BOSS,DefAwareness,94,15
BOSS,DefAwareness,95,18
BOSS,DefAwareness,96,22
BOSS,DefAwareness,97,26
BOSS,DefAwareness,98,30
BOSS,DefAwareness,99,33
BOSS,StandingTackle,40,2
BOSS,StandingTackle,41,2
BOSS,StandingTackle,42,2
BOSS,StandingTackle,43,2
BOSS,StandingTackle,44,2
BOSS,StandingTackle,45,2
BOSS,StandingTackle,46,2
BOSS,StandingTackle,47,2
BOSS,StandingTackle,48,2
BOSS,StandingTackle,49,2
BOSS,StandingTackle,50,2
BOSS,StandingTackle,51,2
BOSS,StandingTackle,52,2
BOSS,StandingTackle,53,2
BOSS,StandingTackle,54,2
BOSS,StandingTackle,55,2
BOSS,StandingTackle,56,2
BOSS,StandingTackle,57,2
BOSS,StandingTackle,58,2
BOSS,StandingTackle,59,2
BOSS,StandingTackle,60,3
BOSS,StandingTackle,61,3
BOSS,StandingTackle,62,3
BOSS,StandingTackle,63,3
BOSS,StandingTackle,64,4
BOSS,StandingTackle,65,4
BOSS,StandingTackle,66,4
BOSS,StandingTackle,67,5
BOSS,StandingTackle,68,5
BOSS,StandingTackle,69,5
BOSS,StandingTackle,70,6
BOSS,StandingTackle,71,6
BOSS,StandingTackle,72,6
BOSS,StandingTackle,73,6
BOSS,StandingTackle,74,6
BOSS,StandingTackle,75,8
BOSS,StandingTackle,76,8
BOSS,StandingTackle,77,8
BOSS,StandingTackle,78,8
BOSS,StandingTackle,79,8
BOSS,StandingTackle,80,10
BOSS,StandingTackle,81,10
BOSS,StandingTackle,82,10
BOSS,StandingTackle,83,10
BOSS,StandingTackle,84,10
BOSS,StandingTackle,85,15
BOSS,StandingTackle,86,15
BOSS,StandingTackle,87,15
BOSS,StandingTackle,88,15
BOSS,StandingTackle,89,15
BOSS,StandingTackle,90,20
BOSS,StandingTackle,91,20
BOSS,StandingTackle,92,20
BOSS,StandingTackle,93,20
BOSS,StandingTackle,94,20
BOSS,StandingTackle,95,25
BOSS,StandingTackle,96,30
BOSS,StandingTackle,97,35
BOSS,StandingTackle,98,40
BOSS,StandingTackle,99,45
BOSS,SlidingTackle,40,1
BOSS,SlidingTackle,41,1
BOSS,SlidingTackle,42,1
BOSS,SlidingTackle,43,1
BOSS,SlidingTackle,44,1
BOSS,SlidingTackle,45,1
BOSS,SlidingTackle,46,1
BOSS,SlidingTackle,47,1
BOSS,SlidingTackle,48,1
BOSS,SlidingTackle,49,1
BOSS,SlidingTackle,50,1
BOSS,SlidingTackle,51,1
BOSS,SlidingTackle,52,1
BOSS,SlidingTackle,53,1
BOSS,SlidingTackle,54,1
BOSS,SlidingTackle,55,1
BOSS,SlidingTackle,56,1
BOSS,SlidingTackle,57,1
BOSS,SlidingTackle,58,1
BOSS,SlidingTackle,59,1
BOSS,SlidingTackle,60,1
BOSS,SlidingTackle,61,1
BOSS,SlidingTackle,62,1
BOSS,SlidingTackle,63,1
BOSS,SlidingTackle,64,2
BOSS,SlidingTackle,65,2
BOSS,SlidingTackle,66,2
BOSS,SlidingTackle,67,2
BOSS,SlidingTackle,68,2
BOSS,SlidingTackle,69,2
BOSS,SlidingTackle,70,3
BOSS,SlidingTackle,71,3
BOSS,SlidingTackle,72,3
BOSS,SlidingTackle,73,3
BOSS,SlidingTackle,74,3
BOSS,SlidingTackle,75,4
BOSS,SlidingTackle,76,4
BOSS,SlidingTackle,77,4
BOSS,SlidingTackle,78,4
BOSS,SlidingTackle,79,4
BOSS,SlidingTackle,80,5
BOSS,SlidingTackle,81,5
BOSS,SlidingTackle,82,5
BOSS,SlidingTackle,83,5
BOSS,SlidingTackle,84,5
BOSS,SlidingTackle,85,8
BOSS,SlidingTackle,86,8
BOSS,SlidingTackle,87,8
BOSS,SlidingTackle,88,8
BOSS,SlidingTackle,89,8
BOSS,SlidingTackle,90,11
BOSS,SlidingTackle,91,11
BOSS,SlidingTackle,92,11
BOSS,SlidingTackle,93,11
BOSS,SlidingTackle,94,11
BOSS,SlidingTackle,95,13
BOSS,SlidingTackle,96,16
BOSS,SlidingTackle,97,19
BOSS,SlidingTackle,98,22
BOSS,SlidingTackle,99,24
BOSS,Jumping,40,1
BOSS,Jumping,41,1
BOSS,Jumping,42,1
BOSS,Jumping,43,1
BOSS,Jumping,44,1
BOSS,Jumping,45,1
BOSS,Jumping,46,1
BOSS,Jumping,47,1
BOSS,Jumping,48,1
BOSS,Jumping,49,1
BOSS,Jumping,50,1
BOSS,Jumping,51,1
BOSS,Jumping,52,1
BOSS,Jumping,53,1
BOSS,Jumping,54,1
BOSS,Jumping,55,1
BOSS,Jumping,56,1
BOSS,Jumping,57,1
BOSS,Jumping,58,1
BOSS,Jumping,59,1
BOSS,Jumping,60,1
BOSS,Jumping,61,1
BOSS,Jumping,62,1
BOSS,Jumping,63,1
BOSS,Jumping,64,2
BOSS,Jumping,65,2
BOSS,Jumping,66,2
BOSS,Jumping,67,2
BOSS,Jumping,68,2
BOSS,Jumping,69,2
BOSS,Jumping,70,3
BOSS,Jumping,71,3
BOSS,Jumping,72,3
BOSS,Jumping,73,3
BOSS,Jumping,74,3
BOSS,Jumping,75,4
BOSS,Jumping,76,4
BOSS,Jumping,77,4
BOSS,Jumping,78,4
BOSS,Jumping,79,4
BOSS,Jumping,80,5
BOSS,Jumping,81,5
BOSS,Jumping,82,5
BOSS,Jumping,83,5
BOSS,Jumping,84,5
BOSS,Jumping,85,8
BOSS,Jumping,86,8
BOSS,Jumping,87,8
BOSS,Jumping,88,8
BOSS,Jumping,89,8
BOSS,Jumping,90,11
BOSS,Jumping,91,11
BOSS,Jumping,92,11
BOSS,Jumping,93,11
BOSS,Jumping,94,11
BOSS,Jumping,95,13
BOSS,Jumping,96,16
BOSS,Jumping,97,19
BOSS,Jumping,98,22
BOSS,Jumping,99,24
BOSS,Stamina,40,1
BOSS,Stamina,41,1
BOSS,Stamina,42,1
BOSS,Stamina,43,1
BOSS,Stamina,44,1
BOSS,Stamina,45,1
BOSS,Stamina,46,1
BOSS,Stamina,47,1
BOSS,Stamina,48,1
BOSS,Stamina,49,1
BOSS,Stamina,50,1
BOSS,Stamina,51,1
BOSS,Stamina,52,1
BOSS,Stamina,53,1
BOSS,Stamina,54,1
BOSS,Stamina,55,1
BOSS,Stamina,56,1
BOSS,Stamina,57,1
BOSS,Stamina,58,1
BOSS,Stamina,59,1
BOSS,Stamina,60,1
BOSS,Stamina,61,1
BOSS,Stamina,62,1
BOSS,Stamina,63,1
BOSS,Stamina,64,2
BOSS,Stamina,65,2
BOSS,Stamina,66,2
BOSS,Stamina,67,2
BOSS,Stamina,68,2
BOSS,Stamina,69,2
BOSS,Stamina,70,3
BOSS,Stamina,71,3
BOSS,Stamina,72,3
BOSS,Stamina,73,3
BOSS,Stamina,74,3
BOSS,Stamina,75,4
BOSS,Stamina,76,4
BOSS,Stamina,77,4
BOSS,Stamina,78,4
BOSS,Stamina,79,4
BOSS,Stamina,80,5
BOSS,Stamina,81,5
BOSS,Stamina,82,5
BOSS,Stamina,83,5
BOSS,Stamina,84,5
BOSS,Stamina,85,8
BOSS,Stamina,86,8
BOSS,Stamina,87,8
BOSS,Stamina,88,8
BOSS,Stamina,89,8
BOSS,Stamina,90,11
BOSS,Stamina,91,11
BOSS,Stamina,92,11
BOSS,Stamina,93,11
BOSS,Stamina,94,11
BOSS,Stamina,95,13
BOSS,Stamina,96,16
BOSS,Stamina,97,19
BOSS,Stamina,98,22
BOSS,Stamina,99,24
BOSS,Strength,40,1
BOSS,Strength,41,1
BOSS,Strength,42,1
BOSS,Strength,43,1
BOSS,Strength,44,1
BOSS,Strength,45,1
BOSS,Strength,46,1
BOSS,Strength,47,1
BOSS,Strength,48,1
BOSS,Strength,49,1
BOSS,Strength,50,1
BOSS,Strength,51,1
BOSS,Strength,52,1
BOSS,Strength,53,1
BOSS,Strength,54,1
BOSS,Strength,55,1
BOSS,Strength,56,1
BOSS,Strength,57,1
BOSS,Strength,58,1
BOSS,Strength,59,1
BOSS,Strength,60,1
BOSS,Strength,61,1
BOSS,Strength,62,1
BOSS,Strength,63,1
BOSS,Strength,64,2
BOSS,Strength,65,2
BOSS,Strength,66,2
BOSS,Strength,67,2
BOSS,Strength,68,2
BOSS,Strength,69,2
BOSS,Strength,70,3
BOSS,Strength,71,3
BOSS,Strength,72,3
BOSS,Strength,73,3
BOSS,Strength,74,3
BOSS,Strength,75,4
BOSS,Strength,76,4
BOSS,Strength,77,4
BOSS,Strength,78,4
BOSS,Strength,79,4
BOSS,Strength,80,5
BOSS,Strength,81,5
BOSS,Strength,82,5
BOSS,Strength,83,5
BOSS,Strength,84,5
BOSS,Strength,85,8
BOSS,Strength,86,8
BOSS,Strength,87,8
BOSS,Strength,88,8
BOSS,Strength,89,8
BOSS,Strength,90,11
BOSS,Strength,91,11
BOSS,Strength,92,11
BOSS,Strength,93,11
BOSS,Strength,94,11
BOSS,Strength,95,13
BOSS,Strength,96,16
BOSS,Strength,97,19
BOSS,Strength,98,22
BOSS,Strength,99,24
BOSS,Aggression,40,1
BOSS,Aggression,41,1
BOSS,Aggression,42,1
BOSS,Aggression,43,1
BOSS,Aggression,44,1
BOSS,Aggression,45,1
BOSS,Aggression,46,1
BOSS,Aggression,47,1
BOSS,Aggression,48,1
BOSS,Aggression,49,1
BOSS,Aggression,50,1
BOSS,Aggression,51,1
BOSS,Aggression,52,1
BOSS,Aggression,53,1
BOSS,Aggression,54,1
BOSS,Aggression,55,1
BOSS,Aggression,56,1
BOSS,Aggression,57,1
BOSS,Aggression,58,1
BOSS,Aggression,59,1
BOSS,Aggression,60,1
BOSS,Aggression,61,1
BOSS,Aggression,62,1
BOSS,Aggression,63,1
BOSS,Aggression,64,1
BOSS,Aggression,65,1
BOSS,Aggression,66,1
BOSS,Aggression,67,2
BOSS,Aggression,68,2
BOSS,Aggression,69,2
BOSS,Aggression,70,2
BOSS,Aggression,71,2
BOSS,Aggression,72,2
BOSS,Aggression,73,2
BOSS,Aggression,74,2
BOSS,Aggression,75,3
BOSS,Aggression,76,3
BOSS,Aggression,77,3
BOSS,Aggression,78,3
BOSS,Aggression,79,3
BOSS,Aggression,80,3
BOSS,Aggression,81,3
BOSS,Aggression,82,3
BOSS,Aggression,83,3
BOSS,Aggression,84,3
BOSS,Aggression,85,6
BOSS,Aggression,86,6
BOSS,Aggression,87,6
BOSS,Aggression,88,6
BOSS,Aggression,89,6
BOSS,Aggression,90,8
BOSS,Aggression,91,8
BOSS,Aggression,92,8
BOSS,Aggression,93,8
BOSS,Aggression,94,8
BOSS,Aggression,95,9
BOSS,Aggression,96,12
BOSS,Aggression,97,14
BOSS,Aggression,98,16
BOSS,Aggression,99,18
ENGINE,Acceleration,40,2
ENGINE,Acceleration,41,2
ENGINE,Acceleration,42,2
ENGINE,Acceleration,43,2
ENGINE,Acceleration,44,2
ENGINE,Acceleration,45,2
ENGINE,Acceleration,46,2
ENGINE,Acceleration,47,2
ENGINE,Acceleration,48,2
ENGINE,Acceleration,49,2
ENGINE,Acceleration,50,2
ENGINE,Acceleration,51,2
ENGINE,Acceleration,52,2
ENGINE,Acceleration,53,2
ENGINE,Acceleration,54,2
ENGINE,Acceleration,55,2
ENGINE,Acceleration,56,2
ENGINE,Acceleration,57,2
ENGINE,Acceleration,58,2
ENGINE,Acceleration,59,2
ENGINE,Acceleration,60,3
ENGINE,Acceleration,61,3
ENGINE,Acceleration,62,3
ENGINE,Acceleration,63,3
ENGINE,Acceleration,64,4
ENGINE,Acceleration,65,4
ENGINE,Acceleration,66,4
ENGINE,Acceleration,67,5
ENGINE,Acceleration,68,5
ENGINE,Acceleration,69,5
ENGINE,Acceleration,70,6
ENGINE,Acceleration,71,6
ENGINE,Acceleration,72,6
ENGINE,Acceleration,73,6
ENGINE,Acceleration,74,6
ENGINE,Acceleration,75,8
ENGINE,Acceleration,76,8
ENGINE,Acceleration,77,8
ENGINE,Acceleration,78,8
ENGINE,Acceleration,79,8
ENGINE,Acceleration,80,10
ENGINE,Acceleration,81,10
ENGINE,Acceleration,82,10
ENGINE,Acceleration,83,10
ENGINE,Acceleration,84,10
ENGINE,Acceleration,85,15
ENGINE,Acceleration,86,15
ENGINE,Acceleration,87,15
ENGINE,Acceleration,88,15
ENGINE,Acceleration,89,15
ENGINE,Acceleration,90,20
ENGINE,Acceleration,91,20
ENGINE,Acceleration,92,20
ENGINE,Acceleration,93,20
ENGINE,Acceleration,94,20
ENGINE,Acceleration,95,25
ENGINE,Acceleration,96,30
ENGINE,Acceleration,97,35
ENGINE,Acceleration,98,40
ENGINE,Acceleration,99,45
ENGINE,SprintSpeed,40,2
ENGINE,SprintSpeed,41,2
ENGINE,SprintSpeed,42,2
ENGINE,SprintSpeed,43,2
ENGINE,SprintSpeed,44,2
ENGINE,SprintSpeed,45,2
ENGINE,SprintSpeed,46,2
ENGINE,SprintSpeed,47,2
ENGINE,SprintSpeed,48,2
ENGINE,SprintSpeed,49,2
ENGINE,SprintSpeed,50,2
ENGINE,SprintSpeed,51,2
ENGINE,SprintSpeed,52,2
ENGINE,SprintSpeed,53,2
ENGINE,SprintSpeed,54,2
ENGINE,SprintSpeed,55,2
ENGINE,SprintSpeed,56,2
ENGINE,SprintSpeed,57,2
ENGINE,SprintSpeed,58,2
ENGINE,SprintSpeed,59,2
ENGINE,SprintSpeed,60,3
ENGINE,SprintSpeed,61,3
ENGINE,SprintSpeed,62,3
ENGINE,SprintSpeed,63,3
ENGINE,SprintSpeed,64,4
ENGINE,SprintSpeed,65,4
ENGINE,SprintSpeed,66,4
ENGINE,SprintSpeed,67,5
ENGINE,SprintSpeed,68,5
ENGINE,SprintSpeed,69,5
ENGINE,SprintSpeed,70,6
ENGINE,SprintSpeed,71,6
ENGINE,SprintSpeed,72,6
ENGINE,SprintSpeed,73,6
ENGINE,SprintSpeed,74,6
ENGINE,SprintSpeed,75,8
ENGINE,SprintSpeed,76,8
ENGINE,SprintSpeed,77,8
ENGINE,SprintSpeed,78,8
ENGINE,SprintSpeed,79,8
ENGINE,SprintSpeed,80,10
ENGINE,SprintSpeed,81,10
ENGINE,SprintSpeed,82,10
ENGINE,SprintSpeed,83,10
ENGINE,SprintSpeed,84,10
ENGINE,SprintSpeed,85,15
ENGINE,SprintSpeed,86,15
ENGINE,SprintSpeed,87,15
ENGINE,SprintSpeed,88,15
ENGINE,SprintSpeed,89,15
ENGINE,SprintSpeed,90,20
ENGINE,SprintSpeed,91,20
ENGINE,SprintSpeed,92,20
ENGINE,SprintSpeed,93,20
ENGINE,SprintSpeed,94,20
ENGINE,SprintSpeed,95,25
ENGINE,SprintSpeed,96,30
ENGINE,SprintSpeed,97,35
ENGINE,SprintSpeed,98,40
ENGINE,SprintSpeed,99,45
ENGINE,AttackPositioning,40,1
ENGINE,AttackPositioning,41,1
ENGINE,AttackPositioning,42,1
ENGINE,AttackPositioning,43,1
ENGINE,AttackPositioning,44,1
ENGINE,AttackPositioning,45,1
ENGINE,AttackPositioning,46,1
ENGINE,AttackPositioning,47,1
ENGINE,AttackPositioning,48,1
ENGINE,AttackPositioning,49,1
ENGINE,AttackPositioning,50,1
ENGINE,AttackPositioning,51,1
ENGINE,AttackPositioning,52,1
ENGINE,AttackPositioning,53,1
ENGINE,AttackPositioning,54,1
ENGINE,AttackPositioning,55,1
ENGINE,AttackPositioning,56,1
ENGINE,AttackPositioning,57,1
ENGINE,AttackPositioning,58,1
ENGINE,AttackPositioning,59,1
ENGINE,AttackPositioning,60,1
ENGINE,AttackPositioning,61,1
ENGINE,AttackPositioning,62,1
ENGINE,AttackPositioning,63,1
ENGINE,AttackPositioning,64,2
ENGINE,AttackPositioning,65,2
ENGINE,AttackPositioning,66,2
ENGINE,AttackPositioning,67,2
ENGINE,AttackPositioning,68,2
ENGINE,AttackPositioning,69,2
ENGINE,AttackPositioning,70,3
ENGINE,AttackPositioning,71,3
ENGINE,AttackPositioning,72,3
ENGINE,AttackPositioning,73,3
ENGINE,AttackPositioning,74,3
ENGINE,AttackPositioning,75,4
ENGINE,AttackPositioning,76,4
ENGINE,AttackPositioning,77,4
ENGINE,AttackPositioning,78,4
ENGINE,AttackPositioning,79,4
ENGINE,AttackPositioning,80,5
ENGINE,AttackPositioning,81,5
ENGINE,AttackPositioning,82,5
ENGINE,AttackPositioning,83,5
ENGINE,AttackPositioning,84,5
ENGINE,AttackPositioning,85,8
ENGINE,AttackPositioning,86,8
ENGINE,AttackPositioning,87,8
ENGINE,AttackPositioning,88,8
ENGINE,AttackPositioning,89,8
ENGINE,AttackPositioning,90,11
ENGINE,AttackPositioning,91,11
ENGINE,AttackPositioning,92,11
ENGINE,AttackPositioning,93,11
ENGINE,AttackPositioning,94,11
ENGINE,AttackPositioning,95,13
ENGINE,AttackPositioning,96,16
ENGINE,AttackPositioning,97,19
ENGINE,AttackPositioning,98,22
ENGINE,AttackPositioning,99,24
ENGINE,Finishing,40,2
ENGINE,Finishing,41,2
ENGINE,Finishing,42,2
ENGINE,Finishing,43,2
ENGINE,Finishing,44,2
ENGINE,Finishing,45,2
ENGINE,Finishing,46,2
ENGINE,Finishing,47,2
ENGINE,Finishing,48,2
ENGINE,Finishing,49,2
ENGINE,Finishing,50,2
ENGINE,Finishing,51,2
ENGINE,Finishing,52,2
ENGINE,Finishing,53,2
ENGINE,Finishing,54,2
ENGINE,Finishing,55,2
ENGINE,Finishing,56,2
ENGINE,Finishing,57,2
ENGINE,Finishing,58,2
ENGINE,Finishing,59,2
ENGINE,Finishing,60,3
ENGINE,Finishing,61,3
ENGINE,Finishing,62,3
ENGINE,Finishing,63,3
ENGINE,Finishing,64,4
ENGINE,Finishing,65,4
ENGINE,Finishing,66,4
ENGINE,Finishing,67,5
ENGINE,Finishing,68,5
ENGINE,Finishing,69,5
ENGINE,Finishing,70,6
ENGINE,Finishing,71,6
ENGINE,Finishing,72,6
ENGINE,Finishing,73,6
ENGINE,Finishing,74,6
ENGINE,Finishing,75,8
ENGINE,Finishing,76,8
ENGINE,Finishing,77,8
ENGINE,Finishing,78,8
ENGINE,Finishing,79,8
ENGINE,Finishing,80,10
ENGINE,Finishing,81,10
ENGINE,Finishing,82,10
ENGINE,Finishing,83,10
ENGINE,Finishing,84,10
ENGINE,Finishing,85,15
ENGINE,Finishing,86,15
ENGINE,Finishing,87,15
ENGINE,Finishing,88,15
ENGINE,Finishing,89,15
ENGINE,Finishing,90,20
ENGINE,Finishing,91,20
ENGINE,Finishing,92,20
ENGINE,Finishing,93,20
ENGINE,Finishing,94,20
ENGINE,Finishing,95,25
ENGINE,Finishing,96,30
ENGINE,Finishing,97,35
ENGINE,Finishing,98,40
ENGINE,Finishing,99,45
ENGINE,ShotPower,40,1
ENGINE,ShotPower,41,1
ENGINE,ShotPower,42,1
ENGINE,ShotPower,43,1
ENGINE,ShotPower,44,1
ENGINE,ShotPower,45,1
ENGINE,ShotPower,46,1
ENGINE,ShotPower,47,1
ENGINE,ShotPower,48,1
ENGINE,ShotPower,49,1
ENGINE,ShotPower,50,1
ENGINE,ShotPower,51,1
ENGINE,ShotPower,52,1
ENGINE,ShotPower,53,1
ENGINE,ShotPower,54,1
ENGINE,ShotPower,55,1
ENGINE,ShotPower,56,1
ENGINE,ShotPower,57,1
ENGINE,ShotPower,58,1
ENGINE,ShotPower,59,1
ENGINE,ShotPower,60,2
ENGINE,ShotPower,61,2
ENGINE,ShotPower,62,2
ENGINE,ShotPower,63,2
ENGINE,ShotPower,64,3
ENGINE,ShotPower,65,3
ENGINE,ShotPower,66,3
ENGINE,ShotPower,67,3
ENGINE,ShotPower,68,3
ENGINE,ShotPower,69,3
ENGINE,ShotPower,70,4
ENGINE,ShotPower,71,4
ENGINE,ShotPower,72,4
ENGINE,ShotPower,73,4
ENGINE,ShotPower,74,4
ENGINE,ShotPower,75,6
ENGINE,ShotPower,76,6
ENGINE,ShotPower,77,6
ENGINE,ShotPower,78,6
ENGINE,ShotPower,79,6
ENGINE,ShotPower,80,7
ENGINE,ShotPower,81,7
ENGINE,ShotPower,82,7
ENGINE,ShotPower,83,7
ENGINE,ShotPower,84,7
ENGINE,ShotPower,85,11
ENGINE,ShotPower,86,11
ENGINE,ShotPower,87,11
ENGINE,ShotPower,88,11
ENGINE,ShotPower,89,11
ENGINE,ShotPower,90,15
ENGINE,ShotPower,91,15
ENGINE,ShotPower,92,15
ENGINE,ShotPower,93,15
ENGINE,ShotPower,94,15
ENGINE,ShotPower,95,18
ENGINE,ShotPower,96,22
ENGINE,ShotPower,97,26
ENGINE,ShotPower,98,30
ENGINE,ShotPower,99,33
ENGINE,LongShots,40,1
ENGINE,LongShots,41,1
ENGINE,LongShots,42,1
ENGINE,LongShots,43,1
ENGINE,LongShots,44,1
ENGINE,LongShots,45,1
ENGINE,LongShots,46,1
ENGINE,LongShots,47,1
ENGINE,LongShots,48,1
ENGINE,LongShots,49,1
ENGINE,LongShots,50,1
ENGINE,LongShots,51,1
ENGINE,LongShots,52,1
ENGINE,LongShots,53,1
ENGINE,LongShots,54,1
ENGINE,LongShots,55,1
ENGINE,LongShots,56,1
ENGINE,LongShots,57,1
ENGINE,LongShots,58,1
ENGINE,LongShots,59,1
ENGINE,LongShots,60,2
ENGINE,LongShots,61,2
ENGINE,LongShots,62,2
ENGINE,LongShots,63,2
ENGINE,LongShots,64,3
ENGINE,LongShots,65,3
ENGINE,LongShots,66,3
ENGINE,LongShots,67,3
ENGINE,LongShots,68,3
ENGINE,LongShots,69,3
ENGINE,LongShots,70,4
ENGINE,LongShots,71,4
ENGINE,LongShots,72,4
ENGINE,LongShots,73,4
ENGINE,LongShots,74,4
ENGINE,LongShots,75,6
ENGINE,LongShots,76,6
ENGINE,LongShots,77,6
ENGINE,LongShots,78,6
ENGINE,LongShots,79,6
ENGINE,LongShots,80,7
ENGINE,LongShots,81,7
ENGINE,LongShots,82,7
ENGINE,LongShots,83,7
ENGINE,LongShots,84,7
ENGINE,LongShots,85,11
ENGINE,LongShots,86,11
ENGINE,LongShots,87,11
ENGINE,LongShots,88,11
ENGINE,LongShots,89,11
ENGINE,LongShots,90,15
ENGINE,LongShots,91,15
ENGINE,LongShots,92,15
ENGINE,LongShots,93,15
ENGINE,LongShots,94,15
ENGINE,LongShots,95,18
ENGINE,LongShots,96,22
ENGINE,LongShots,97,26
ENGINE,LongShots,98,30
ENGINE,LongShots,99,33
ENGINE,Volleys,40,1
ENGINE,Volleys,41,1
ENGINE,Volleys,42,1
ENGINE,Volleys,43,1
ENGINE,Volleys,44,1
ENGINE,Volleys,45,1
ENGINE,Volleys,46,1
ENGINE,Volleys,47,1
ENGINE,Volleys,48,1
ENGINE,Volleys,49,1
ENGINE,Volleys,50,1
ENGINE,Volleys,51,1
ENGINE,Volleys,52,1
ENGINE,Volleys,53,1
ENGINE,Volleys,54,1
ENGINE,Volleys,55,1
ENGINE,Volleys,56,1
ENGINE,Volleys,57,1
ENGINE,Volleys,58,1
ENGINE,Volleys,59,1
ENGINE,Volleys,60,1
ENGINE,Volleys,61,1
ENGINE,Volleys,62,1
ENGINE,Volleys,63,1
ENGINE,Volleys,64,2
ENGINE,Volleys,65,2
ENGINE,Volleys,66,2
ENGINE,Volleys,67,2
ENGINE,Volleys,68,2
ENGINE,Volleys,69,2
ENGINE,Volleys,70,3
ENGINE,Volleys,71,3
ENGINE,Volleys,72,3
ENGINE,Volleys,73,3
ENGINE,Volleys,74,3
ENGINE,Volleys,75,4
ENGINE,Volleys,76,4
ENGINE,Volleys,77,4
ENGINE,Volleys,78,4
ENGINE,Volleys,79,4
ENGINE,Volleys,80,5
ENGINE,Volleys,81,5
ENGINE,Volleys,82,5
ENGINE,Volleys,83,5
ENGINE,Volleys,84,5
ENGINE,Volleys,85,8
ENGINE,Volleys,86,8
ENGINE,Volleys,87,8
ENGINE,Volleys,88,8
ENGINE,Volleys,89,8
ENGINE,Volleys,90,11
ENGINE,Volleys,91,11
ENGINE,Volleys,92,11
ENGINE,Volleys,93,11
ENGINE,Volleys,94,11
ENGINE,Volleys,95,13
ENGINE,Volleys,96,16
ENGINE,Volleys,97,19
ENGINE,Volleys,98,22
ENGINE,Volleys,99,24
ENGINE,Penalties,40,1
ENGINE,Penalties,41,1
ENGINE,Penalties,42,1
ENGINE,Penalties,43,1
ENGINE,Penalties,44,1
ENGINE,Penalties,45,1
ENGINE,Penalties,46,1
ENGINE,Penalties,47,1
ENGINE,Penalties,48,1
ENGINE,Penalties,49,1
ENGINE,Penalties,50,1
ENGINE,Penalties,51,1
ENGINE,Penalties,52,1
ENGINE,Penalties,53,1
ENGINE,Penalties,54,1
ENGINE,Penalties,55,1
ENGINE,Penalties,56,1
ENGINE,Penalties,57,1
ENGINE,Penalties,58,1
ENGINE,Penalties,59,1
ENGINE,Penalties,60,1
ENGINE,Penalties,61,1
ENGINE,Penalties,62,1
ENGINE,Penalties,63,1
ENGINE,Penalties,64,2
ENGINE,Penalties,65,2
ENGINE,Penalties,66,2
ENGINE,Penalties,67,2
ENGINE,Penalties,68,2
ENGINE,Penalties,69,2
ENGINE,Penalties,70,3
ENGINE,Penalties,71,3
ENGINE,Penalties,72,3
ENGINE,Penalties,73,3
ENGINE,Penalties,74,3
ENGINE,Penalties,75,4
ENGINE,Penalties,76,4
ENGINE,Penalties,77,4
ENGINE,Penalties,78,4
ENGINE,Penalties,79,4
ENGINE,Penalties,80,5
ENGINE,Penalties,81,5
ENGINE,Penalties,82,5
ENGINE,Penalties,83,5
ENGINE,Penalties,84,5
ENGINE,Penalties,85,8
ENGINE,Penalties,86,8
ENGINE,Penalties,87,8
ENGINE,Penalties,88,8
ENGINE,Penalties,89,8
ENGINE,Penalties,90,11
ENGINE,Penalties,91,11
ENGINE,Penalties,92,11
ENGINE,Penalties,93,11
ENGINE,Penalties,94,11
ENGINE,Penalties,95,13
ENGINE,Penalties,96,16
ENGINE,Penalties,97,19
ENGINE,Penalties,98,22
ENGINE,Penalties,99,24
ENGINE,Vision,40,1
ENGINE,Vision,41,1
ENGINE,Vision,42,1
ENGINE,Vision,43,1
ENGINE,Vision,44,1
ENGINE,Vision,45,1
ENGINE,Vision,46,1
ENGINE,Vision,47,1
ENGINE,Vision,48,1
ENGINE,Vision,49,1
ENGINE,Vision,50,1
ENGINE,Vision,51,1
ENGINE,Vision,52,1
ENGINE,Vision,53,1
ENGINE,Vision,54,1
ENGINE,Vision,55,1
ENGINE,Vision,56,1
ENGINE,Vision,57,1
ENGINE,Vision,58,1
ENGINE,Vision,59,1
ENGINE,Vision,60,2
ENGINE,Vision,61,2
ENGINE,Vision,62,2
ENGINE,Vision,63,2
ENGINE,Vision,64,3
ENGINE,Vision,65,3
ENGINE,Vision,66,3
ENGINE,Vision,67,3
ENGINE,Vision,68,3
ENGINE,Vision,69,3
ENGINE,Vision,70,4
ENGINE,Vision,71,4
ENGINE,Vision,72,4
ENGINE,Vision,73,4
ENGINE,Vision,74,4
ENGINE,Vision,75,6
ENGINE,Vision,76,6
ENGINE,Vision,77,6
ENGINE,Vision,78,6
ENGINE,Vision,79,6
ENGINE,Vision,80,7
ENGINE,Vision,81,7
ENGINE,Vision,82,7
ENGINE,Vision,83,7
ENGINE,Vision,84,7
ENGINE,Vision,85,11
ENGINE,Vision,86,11
ENGINE,Vision,87,11
ENGINE,Vision,88,11
ENGINE,Vision,89,11
ENGINE,Vision,90,15
ENGINE,Vision,91,15
ENGINE,Vision,92,15
ENGINE,Vision,93,15
ENGINE,Vision,94,15
ENGINE,Vision,95,18
ENGINE,Vision,96,22
ENGINE,Vision,97,26
ENGINE,Vision,98,30
ENGINE,Vision,99,33
ENGINE,Crossing,40,1
ENGINE,Crossing,41,1
ENGINE,Crossing,42,1
ENGINE,Crossing,43,1
ENGINE,Crossing,44,1
ENGINE,Crossing,45,1
ENGINE,Crossing,46,1
ENGINE,Crossing,47,1
ENGINE,Crossing,48,1
ENGINE,Crossing,49,1
ENGINE,Crossing,50,1
ENGINE,Crossing,51,1
ENGINE,Crossing,52,1
ENGINE,Crossing,53,1
ENGINE,Crossing,54,1
ENGINE,Crossing,55,1
ENGINE,Crossing,56,1
ENGINE,Crossing,57,1
ENGINE,Crossing,58,1
ENGINE,Crossing,59,1
ENGINE,Crossing,60,2
ENGINE,Crossing,61,2
ENGINE,Crossing,62,2
ENGINE,Crossing,63,2
ENGINE,Crossing,64,3
ENGINE,Crossing,65,3
ENGINE,Crossing,66,3
ENGINE,Crossing,67,3
ENGINE,Crossing,68,3
ENGINE,Crossing,69,3
ENGINE,Crossing,70,4
ENGINE,Crossing,71,4
ENGINE,Crossing,72,4
ENGINE,Crossing,73,4
ENGINE,Crossing,74,4
ENGINE,Crossing,75,6
ENGINE,Crossing,76,6
ENGINE,Crossing,77,6
ENGINE,Crossing,78,6
ENGINE,Crossing,79,6
ENGINE,Crossing,80,7
ENGINE,Crossing,81,7
ENGINE,Crossing,82,7
ENGINE,Crossing,83,7
ENGINE,Crossing,84,7
ENGINE,Crossing,85,11
ENGINE,Crossing,86,11
ENGINE,Crossing,87,11
ENGINE,Crossing,88,11
ENGINE,Crossing,89,11
ENGINE,Crossing,90,15
ENGINE,Crossing,91,15
ENGINE,Crossing,92,15
ENGINE,Crossing,93,15
ENGINE,Crossing,94,15
ENGINE,Crossing,95,18
ENGINE,Crossing,96,22
ENGINE,Crossing,97,26
ENGINE,Crossing,98,30
ENGINE,Crossing,99,33
ENGINE,FKAccuracy,40,1
ENGINE,FKAccuracy,41,1
ENGINE,FKAccuracy,42,1
ENGINE,FKAccuracy,43,1
ENGINE,FKAccuracy,44,1
ENGINE,FKAccuracy,45,1
ENGINE,FKAccuracy,46,1
ENGINE,FKAccuracy,47,1
ENGINE,FKAccuracy,48,1
ENGINE,FKAccuracy,49,1
ENGINE,FKAccuracy,50,1
ENGINE,FKAccuracy,51,1
ENGINE,FKAccuracy,52,1
ENGINE,FKAccuracy,53,1
ENGINE,FKAccuracy,54,1
ENGINE,FKAccuracy,55,1
ENGINE,FKAccuracy,56,1
ENGINE,FKAccuracy,57,1
ENGINE,FKAccuracy,58,1
ENGINE,FKAccuracy,59,1
ENGINE,FKAccuracy,60,1
ENGINE,FKAccuracy,61,1
ENGINE,FKAccuracy,62,1
ENGINE,FKAccuracy,63,1
ENGINE,FKAccuracy,64,2
ENGINE,FKAccuracy,65,2
ENGINE,FKAccuracy,66,2
ENGINE,FKAccuracy,67,2
ENGINE,FKAccuracy,68,2
ENGINE,FKAccuracy,69,2
ENGINE,FKAccuracy,70,3
ENGINE,FKAccuracy,71,3
ENGINE,FKAccuracy,72,3
ENGINE,FKAccuracy,73,3
ENGINE,FKAccuracy,74,3
ENGINE,FKAccuracy,75,4
ENGINE,FKAccuracy,76,4
ENGINE,FKAccuracy,77,4
ENGINE,FKAccuracy,78,4
ENGINE,FKAccuracy,79,4
ENGINE,FKAccuracy,80,5
ENGINE,FKAccuracy,81,5
ENGINE,FKAccuracy,82,5
ENGINE,FKAccuracy,83,5
ENGINE,FKAccuracy,84,5
ENGINE,FKAccuracy,85,8
ENGINE,FKAccuracy,86,8
ENGINE,FKAccuracy,87,8
ENGINE,FKAccuracy,88,8
ENGINE,FKAccuracy,89,8
ENGINE,FKAccuracy,90,11
ENGINE,FKAccuracy,91,11
ENGINE,FKAccuracy,92,11
ENGINE,FKAccuracy,93,11
ENGINE,FKAccuracy,94,11
ENGINE,FKAccuracy,95,13
ENGINE,FKAccuracy,96,16
ENGINE,FKAccuracy,97,19
ENGINE,FKAccuracy,98,22
ENGINE,FKAccuracy,99,24
ENGINE,ShortPassing,40,1
ENGINE,ShortPassing,41,1
ENGINE,ShortPassing,42,1
ENGINE,ShortPassing,43,1
ENGINE,ShortPassing,44,1
ENGINE,ShortPassing,45,1
ENGINE,ShortPassing,46,1
ENGINE,ShortPassing,47,1
ENGINE,ShortPassing,48,1
ENGINE,ShortPassing,49,1
ENGINE,ShortPassing,50,1
ENGINE,ShortPassing,51,1
ENGINE,ShortPassing,52,1
ENGINE,ShortPassing,53,1
ENGINE,ShortPassing,54,1
ENGINE,ShortPassing,55,1
ENGINE,ShortPassing,56,1
ENGINE,ShortPassing,57,1
ENGINE,ShortPassing,58,1
ENGINE,ShortPassing,59,1
ENGINE,ShortPassing,60,2
ENGINE,ShortPassing,61,2
ENGINE,ShortPassing,62,2
ENGINE,ShortPassing,63,2
ENGINE,ShortPassing,64,3
ENGINE,ShortPassing,65,3
ENGINE,ShortPassing,66,3
ENGINE,ShortPassing,67,3
ENGINE,ShortPassing,68,3
ENGINE,ShortPassing,69,3
ENGINE,ShortPassing,70,4
ENGINE,ShortPassing,71,4
ENGINE,ShortPassing,72,4
ENGINE,ShortPassing,73,4
ENGINE,ShortPassing,74,4
ENGINE,ShortPassing,75,6
ENGINE,ShortPassing,76,6
ENGINE,ShortPassing,77,6
ENGINE,ShortPassing,78,6
ENGINE,ShortPassing,79,6
ENGINE,ShortPassing,80,7
ENGINE,ShortPassing,81,7
ENGINE,ShortPassing,82,7
ENGINE,ShortPassing,83,7
ENGINE,ShortPassing,84,7
ENGINE,ShortPassing,85,11
ENGINE,ShortPassing,86,11
ENGINE,ShortPassing,87,11
ENGINE,ShortPassing,88,11
ENGINE,ShortPassing,89,11
ENGINE,ShortPassing,90,15
ENGINE,ShortPassing,91,15
ENGINE,ShortPassing,92,15
ENGINE,ShortPassing,93,15
ENGINE,ShortPassing,94,15
ENGINE,ShortPassing,95,18
ENGINE,ShortPassing,96,22
ENGINE,ShortPassing,97,26
ENGINE,ShortPassing,98,30
ENGINE,ShortPassing,99,33
ENGINE,LongPassing,40,1
ENGINE,LongPassing,41,1
ENGINE,LongPassing,42,1
ENGINE,LongPassing,43,1
ENGINE,LongPassing,44,1
ENGINE,LongPassing,45,1
ENGINE,LongPassing,46,1
ENGINE,LongPassing,47,1
ENGINE,LongPassing,48,1
ENGINE,LongPassing,49,1
ENGINE,LongPassing,50,1
ENGINE,LongPassing,51,1
ENGINE,LongPassing,52,1
ENGINE,LongPassing,53,1
ENGINE,LongPassing,54,1
ENGINE,LongPassing,55,1
ENGINE,LongPassing,56,1
ENGINE,LongPassing,57,1
ENGINE,LongPassing,58,1
ENGINE,LongPassing,59,1
ENGINE,LongPassing,60,2
ENGINE,LongPassing,61,2
ENGINE,LongPassing,62,2
ENGINE,LongPassing,63,2
ENGINE,LongPassing,64,3
ENGINE,LongPassing,65,3
ENGINE,LongPassing,66,3
ENGINE,LongPassing,67,3
ENGINE,LongPassing,68,3
ENGINE,LongPassing,69,3
ENGINE,LongPassing,70,4
ENGINE,LongPassing,71,4
ENGINE,LongPassing,72,4
ENGINE,LongPassing,73,4
ENGINE,LongPassing,74,4
ENGINE,LongPassing,75,6
ENGINE,LongPassing,76,6
ENGINE,LongPassing,77,6
ENGINE,LongPassing,78,6
ENGINE,LongPassing,79,6
ENGINE,LongPassing,80,7
ENGINE,LongPassing,81,7
ENGINE,LongPassing,82,7
ENGINE,LongPassing,83,7
ENGINE,LongPassing,84,7
ENGINE,LongPassing,85,11
ENGINE,LongPassing,86,11
ENGINE,LongPassing,87,11
ENGINE,LongPassing,88,11
ENGINE,LongPassing,89,11
ENGINE,LongPassing,90,15
ENGINE,LongPassing,91,15
ENGINE,LongPassing,92,15
ENGINE,LongPassing,93,15
ENGINE,LongPassing,94,15
ENGINE,LongPassing,95,18
ENGINE,LongPassing,96,22
ENGINE,LongPassing,97,26
ENGINE,LongPassing,98,30
ENGINE,LongPassing,99,33
ENGINE,Curve,40,1
ENGINE,Curve,41,1
ENGINE,Curve,42,1
ENGINE,Curve,43,1
ENGINE,Curve,44,1
ENGINE,Curve,45,1
ENGINE,Curve,46,1
ENGINE,Curve,47,1
ENGINE,Curve,48,1
ENGINE,Curve,49,1
ENGINE,Curve,50,1
ENGINE,Curve,51,1
ENGINE,Curve,52,1
ENGINE,Curve,53,1
ENGINE,Curve,54,1
ENGINE,Curve,55,1
ENGINE,Curve,56,1
ENGINE,Curve,57,1
ENGINE,Curve,58,1
ENGINE,Curve,59,1
ENGINE,Curve,60,1
ENGINE,Curve,61,1
ENGINE,Curve,62,1
ENGINE,Curve,63,1
ENGINE,Curve,64,2
ENGINE,Curve,65,2
ENGINE,Curve,66,2
ENGINE,Curve,67,2
ENGINE,Curve,68,2
ENGINE,Curve,69,2
ENGINE,Curve,70,3
ENGINE,Curve,71,3
ENGINE,Curve,72,3
ENGINE,Curve,73,3
ENGINE,Curve,74,3
ENGINE,Curve,75,4
ENGINE,Curve,76,4
ENGINE,Curve,77,4
ENGINE,Curve,78,4
ENGINE,Curve,79,4
ENGINE,Curve,80,5
ENGINE,Curve,81,5
ENGINE,Curve,82,5
ENGINE,Curve,83,5
ENGINE,Curve,84,5
ENGINE,Curve,85,8
ENGINE,Curve,86,8
ENGINE,Curve,87,8
ENGINE,Curve,88,8
ENGINE,Curve,89,8
ENGINE,Curve,90,11
ENGINE,Curve,91,11
ENGINE,Curve,92,11
ENGINE,Curve,93,11
ENGINE,Curve,94,11
ENGINE,Curve,95,13
ENGINE,Curve,96,16
ENGINE,Curve,97,19
ENGINE,Curve,98,22
ENGINE,Curve,99,24
ENGINE,Agility,40,2
ENGINE,Agility,41,2
ENGINE,Agility,42,2
ENGINE,Agility,43,2
ENGINE,Agility,44,2
ENGINE,Agility,45,2
ENGINE,Agility,46,2
ENGINE,Agility,47,2
ENGINE,Agility,48,2
ENGINE,Agility,49,2
ENGINE,Agility,50,2
ENGINE,Agility,51,2
ENGINE,Agility,52,2
ENGINE,Agility,53,2
ENGINE,Agility,54,2
ENGINE,Agility,55,2
ENGINE,Agility,56,2
ENGINE,Agility,57,2
ENGINE,Agility,58,2
ENGINE,Agility,59,2
ENGINE,Agility,60,3
ENGINE,Agility,61,3
ENGINE,Agility,62,3
ENGINE,Agility,63,3
ENGINE,Agility,64,4
ENGINE,Agility,65,4
ENGINE,Agility,66,4
ENGINE,Agility,67,5
ENGINE,Agility,68,5
ENGINE,Agility,69,5
ENGINE,Agility,70,6
ENGINE,Agility,71,6
ENGINE,Agility,72,6
ENGINE,Agility,73,6
ENGINE,Agility,74,6
ENGINE,Agility,75,8
ENGINE,Agility,76,8
ENGINE,Agility,77,8
ENGINE,Agility,78,8
ENGINE,Agility,79,8
ENGINE,Agility,80,10
ENGINE,Agility,81,10
ENGINE,Agility,82,10
ENGINE,Agility,83,10
ENGINE,Agility,84,10
ENGINE,Agility,85,15
ENGINE,Agility,86,15
ENGINE,Agility,87,15
ENGINE,Agility,88,15
ENGINE,Agility,89,15
ENGINE,Agility,90,20
ENGINE,Agility,91,20
ENGINE,Agility,92,20
ENGINE,Agility,93,20
ENGINE,Agility,94,20
ENGINE,Agility,95,25
ENGINE,Agility,96,30
ENGINE,Agility,97,35
ENGINE,Agility,98,40
ENGINE,Agility,99,45
ENGINE,Balance,40,1
ENGINE,Balance,41,1
ENGINE,Balance,42,1
ENGINE,Balance,43,1
ENGINE,Balance,44,1
ENGINE,Balance,45,1
ENGINE,Balance,46,1
ENGINE,Balance,47,1
ENGINE,Balance,48,1
ENGINE,Balance,49,1
ENGINE,Balance,50,1
ENGINE,Balance,51,1
ENGINE,Balance,52,1
ENGINE,Balance,53,1
ENGINE,Balance,54,1
ENGINE,Balance,55,1
ENGINE,Balance,56,1
ENGINE,Balance,57,1
ENGINE,Balance,58,1
ENGINE,Balance,59,1
ENGINE,Balance,60,2
ENGINE,Balance,61,2
ENGINE,Balance,62,2
ENGINE,Balance,63,2
ENGINE,Balance,64,3
ENGINE,Balance,65,3
ENGINE,Balance,66,3
ENGINE,Balance,67,3
ENGINE,Balance,68,3
ENGINE,Balance,69,3
ENGINE,Balance,70,4
ENGINE,Balance,71,4
ENGINE,Balance,72,4
ENGINE,Balance,73,4
ENGINE,Balance,74,4
ENGINE,Balance,75,6
ENGINE,Balance,76,6
ENGINE,Balance,77,6
ENGINE,Balance,78,6
ENGINE,Balance,79,6
ENGINE,Balance,80,7
ENGINE,Balance,81,7
ENGINE,Balance,82,7
ENGINE,Balance,83,7
ENGINE,Balance,84,7
ENGINE,Balance,85,11
ENGINE,Balance,86,11
ENGINE,Balance,87,11
ENGINE,Balance,88,11
ENGINE,Balance,89,11
ENGINE,Balance,90,15
ENGINE,Balance,91,15
ENGINE,Balance,92,15
ENGINE,Balance,93,15
ENGINE,Balance,94,15
ENGINE,Balance,95,18
ENGINE,Balance,96,22
ENGINE,Balance,97,26
ENGINE,Balance,98,30
ENGINE,Balance,99,33
ENGINE,Reactions,40,1
ENGINE,Reactions,41,1
ENGINE,Reactions,42,1
ENGINE,Reactions,43,1
ENGINE,Reactions,44,1
ENGINE,Reactions,45,1
ENGINE,Reactions,46,1
ENGINE,Reactions,47,1
ENGINE,Reactions,48,1
ENGINE,Reactions,49,1
ENGINE,Reactions,50,1
ENGINE,Reactions,51,1
ENGINE,Reactions,52,1
ENGINE,Reactions,53,1
ENGINE,Reactions,54,1
ENGINE,Reactions,55,1
ENGINE,Reactions,56,1
ENGINE,Reactions,57,1
ENGINE,Reactions,58,1
ENGINE,Reactions,59,1
ENGINE,Reactions,60,1
ENGINE,Reactions,61,1
ENGINE,Reactions,62,1
ENGINE,Reactions,63,1
ENGINE,Reactions,64,2
ENGINE,Reactions,65,2
ENGINE,Reactions,66,2
ENGINE,Reactions,67,2
ENGINE,Reactions,68,2
ENGINE,Reactions,69,2
ENGINE,Reactions,70,3
ENGINE,Reactions,71,3
ENGINE,Reactions,72,3
ENGINE,Reactions,73,3
ENGINE,Reactions,74,3
ENGINE,Reactions,75,4
ENGINE,Reactions,76,4
ENGINE,Reactions,77,4
ENGINE,Reactions,78,4
ENGINE,Reactions,79,4
ENGINE,Reactions,80,5
ENGINE,Reactions,81,5
ENGINE,Reactions,82,5
ENGINE,Reactions,83,5
ENGINE,Reactions,84,5
ENGINE,Reactions,85,8
ENGINE,Reactions,86,8
ENGINE,Reactions,87,8
ENGINE,Reactions,88,8
ENGINE,Reactions,89,8
ENGINE,Reactions,90,11
ENGINE,Reactions,91,11
ENGINE,Reactions,92,11
ENGINE,Reactions,93,11
ENGINE,Reactions,94,11
ENGINE,Reactions,95,13
ENGINE,Reactions,96,16
ENGINE,Reactions,97,19
ENGINE,Reactions,98,22
ENGINE,Reactions,99,24
ENGINE,BallControl,40,1
ENGINE,BallControl,41,1
ENGINE,BallControl,42,1
ENGINE,BallControl,43,1
ENGINE,BallControl,44,1
ENGINE,BallControl,45,1
ENGINE,BallControl,46,1
ENGINE,BallControl,47,1
ENGINE,BallControl,48,1
ENGINE,BallControl,49,1
ENGINE,BallControl,50,1
ENGINE,BallControl,51,1
ENGINE,BallControl,52,1
ENGINE,BallControl,53,1
ENGINE,BallControl,54,1
ENGINE,BallControl,55,1
ENGINE,BallControl,56,1
ENGINE,BallControl,57,1
ENGINE,BallControl,58,1
ENGINE,BallControl,59,1
ENGINE,BallControl,60,2
ENGINE,BallControl,61,2
ENGINE,BallControl,62,2
ENGINE,BallControl,63,2
ENGINE,BallControl,64,3
ENGINE,BallControl,65,3
ENGINE,BallControl,66,3
ENGINE,BallControl,67,3
ENGINE,BallControl,68,3
ENGINE,BallControl,69,3
ENGINE,BallControl,70,4
ENGINE,BallControl,71,4
ENGINE,BallControl,72,4
ENGINE,BallControl,73,4
ENGINE,BallControl,74,4
ENGINE,BallControl,75,6
ENGINE,BallControl,76,6
ENGINE,BallControl,77,6
ENGINE,BallControl,78,6
ENGINE,BallControl,79,6
ENGINE,BallControl,80,7
ENGINE,BallControl,81,7
ENGINE,BallControl,82,7
ENGINE,BallControl,83,7
ENGINE,BallControl,84,7
ENGINE,BallControl,85,11
ENGINE,BallControl,86,11
ENGINE,BallControl,87,11
ENGINE,BallControl,88,11
ENGINE,BallControl,89,11
ENGINE,BallControl,90,15
ENGINE,BallControl,91,15
ENGINE,BallControl,92,15
ENGINE,BallControl,93,15
ENGINE,BallControl,94,15
ENGINE,BallControl,95,18
ENGINE,BallControl,96,22
ENGINE,BallControl,97,26
ENGINE,BallControl,98,30
ENGINE,BallControl,99,33
ENGINE,Dribbling,40,2
ENGINE,Dribbling,41,2
ENGINE,Dribbling,42,2
ENGINE,Dribbling,43,2
ENGINE,Dribbling,44,2
ENGINE,Dribbling,45,2
ENGINE,Dribbling,46,2
ENGINE,Dribbling,47,2
ENGINE,Dribbling,48,2
ENGINE,Dribbling,49,2
ENGINE,Dribbling,50,2
ENGINE,Dribbling,51,2
ENGINE,Dribbling,52,2
ENGINE,Dribbling,53,2
ENGINE,Dribbling,54,2
ENGINE,Dribbling,55,2
ENGINE,Dribbling,56,2
ENGINE,Dribbling,57,2
ENGINE,Dribbling,58,2
ENGINE,Dribbling,59,2
ENGINE,Dribbling,60,3
ENGINE,Dribbling,61,3
ENGINE,Dribbling,62,3
ENGINE,Dribbling,63,3
ENGINE,Dribbling,64,4
ENGINE,Dribbling,65,4
ENGINE,Dribbling,66,4
ENGINE,Dribbling,67,5
ENGINE,Dribbling,68,5
ENGINE,Dribbling,69,5
ENGINE,Dribbling,70,6
ENGINE,Dribbling,71,6
ENGINE,Dribbling,72,6
ENGINE,Dribbling,73,6
ENGINE,Dribbling,74,6
ENGINE,Dribbling,75,8
ENGINE,Dribbling,76,8
ENGINE,Dribbling,77,8
ENGINE,Dribbling,78,8
ENGINE,Dribbling,79,8
ENGINE,Dribbling,80,10
ENGINE,Dribbling,81,10
ENGINE,Dribbling,82,10
ENGINE,Dribbling,83,10
ENGINE,Dribbling,84,10
ENGINE,Dribbling,85,15
ENGINE,Dribbling,86,15
ENGINE,Dribbling,87,15
ENGINE,Dribbling,88,15
ENGINE,Dribbling,89,15
ENGINE,Dribbling,90,20
ENGINE,Dribbling,91,20
ENGINE,Dribbling,92,20
ENGINE,Dribbling,93,20
ENGINE,Dribbling,94,20
ENGINE,Dribbling,95,25
ENGINE,Dribbling,96,30
ENGINE,Dribbling,97,35
ENGINE,Dribbling,98,40
ENGINE,Dribbling,99,45
ENGINE,Composure,40,1
ENGINE,Composure,41,1
ENGINE,Composure,42,1
ENGINE,Composure,43,1
ENGINE,Composure,44,1
ENGINE,Composure,45,1
ENGINE,Composure,46,1
ENGINE,Composure,47,1
ENGINE,Composure,48,1
ENGINE,Composure,49,1
ENGINE,Composure,50,1
ENGINE,Composure,51,1
ENGINE,Composure,52,1
ENGINE,Composure,53,1
ENGINE,Composure,54,1
ENGINE,Composure,55,1
ENGINE,Composure,56,1
ENGINE,Composure,57,1
ENGINE,Composure,58,1
ENGINE,Composure,59,1
ENGINE,Composure,60,2
ENGINE,Composure,61,2
ENGINE,Composure,62,2
ENGINE,Composure,63,2
ENGINE,Composure,64,3
ENGINE,Composure,65,3
ENGINE,Composure,66,3
ENGINE,Composure,67,3
ENGINE,Composure,68,3
ENGINE,Composure,69,3
ENGINE,Composure,70,4
ENGINE,Composure,71,4
ENGINE,Composure,72,4
ENGINE,Composure,73,4
ENGINE,Composure,74,4
ENGINE,Composure,75,6
ENGINE,Composure,76,6
ENGINE,Composure,77,6
ENGINE,Composure,78,6
ENGINE,Composure,79,6
ENGINE,Composure,80,7
ENGINE,Composure,81,7
ENGINE,Composure,82,7
ENGINE,Composure,83,7
ENGINE,Composure,84,7
ENGINE,Composure,85,11
ENGINE,Composure,86,11
ENGINE,Composure,87,11
ENGINE,Composure,88,11
ENGINE,Composure,89,11
ENGINE,Composure,90,15
ENGINE,Composure,91,15
ENGINE,Composure,92,15
ENGINE,Composure,93,15
ENGINE,Composure,94,15
ENGINE,Composure,95,18
ENGINE,Composure,96,22
ENGINE,Composure,97,26
ENGINE,Composure,98,30
ENGINE,Composure,99,33
ENGINE,Interceptions,40,1
ENGINE,Interceptions,41,1
ENGINE,Interceptions,42,1
ENGINE,Interceptions,43,1
ENGINE,Interceptions,44,1
ENGINE,Interceptions,45,1
ENGINE,Interceptions,46,1
ENGINE,Interceptions,47,1
ENGINE,Interceptions,48,1
ENGINE,Interceptions,49,1
ENGINE,Interceptions,50,1
ENGINE,Interceptions,51,1
ENGINE,Interceptions,52,1
ENGINE,Interceptions,53,1
ENGINE,Interceptions,54,1
ENGINE,Interceptions,55,1
ENGINE,Interceptions,56,1
ENGINE,Interceptions,57,1
ENGINE,Interceptions,58,1
ENGINE,Interceptions,59,1
ENGINE,Interceptions,60,2
ENGINE,Interceptions,61,2
ENGINE,Interceptions,62,2
ENGINE,Interceptions,63,2
ENGINE,Interceptions,64,3
ENGINE,Interceptions,65,3
ENGINE,Interceptions,66,3
ENGINE,Interceptions,67,3
ENGINE,Interceptions,68,3
ENGINE,Interceptions,69,3
ENGINE,Interceptions,70,4
ENGINE,Interceptions,71,4
ENGINE,Interceptions,72,4
ENGINE,Interceptions,73,4
ENGINE,Interceptions,74,4
ENGINE,Interceptions,75,6
ENGINE,Interceptions,76,6
ENGINE,Interceptions,77,6
ENGINE,Interceptions,78,6
ENGINE,Interceptions,79,6
ENGINE,Interceptions,80,7
ENGINE,Interceptions,81,7
ENGINE,Interceptions,82,7
ENGINE,Interceptions,83,7
ENGINE,Interceptions,84,7
ENGINE,Interceptions,85,11
ENGINE,Interceptions,86,11
ENGINE,Interceptions,87,11
ENGINE,Interceptions,88,11
ENGINE,Interceptions,89,11
ENGINE,Interceptions,90,15
ENGINE,Interceptions,91,15
ENGINE,Interceptions,92,15
ENGINE,Interceptions,93,15
ENGINE,Interceptions,94,15
ENGINE,Interceptions,95,18
ENGINE,Interceptions,96,22
ENGINE,Interceptions,97,26
ENGINE,Interceptions,98,30
ENGINE,Interceptions,99,33
ENGINE,Heading Accuracy,40,1
ENGINE,Heading Accuracy,41,1
ENGINE,Heading Accuracy,42,1
ENGINE,Heading Accuracy,43,1
ENGINE,Heading Accuracy,44,1
ENGINE,Heading Accuracy,45,1
ENGINE,Heading Accuracy,46,1
ENGINE,Heading Accuracy,47,1
ENGINE,Heading Accuracy,48,1
ENGINE,Heading Accuracy,49,1
ENGINE,Heading Accuracy,50,1
ENGINE,Heading Accuracy,51,1
ENGINE,Heading Accuracy,52,1
ENGINE,Heading Accuracy,53,1
ENGINE,Heading Accuracy,54,1
ENGINE,Heading Accuracy,55,1
ENGINE,Heading Accuracy,56,1
ENGINE,Heading Accuracy,57,1
ENGINE,Heading Accuracy,58,1
ENGINE,Heading Accuracy,59,1
ENGINE,Heading Accuracy,60,2
ENGINE,Heading Accuracy,61,2
ENGINE,Heading Accuracy,62,2
ENGINE,Heading Accuracy,63,2
ENGINE,Heading Accuracy,64,3
ENGINE,Heading Accuracy,65,3
ENGINE,Heading Accuracy,66,3
ENGINE,Heading Accuracy,67,3
ENGINE,Heading Accuracy,68,3
ENGINE,Heading Accuracy,69,3
ENGINE,Heading Accuracy,70,4
ENGINE,Heading Accuracy,71,4
ENGINE,Heading Accuracy,72,4
ENGINE,Heading Accuracy,73,4
ENGINE,Heading Accuracy,74,4
ENGINE,Heading Accuracy,75,6
ENGINE,Heading Accuracy,76,6
ENGINE,Heading Accuracy,77,6
ENGINE,Heading Accuracy,78,6
ENGINE,Heading Accuracy,79,6
ENGINE,Heading Accuracy,80,7
ENGINE,Heading Accuracy,81,7
ENGINE,Heading Accuracy,82,7
ENGINE,Heading Accuracy,83,7
ENGINE,Heading Accuracy,84,7
ENGINE,Heading Accuracy,85,11
ENGINE,Heading Accuracy,86,11
ENGINE,Heading Accuracy,87,11
ENGINE,Heading Accuracy,88,11
ENGINE,Heading Accuracy,89,11
ENGINE,Heading Accuracy,90,15
ENGINE,Heading Accuracy,91,15
ENGINE,Heading Accuracy,92,15
ENGINE,Heading Accuracy,93,15
ENGINE,Heading Accuracy,94,15
ENGINE,Heading Accuracy,95,18
ENGINE,Heading Accuracy,96,22
ENGINE,Heading Accuracy,97,26
ENGINE,Heading Accuracy,98,30
ENGINE,Heading Accuracy,99,33
ENGINE,DefAwareness,40,1
ENGINE,DefAwareness,41,1
ENGINE,DefAwareness,42,1
ENGINE,DefAwareness,43,1
ENGINE,DefAwareness,44,1
ENGINE,DefAwareness,45,1
ENGINE,DefAwareness,46,1
ENGINE,DefAwareness,47,1
ENGINE,DefAwareness,48,1
ENGINE,DefAwareness,49,1
ENGINE,DefAwareness,50,1
ENGINE,DefAwareness,51,1
ENGINE,DefAwareness,52,1
ENGINE,DefAwareness,53,1
ENGINE,DefAwareness,54,1
ENGINE,DefAwareness,55,1
ENGINE,DefAwareness,56,1
ENGINE,DefAwareness,57,1
ENGINE,DefAwareness,58,1
ENGINE,DefAwareness,59,1
ENGINE,DefAwareness,60,2
ENGINE,DefAwareness,61,2
ENGINE,DefAwareness,62,2
ENGINE,DefAwareness,63,2
ENGINE,DefAwareness,64,3
ENGINE,DefAwareness,65,3
ENGINE,DefAwareness,66,3
ENGINE,DefAwareness,67,3
ENGINE,DefAwareness,68,3
ENGINE,DefAwareness,69,3
ENGINE,DefAwareness,70,4
ENGINE,DefAwareness,71,4
ENGINE,DefAwareness,72,4
ENGINE,DefAwareness,73,4
ENGINE,DefAwareness,74,4
ENGINE,DefAwareness,75,6
ENGINE,DefAwareness,76,6
ENGINE,DefAwareness,77,6
ENGINE,DefAwareness,78,6
ENGINE,DefAwareness,79,6
ENGINE,DefAwareness,80,7
ENGINE,DefAwareness,81,7
ENGINE,DefAwareness,82,7
ENGINE,DefAwareness,83,7
ENGINE,DefAwareness,84,7
ENGINE,DefAwareness,85,11
ENGINE,DefAwareness,86,11
ENGINE,DefAwareness,87,11
ENGINE,DefAwareness,88,11
ENGINE,DefAwareness,89,11
ENGINE,DefAwareness,90,15
ENGINE,DefAwareness,91,15
ENGINE,DefAwareness,92,15
ENGINE,DefAwareness,93,15
ENGINE,DefAwareness,94,15
ENGINE,DefAwareness,95,18
ENGINE,DefAwareness,96,22
ENGINE,DefAwareness,97,26
ENGINE,DefAwareness,98,30
ENGINE,DefAwareness,99,33
ENGINE,StandingTackle,40,1
ENGINE,StandingTackle,41,1
ENGINE,StandingTackle,42,1
ENGINE,StandingTackle,43,1
ENGINE,StandingTackle,44,1
ENGINE,StandingTackle,45,1
ENGINE,StandingTackle,46,1
ENGINE,StandingTackle,47,1
ENGINE,StandingTackle,48,1
ENGINE,StandingTackle,49,1
ENGINE,StandingTackle,50,1
ENGINE,StandingTackle,51,1
ENGINE,StandingTackle,52,1
ENGINE,StandingTackle,53,1
ENGINE,StandingTackle,54,1
ENGINE,StandingTackle,55,1
ENGINE,StandingTackle,56,1
ENGINE,StandingTackle,57,1
ENGINE,StandingTackle,58,1
ENGINE,StandingTackle,59,1
ENGINE,StandingTackle,60,2
ENGINE,StandingTackle,61,2
ENGINE,StandingTackle,62,2
ENGINE,StandingTackle,63,2
ENGINE,StandingTackle,64,3
ENGINE,StandingTackle,65,3
ENGINE,StandingTackle,66,3
ENGINE,StandingTackle,67,3
ENGINE,StandingTackle,68,3
ENGINE,StandingTackle,69,3
ENGINE,StandingTackle,70,4
ENGINE,StandingTackle,71,4
ENGINE,StandingTackle,72,4
ENGINE,StandingTackle,73,4
ENGINE,StandingTackle,74,4
ENGINE,StandingTackle,75,6
ENGINE,StandingTackle,76,6
ENGINE,StandingTackle,77,6
ENGINE,StandingTackle,78,6
ENGINE,StandingTackle,79,6
ENGINE,StandingTackle,80,7
ENGINE,StandingTackle,81,7
ENGINE,StandingTackle,82,7
ENGINE,StandingTackle,83,7
ENGINE,StandingTackle,84,7
ENGINE,StandingTackle,85,11
ENGINE,StandingTackle,86,11
ENGINE,StandingTackle,87,11
ENGINE,StandingTackle,88,11
ENGINE,StandingTackle,89,11
ENGINE,StandingTackle,90,15
ENGINE,StandingTackle,91,15
ENGINE,StandingTackle,92,15
ENGINE,StandingTackle,93,15
ENGINE,StandingTackle,94,15
ENGINE,StandingTackle,95,18
ENGINE,StandingTackle,96,22
ENGINE,StandingTackle,97,26
ENGINE,StandingTackle,98,30
ENGINE,StandingTackle,99,33
ENGINE,SlidingTackle,40,1
ENGINE,SlidingTackle,41,1
ENGINE,SlidingTackle,42,1
ENGINE,SlidingTackle,43,1
ENGINE,SlidingTackle,44,1
ENGINE,SlidingTackle,45,1
ENGINE,SlidingTackle,46,1
ENGINE,SlidingTackle,47,1
ENGINE,SlidingTackle,48,1
ENGINE,SlidingTackle,49,1
ENGINE,SlidingTackle,50,1
ENGINE,SlidingTackle,51,1
ENGINE,SlidingTackle,52,1
ENGINE,SlidingTackle,53,1
ENGINE,SlidingTackle,54,1
ENGINE,SlidingTackle,55,1
ENGINE,SlidingTackle,56,1
ENGINE,SlidingTackle,57,1
ENGINE,SlidingTackle,58,1
ENGINE,SlidingTackle,59,1
ENGINE,SlidingTackle,60,2
ENGINE,SlidingTackle,61,2
ENGINE,SlidingTackle,62,2
ENGINE,SlidingTackle,63,2
ENGINE,SlidingTackle,64,3
ENGINE,SlidingTackle,65,3
ENGINE,SlidingTackle,66,3
ENGINE,SlidingTackle,67,3
ENGINE,SlidingTackle,68,3
ENGINE,SlidingTackle,69,3
ENGINE,SlidingTackle,70,4
ENGINE,SlidingTackle,71,4
ENGINE,SlidingTackle,72,4
ENGINE,SlidingTackle,73,4
ENGINE,SlidingTackle,74,4
ENGINE,SlidingTackle,75,6
ENGINE,SlidingTackle,76,6
ENGINE,SlidingTackle,77,6
ENGINE,SlidingTackle,78,6
ENGINE,SlidingTackle,79,6
ENGINE,SlidingTackle,80,7
ENGINE,SlidingTackle,81,7
ENGINE,SlidingTackle,82,7
ENGINE,SlidingTackle,83,7
ENGINE,SlidingTackle,84,7
ENGINE,SlidingTackle,85,11
ENGINE,SlidingTackle,86,11
ENGINE,SlidingTackle,87,11
ENGINE,SlidingTackle,88,11
ENGINE,SlidingTackle,89,11
ENGINE,SlidingTackle,90,15
ENGINE,SlidingTackle,91,15
ENGINE,SlidingTackle,92,15
ENGINE,SlidingTackle,93,15
ENGINE,SlidingTackle,94,15
ENGINE,SlidingTackle,95,18
ENGINE,SlidingTackle,96,22
ENGINE,SlidingTackle,97,26
ENGINE,SlidingTackle,98,30
ENGINE,SlidingTackle,99,33
ENGINE,Jumping,40,1
ENGINE,Jumping,41,1
ENGINE,Jumping,42,1
ENGINE,Jumping,43,1
ENGINE,Jumping,44,1
ENGINE,Jumping,45,1
ENGINE,Jumping,46,1
ENGINE,Jumping,47,1
ENGINE,Jumping,48,1
ENGINE,Jumping,49,1
ENGINE,Jumping,50,1
ENGINE,Jumping,51,1
ENGINE,Jumping,52,1
ENGINE,Jumping,53,1
ENGINE,Jumping,54,1
ENGINE,Jumping,55,1
ENGINE,Jumping,56,1
ENGINE,Jumping,57,1
ENGINE,Jumping,58,1
ENGINE,Jumping,59,1
ENGINE,Jumping,60,1
ENGINE,Jumping,61,1
ENGINE,Jumping,62,1
ENGINE,Jumping,63,1
ENGINE,Jumping,64,2
ENGINE,Jumping,65,2
ENGINE,Jumping,66,2
ENGINE,Jumping,67,2
ENGINE,Jumping,68,2
ENGINE,Jumping,69,2
ENGINE,Jumping,70,3
ENGINE,Jumping,71,3
ENGINE,Jumping,72,3
ENGINE,Jumping,73,3
ENGINE,Jumping,74,3
ENGINE,Jumping,75,4
ENGINE,Jumping,76,4
ENGINE,Jumping,77,4
ENGINE,Jumping,78,4
ENGINE,Jumping,79,4
ENGINE,Jumping,80,5
ENGINE,Jumping,81,5
ENGINE,Jumping,82,5
ENGINE,Jumping,83,5
ENGINE,Jumping,84,5
ENGINE,Jumping,85,8
ENGINE,Jumping,86,8
ENGINE,Jumping,87,8
ENGINE,Jumping,88,8
ENGINE,Jumping,89,8
ENGINE,Jumping,90,11
ENGINE,Jumping,91,11
ENGINE,Jumping,92,11
ENGINE,Jumping,93,11
ENGINE,Jumping,94,11
ENGINE,Jumping,95,13
ENGINE,Jumping,96,16
ENGINE,Jumping,97,19
ENGINE,Jumping,98,22
ENGINE,Jumping,99,24
ENGINE,Stamina,40,1
ENGINE,Stamina,41,1
ENGINE,Stamina,42,1
ENGINE,Stamina,43,1
ENGINE,Stamina,44,1
ENGINE,Stamina,45,1
ENGINE,Stamina,46,1
ENGINE,Stamina,47,1
ENGINE,Stamina,48,1
ENGINE,Stamina,49,1
ENGINE,Stamina,50,1
ENGINE,Stamina,51,1
ENGINE,Stamina,52,1
ENGINE,Stamina,53,1
ENGINE,Stamina,54,1
ENGINE,Stamina,55,1
ENGINE,Stamina,56,1
ENGINE,Stamina,57,1
ENGINE,Stamina,58,1
ENGINE,Stamina,59,1
ENGINE,Stamina,60,1
ENGINE,Stamina,61,1
ENGINE,Stamina,62,1
ENGINE,Stamina,63,1
ENGINE,Stamina,64,1
ENGINE,Stamina,65,1
ENGINE,Stamina,66,1
ENGINE,Stamina,67,2
ENGINE,Stamina,68,2
ENGINE,Stamina,69,2
ENGINE,Stamina,70,2
ENGINE,Stamina,71,2
ENGINE,Stamina,72,2
ENGINE,Stamina,73,2
ENGINE,Stamina,74,2
ENGINE,Stamina,75,3
ENGINE,Stamina,76,3
ENGINE,Stamina,77,3
ENGINE,Stamina,78,3
ENGINE,Stamina,79,3
ENGINE,Stamina,80,3
ENGINE,Stamina,81,3
ENGINE,Stamina,82,3
ENGINE,Stamina,83,3
ENGINE,Stamina,84,3
ENGINE,Stamina,85,6
ENGINE,Stamina,86,6
ENGINE,Stamina,87,6
ENGINE,Stamina,88,6
ENGINE,Stamina,89,6
ENGINE,Stamina,90,8
ENGINE,Stamina,91,8
ENGINE,Stamina,92,8
ENGINE,Stamina,93,8
ENGINE,Stamina,94,8
ENGINE,Stamina,95,9
ENGINE,Stamina,96,12
ENGINE,Stamina,97,14
ENGINE,Stamina,98,16
ENGINE,Stamina,99,18
ENGINE,Strength,40,1
ENGINE,Strength,41,1
ENGINE,Strength,42,1
ENGINE,Strength,43,1
ENGINE,Strength,44,1
ENGINE,Strength,45,1
ENGINE,Strength,46,1
ENGINE,Strength,47,1
ENGINE,Strength,48,1
ENGINE,Strength,49,1
ENGINE,Strength,50,1
ENGINE,Strength,51,1
ENGINE,Strength,52,1
ENGINE,Strength,53,1
ENGINE,Strength,54,1
ENGINE,Strength,55,1
ENGINE,Strength,56,1
ENGINE,Strength,57,1
ENGINE,Strength,58,1
ENGINE,Strength,59,1
ENGINE,Strength,60,2
ENGINE,Strength,61,2
ENGINE,Strength,62,2
ENGINE,Strength,63,2
ENGINE,Strength,64,3
ENGINE,Strength,65,3
ENGINE,Strength,66,3
ENGINE,Strength,67,3
ENGINE,Strength,68,3
ENGINE,Strength,69,3
ENGINE,Strength,70,4
ENGINE,Strength,71,4
ENGINE,Strength,72,4
ENGINE,Strength,73,4
ENGINE,Strength,74,4
ENGINE,Strength,75,6
ENGINE,Strength,76,6
ENGINE,Strength,77,6
ENGINE,Strength,78,6
ENGINE,Strength,79,6
ENGINE,Strength,80,7
ENGINE,Strength,81,7
ENGINE,Strength,82,7
ENGINE,Strength,83,7
ENGINE,Strength,84,7
ENGINE,Strength,85,11
ENGINE,Strength,86,11
ENGINE,Strength,87,11
ENGINE,Strength,88,11
ENGINE,Strength,89,11
ENGINE,Strength,90,15
ENGINE,Strength,91,15
ENGINE,Strength,92,15
ENGINE,Strength,93,15
ENGINE,Strength,94,15
ENGINE,Strength,95,18
ENGINE,Strength,96,22
ENGINE,Strength,97,26
ENGINE,Strength,98,30
ENGINE,Strength,99,33
ENGINE,Aggression,40,1
ENGINE,Aggression,41,1
ENGINE,Aggression,42,1
ENGINE,Aggression,43,1
ENGINE,Aggression,44,1
ENGINE,Aggression,45,1
ENGINE,Aggression,46,1
ENGINE,Aggression,47,1
ENGINE,Aggression,48,1
ENGINE,Aggression,49,1
ENGINE,Aggression,50,1
ENGINE,Aggression,51,1
ENGINE,Aggression,52,1
ENGINE,Aggression,53,1
ENGINE,Aggression,54,1
ENGINE,Aggression,55,1
ENGINE,Aggression,56,1
ENGINE,Aggression,57,1
ENGINE,Aggression,58,1
ENGINE,Aggression,59,1
ENGINE,Aggression,60,1
ENGINE,Aggression,61,1
ENGINE,Aggression,62,1
ENGINE,Aggression,63,1
ENGINE,Aggression,64,2
ENGINE,Aggression,65,2
ENGINE,Aggression,66,2
ENGINE,Aggression,67,2
ENGINE,Aggression,68,2
ENGINE,Aggression,69,2
ENGINE,Aggression,70,3
ENGINE,Aggression,71,3
ENGINE,Aggression,72,3
ENGINE,Aggression,73,3
ENGINE,Aggression,74,3
ENGINE,Aggression,75,4
ENGINE,Aggression,76,4
ENGINE,Aggression,77,4
ENGINE,Aggression,78,4
ENGINE,Aggression,79,4
ENGINE,Aggression,80,5
ENGINE,Aggression,81,5
ENGINE,Aggression,82,5
ENGINE,Aggression,83,5
ENGINE,Aggression,84,5
ENGINE,Aggression,85,8
ENGINE,Aggression,86,8
ENGINE,Aggression,87,8
ENGINE,Aggression,88,8
ENGINE,Aggression,89,8
ENGINE,Aggression,90,11
ENGINE,Aggression,91,11
ENGINE,Aggression,92,11
ENGINE,Aggression,93,11
ENGINE,Aggression,94,11
ENGINE,Aggression,95,13
ENGINE,Aggression,96,16
ENGINE,Aggression,97,19
ENGINE,Aggression,98,22
ENGINE,Aggression,99,24
MARAUDER,Acceleration,40,2
MARAUDER,Acceleration,41,2
MARAUDER,Acceleration,42,2
MARAUDER,Acceleration,43,2
MARAUDER,Acceleration,44,2
MARAUDER,Acceleration,45,2
MARAUDER,Acceleration,46,2
MARAUDER,Acceleration,47,2
MARAUDER,Acceleration,48,2
MARAUDER,Acceleration,49,2
MARAUDER,Acceleration,50,2
MARAUDER,Acceleration,51,2
MARAUDER,Acceleration,52,2
MARAUDER,Acceleration,53,2
MARAUDER,Acceleration,54,2
MARAUDER,Acceleration,55,2
MARAUDER,Acceleration,56,2
MARAUDER,Acceleration,57,2
MARAUDER,Acceleration,58,2
MARAUDER,Acceleration,59,2
MARAUDER,Acceleration,60,3
MARAUDER,Acceleration,61,3
MARAUDER,Acceleration,62,3
MARAUDER,Acceleration,63,3
MARAUDER,Acceleration,64,4
MARAUDER,Acceleration,65,4
MARAUDER,Acceleration,66,4
MARAUDER,Acceleration,67,5
MARAUDER,Acceleration,68,5
MARAUDER,Acceleration,69,5
MARAUDER,Acceleration,70,6
MARAUDER,Acceleration,71,6
MARAUDER,Acceleration,72,6
MARAUDER,Acceleration,73,6
MARAUDER,Acceleration,74,6
MARAUDER,Acceleration,75,8
MARAUDER,Acceleration,76,8
MARAUDER,Acceleration,77,8
MARAUDER,Acceleration,78,8
MARAUDER,Acceleration,79,8
MARAUDER,Acceleration,80,10
MARAUDER,Acceleration,81,10
MARAUDER,Acceleration,82,10
MARAUDER,Acceleration,83,10
MARAUDER,Acceleration,84,10
MARAUDER,Acceleration,85,15
MARAUDER,Acceleration,86,15
MARAUDER,Acceleration,87,15
MARAUDER,Acceleration,88,15
MARAUDER,Acceleration,89,15
MARAUDER,Acceleration,90,20
MARAUDER,Acceleration,91,20
MARAUDER,Acceleration,92,20
MARAUDER,Acceleration,93,20
MARAUDER,Acceleration,94,20
MARAUDER,Acceleration,95,25
MARAUDER,Acceleration,96,30
MARAUDER,Acceleration,97,35
MARAUDER,Acceleration,98,40
MARAUDER,Acceleration,99,45
MARAUDER,SprintSpeed,40,1
MARAUDER,SprintSpeed,41,1
MARAUDER,SprintSpeed,42,1
MARAUDER,SprintSpeed,43,1
MARAUDER,SprintSpeed,44,1
MARAUDER,SprintSpeed,45,1
MARAUDER,SprintSpeed,46,1
MARAUDER,SprintSpeed,47,1
MARAUDER,SprintSpeed,48,1
MARAUDER,SprintSpeed,49,1
MARAUDER,SprintSpeed,50,1
MARAUDER,SprintSpeed,51,1
MARAUDER,SprintSpeed,52,1
MARAUDER,SprintSpeed,53,1
MARAUDER,SprintSpeed,54,1
MARAUDER,SprintSpeed,55,1
MARAUDER,SprintSpeed,56,1
MARAUDER,SprintSpeed,57,1
MARAUDER,SprintSpeed,58,1
MARAUDER,SprintSpeed,59,1
MARAUDER,SprintSpeed,60,2
MARAUDER,SprintSpeed,61,2
MARAUDER,SprintSpeed,62,2
MARAUDER,SprintSpeed,63,2
MARAUDER,SprintSpeed,64,3
MARAUDER,SprintSpeed,65,3
MARAUDER,SprintSpeed,66,3
MARAUDER,SprintSpeed,67,3
MARAUDER,SprintSpeed,68,3
MARAUDER,SprintSpeed,69,3
MARAUDER,SprintSpeed,70,4
MARAUDER,SprintSpeed,71,4
MARAUDER,SprintSpeed,72,4
MARAUDER,SprintSpeed,73,4
MARAUDER,SprintSpeed,74,4
MARAUDER,SprintSpeed,75,6
MARAUDER,SprintSpeed,76,6
MARAUDER,SprintSpeed,77,6
MARAUDER,SprintSpeed,78,6
MARAUDER,SprintSpeed,79,6
MARAUDER,SprintSpeed,80,7
MARAUDER,SprintSpeed,81,7
MARAUDER,SprintSpeed,82,7
MARAUDER,SprintSpeed,83,7
MARAUDER,SprintSpeed,84,7
MARAUDER,SprintSpeed,85,11
MARAUDER,SprintSpeed,86,11
MARAUDER,SprintSpeed,87,11
MARAUDER,SprintSpeed,88,11
MARAUDER,SprintSpeed,89,11
MARAUDER,SprintSpeed,90,15
MARAUDER,SprintSpeed,91,15
MARAUDER,SprintSpeed,92,15
MARAUDER,SprintSpeed,93,15
MARAUDER,SprintSpeed,94,15
MARAUDER,SprintSpeed,95,18
MARAUDER,SprintSpeed,96,22
MARAUDER,SprintSpeed,97,26
MARAUDER,SprintSpeed,98,30
MARAUDER,SprintSpeed,99,33
MARAUDER,AttackPositioning,40,1
MARAUDER,AttackPositioning,41,1
MARAUDER,AttackPositioning,42,1
MARAUDER,AttackPositioning,43,1
MARAUDER,AttackPositioning,44,1
MARAUDER,AttackPositioning,45,1
MARAUDER,AttackPositioning,46,1
MARAUDER,AttackPositioning,47,1
MARAUDER,AttackPositioning,48,1
MARAUDER,AttackPositioning,49,1
MARAUDER,AttackPositioning,50,1
MARAUDER,AttackPositioning,51,1
MARAUDER,AttackPositioning,52,1
MARAUDER,AttackPositioning,53,1
MARAUDER,AttackPositioning,54,1
MARAUDER,AttackPositioning,55,1
MARAUDER,AttackPositioning,56,1
MARAUDER,AttackPositioning,57,1
MARAUDER,AttackPositioning,58,1
MARAUDER,AttackPositioning,59,1
MARAUDER,AttackPositioning,60,1
MARAUDER,AttackPositioning,61,1
MARAUDER,AttackPositioning,62,1
MARAUDER,AttackPositioning,63,1
MARAUDER,AttackPositioning,64,2
MARAUDER,AttackPositioning,65,2
MARAUDER,AttackPositioning,66,2
MARAUDER,AttackPositioning,67,2
MARAUDER,AttackPositioning,68,2
MARAUDER,AttackPositioning,69,2
MARAUDER,AttackPositioning,70,3
MARAUDER,AttackPositioning,71,3
MARAUDER,AttackPositioning,72,3
MARAUDER,AttackPositioning,73,3
MARAUDER,AttackPositioning,74,3
MARAUDER,AttackPositioning,75,4
MARAUDER,AttackPositioning,76,4
MARAUDER,AttackPositioning,77,4
MARAUDER,AttackPositioning,78,4
MARAUDER,AttackPositioning,79,4
MARAUDER,AttackPositioning,80,5
MARAUDER,AttackPositioning,81,5
MARAUDER,AttackPositioning,82,5
MARAUDER,AttackPositioning,83,5
MARAUDER,AttackPositioning,84,5
MARAUDER,AttackPositioning,85,8
MARAUDER,AttackPositioning,86,8
MARAUDER,AttackPositioning,87,8
MARAUDER,AttackPositioning,88,8
MARAUDER,AttackPositioning,89,8
MARAUDER,AttackPositioning,90,11
MARAUDER,AttackPositioning,91,11
MARAUDER,AttackPositioning,92,11
MARAUDER,AttackPositioning,93,11
MARAUDER,AttackPositioning,94,11
MARAUDER,AttackPositioning,95,13
MARAUDER,AttackPositioning,96,16
MARAUDER,AttackPositioning,97,19
MARAUDER,AttackPositioning,98,22
MARAUDER,AttackPositioning,99,24
MARAUDER,Finishing,40,2
MARAUDER,Finishing,41,2
MARAUDER,Finishing,42,2
MARAUDER,Finishing,43,2
MARAUDER,Finishing,44,2
MARAUDER,Finishing,45,2
MARAUDER,Finishing,46,2
MARAUDER,Finishing,47,2
MARAUDER,Finishing,48,2
MARAUDER,Finishing,49,2
MARAUDER,Finishing,50,2
MARAUDER,Finishing,51,2
MARAUDER,Finishing,52,2
MARAUDER,Finishing,53,2
MARAUDER,Finishing,54,2
MARAUDER,Finishing,55,2
MARAUDER,Finishing,56,2
MARAUDER,Finishing,57,2
MARAUDER,Finishing,58,2
MARAUDER,Finishing,59,2
MARAUDER,Finishing,60,3
MARAUDER,Finishing,61,3
MARAUDER,Finishing,62,3
MARAUDER,Finishing,63,3
MARAUDER,Finishing,64,4
MARAUDER,Finishing,65,4
MARAUDER,Finishing,66,4
MARAUDER,Finishing,67,5
MARAUDER,Finishing,68,5
MARAUDER,Finishing,69,5
MARAUDER,Finishing,70,6
MARAUDER,Finishing,71,6
MARAUDER,Finishing,72,6
MARAUDER,Finishing,73,6
MARAUDER,Finishing,74,6
MARAUDER,Finishing,75,8
MARAUDER,Finishing,76,8
MARAUDER,Finishing,77,8
MARAUDER,Finishing,78,8
MARAUDER,Finishing,79,8
MARAUDER,Finishing,80,10
MARAUDER,Finishing,81,10
MARAUDER,Finishing,82,10
MARAUDER,Finishing,83,10
MARAUDER,Finishing,84,10
MARAUDER,Finishing,85,15
MARAUDER,Finishing,86,15
MARAUDER,Finishing,87,15
MARAUDER,Finishing,88,15
MARAUDER,Finishing,89,15
MARAUDER,Finishing,90,20
MARAUDER,Finishing,91,20
MARAUDER,Finishing,92,20
MARAUDER,Finishing,93,20
MARAUDER,Finishing,94,20
MARAUDER,Finishing,95,25
MARAUDER,Finishing,96,30
MARAUDER,Finishing,97,35
MARAUDER,Finishing,98,40
MARAUDER,Finishing,99,45
MARAUDER,ShotPower,40,1
MARAUDER,ShotPower,41,1
MARAUDER,ShotPower,42,1
MARAUDER,ShotPower,43,1
MARAUDER,ShotPower,44,1
MARAUDER,ShotPower,45,1
MARAUDER,ShotPower,46,1
MARAUDER,ShotPower,47,1
MARAUDER,ShotPower,48,1
MARAUDER,ShotPower,49,1
MARAUDER,ShotPower,50,1
MARAUDER,ShotPower,51,1
MARAUDER,ShotPower,52,1
MARAUDER,ShotPower,53,1
MARAUDER,ShotPower,54,1
MARAUDER,ShotPower,55,1
MARAUDER,ShotPower,56,1
MARAUDER,ShotPower,57,1
MARAUDER,ShotPower,58,1
MARAUDER,ShotPower,59,1
MARAUDER,ShotPower,60,2
MARAUDER,ShotPower,61,2
MARAUDER,ShotPower,62,2
MARAUDER,ShotPower,63,2
MARAUDER,ShotPower,64,3
MARAUDER,ShotPower,65,3
MARAUDER,ShotPower,66,3
MARAUDER,ShotPower,67,3
MARAUDER,ShotPower,68,3
MARAUDER,ShotPower,69,3
MARAUDER,ShotPower,70,4
MARAUDER,ShotPower,71,4
MARAUDER,ShotPower,72,4
MARAUDER,ShotPower,73,4
MARAUDER,ShotPower,74,4
MARAUDER,ShotPower,75,6
MARAUDER,ShotPower,76,6
MARAUDER,ShotPower,77,6
MARAUDER,ShotPower,78,6
MARAUDER,ShotPower,79,6
MARAUDER,ShotPower,80,7
MARAUDER,ShotPower,81,7
MARAUDER,ShotPower,82,7
MARAUDER,ShotPower,83,7
MARAUDER,ShotPower,84,7
MARAUDER,ShotPower,85,11
MARAUDER,ShotPower,86,11
MARAUDER,ShotPower,87,11
MARAUDER,ShotPower,88,11
MARAUDER,ShotPower,89,11
MARAUDER,ShotPower,90,15
MARAUDER,ShotPower,91,15
MARAUDER,ShotPower,92,15
MARAUDER,ShotPower,93,15
MARAUDER,ShotPower,94,15
MARAUDER,ShotPower,95,18
MARAUDER,ShotPower,96,22
MARAUDER,ShotPower,97,26
MARAUDER,ShotPower,98,30
MARAUDER,ShotPower,99,33
MARAUDER,LongShots,40,1
MARAUDER,LongShots,41,1
MARAUDER,LongShots,42,1
MARAUDER,LongShots,43,1
MARAUDER,LongShots,44,1
MARAUDER,LongShots,45,1
MARAUDER,LongShots,46,1
MARAUDER,LongShots,47,1
MARAUDER,LongShots,48,1
MARAUDER,LongShots,49,1
MARAUDER,LongShots,50,1
MARAUDER,LongShots,51,1
MARAUDER,LongShots,52,1
MARAUDER,LongShots,53,1
MARAUDER,LongShots,54,1
MARAUDER,LongShots,55,1
MARAUDER,LongShots,56,1
MARAUDER,LongShots,57,1
MARAUDER,LongShots,58,1
MARAUDER,LongShots,59,1
MARAUDER,LongShots,60,2
MARAUDER,LongShots,61,2
MARAUDER,LongShots,62,2
MARAUDER,LongShots,63,2
MARAUDER,LongShots,64,3
MARAUDER,LongShots,65,3
MARAUDER,LongShots,66,3
MARAUDER,LongShots,67,3
MARAUDER,LongShots,68,3
MARAUDER,LongShots,69,3
MARAUDER,LongShots,70,4
MARAUDER,LongShots,71,4
MARAUDER,LongShots,72,4
MARAUDER,LongShots,73,4
MARAUDER,LongShots,74,4
MARAUDER,LongShots,75,6
MARAUDER,LongShots,76,6
MARAUDER,LongShots,77,6
MARAUDER,LongShots,78,6
MARAUDER,LongShots,79,6
MARAUDER,LongShots,80,7
MARAUDER,LongShots,81,7
MARAUDER,LongShots,82,7
MARAUDER,LongShots,83,7
MARAUDER,LongShots,84,7
MARAUDER,LongShots,85,11
MARAUDER,LongShots,86,11
MARAUDER,LongShots,87,11
MARAUDER,LongShots,88,11
MARAUDER,LongShots,89,11
MARAUDER,LongShots,90,15
MARAUDER,LongShots,91,15
MARAUDER,LongShots,92,15
MARAUDER,LongShots,93,15
MARAUDER,LongShots,94,15
MARAUDER,LongShots,95,18
MARAUDER,LongShots,96,22
MARAUDER,LongShots,97,26
MARAUDER,LongShots,98,30
MARAUDER,LongShots,99,33
MARAUDER,Volleys,40,1
MARAUDER,Volleys,41,1
MARAUDER,Volleys,42,1
MARAUDER,Volleys,43,1
MARAUDER,Volleys,44,1
MARAUDER,Volleys,45,1
MARAUDER,Volleys,46,1
MARAUDER,Volleys,47,1
MARAUDER,Volleys,48,1
MARAUDER,Volleys,49,1
MARAUDER,Volleys,50,1
MARAUDER,Volleys,51,1
MARAUDER,Volleys,52,1
MARAUDER,Volleys,53,1
MARAUDER,Volleys,54,1
MARAUDER,Volleys,55,1
MARAUDER,Volleys,56,1
MARAUDER,Volleys,57,1
MARAUDER,Volleys,58,1
MARAUDER,Volleys,59,1
MARAUDER,Volleys,60,1
MARAUDER,Volleys,61,1
MARAUDER,Volleys,62,1
MARAUDER,Volleys,63,1
MARAUDER,Volleys,64,2
MARAUDER,Volleys,65,2
MARAUDER,Volleys,66,2
MARAUDER,Volleys,67,2
MARAUDER,Volleys,68,2
MARAUDER,Volleys,69,2
MARAUDER,Volleys,70,3
MARAUDER,Volleys,71,3
MARAUDER,Volleys,72,3
MARAUDER,Volleys,73,3
MARAUDER,Volleys,74,3
MARAUDER,Volleys,75,4
MARAUDER,Volleys,76,4
MARAUDER,Volleys,77,4
MARAUDER,Volleys,78,4
MARAUDER,Volleys,79,4
MARAUDER,Volleys,80,5
MARAUDER,Volleys,81,5
MARAUDER,Volleys,82,5
MARAUDER,Volleys,83,5
MARAUDER,Volleys,84,5
MARAUDER,Volleys,85,8
MARAUDER,Volleys,86,8
MARAUDER,Volleys,87,8
MARAUDER,Volleys,88,8
MARAUDER,Volleys,89,8
MARAUDER,Volleys,90,11
MARAUDER,Volleys,91,11
MARAUDER,Volleys,92,11
MARAUDER,Volleys,93,11
MARAUDER,Volleys,94,11
MARAUDER,Volleys,95,13
MARAUDER,Volleys,96,16
MARAUDER,Volleys,97,19
MARAUDER,Volleys,98,22
MARAUDER,Volleys,99,24
MARAUDER,Penalties,40,1
MARAUDER,Penalties,41,1
MARAUDER,Penalties,42,1
MARAUDER,Penalties,43,1
MARAUDER,Penalties,44,1
MARAUDER,Penalties,45,1
MARAUDER,Penalties,46,1
MARAUDER,Penalties,47,1
MARAUDER,Penalties,48,1
MARAUDER,Penalties,49,1
MARAUDER,Penalties,50,1
MARAUDER,Penalties,51,1
MARAUDER,Penalties,52,1
MARAUDER,Penalties,53,1
MARAUDER,Penalties,54,1
MARAUDER,Penalties,55,1
MARAUDER,Penalties,56,1
MARAUDER,Penalties,57,1
MARAUDER,Penalties,58,1
MARAUDER,Penalties,59,1
MARAUDER,Penalties,60,1
MARAUDER,Penalties,61,1
MARAUDER,Penalties,62,1
MARAUDER,Penalties,63,1
MARAUDER,Penalties,64,2
MARAUDER,Penalties,65,2
MARAUDER,Penalties,66,2
MARAUDER,Penalties,67,2
MARAUDER,Penalties,68,2
MARAUDER,Penalties,69,2
MARAUDER,Penalties,70,3
MARAUDER,Penalties,71,3
MARAUDER,Penalties,72,3
MARAUDER,Penalties,73,3
MARAUDER,Penalties,74,3
MARAUDER,Penalties,75,4
MARAUDER,Penalties,76,4
MARAUDER,Penalties,77,4
MARAUDER,Penalties,78,4
MARAUDER,Penalties,79,4
MARAUDER,Penalties,80,5
MARAUDER,Penalties,81,5
MARAUDER,Penalties,82,5
MARAUDER,Penalties,83,5
MARAUDER,Penalties,84,5
MARAUDER,Penalties,85,8
MARAUDER,Penalties,86,8
MARAUDER,Penalties,87,8
MARAUDER,Penalties,88,8
MARAUDER,Penalties,89,8
MARAUDER,Penalties,90,11
MARAUDER,Penalties,91,11
MARAUDER,Penalties,92,11
MARAUDER,Penalties,93,11
MARAUDER,Penalties,94,11
MARAUDER,Penalties,95,13
MARAUDER,Penalties,96,16
MARAUDER,Penalties,97,19
MARAUDER,Penalties,98,22
MARAUDER,Penalties,99,24
MARAUDER,Vision,40,1
MARAUDER,Vision,41,1
MARAUDER,Vision,42,1
MARAUDER,Vision,43,1
MARAUDER,Vision,44,1
MARAUDER,Vision,45,1
MARAUDER,Vision,46,1
MARAUDER,Vision,47,1
MARAUDER,Vision,48,1
MARAUDER,Vision,49,1
MARAUDER,Vision,50,1
MARAUDER,Vision,51,1
MARAUDER,Vision,52,1
MARAUDER,Vision,53,1
MARAUDER,Vision,54,1
MARAUDER,Vision,55,1
MARAUDER,Vision,56,1
MARAUDER,Vision,57,1
MARAUDER,Vision,58,1
MARAUDER,Vision,59,1
MARAUDER,Vision,60,2
MARAUDER,Vision,61,2
MARAUDER,Vision,62,2
MARAUDER,Vision,63,2
MARAUDER,Vision,64,3
MARAUDER,Vision,65,3
MARAUDER,Vision,66,3
MARAUDER,Vision,67,3
MARAUDER,Vision,68,3
MARAUDER,Vision,69,3
MARAUDER,Vision,70,4
MARAUDER,Vision,71,4
MARAUDER,Vision,72,4
MARAUDER,Vision,73,4
MARAUDER,Vision,74,4
MARAUDER,Vision,75,6
MARAUDER,Vision,76,6
MARAUDER,Vision,77,6
MARAUDER,Vision,78,6
MARAUDER,Vision,79,6
MARAUDER,Vision,80,7
MARAUDER,Vision,81,7
MARAUDER,Vision,82,7
MARAUDER,Vision,83,7
MARAUDER,Vision,84,7
MARAUDER,Vision,85,11
MARAUDER,Vision,86,11
MARAUDER,Vision,87,11
MARAUDER,Vision,88,11
MARAUDER,Vision,89,11
MARAUDER,Vision,90,15
MARAUDER,Vision,91,15
MARAUDER,Vision,92,15
MARAUDER,Vision,93,15
MARAUDER,Vision,94,15
MARAUDER,Vision,95,18
MARAUDER,Vision,96,22
MARAUDER,Vision,97,26
MARAUDER,Vision,98,30
MARAUDER,Vision,99,33
MARAUDER,Crossing,40,1
MARAUDER,Crossing,41,1
MARAUDER,Crossing,42,1
MARAUDER,Crossing,43,1
MARAUDER,Crossing,44,1
MARAUDER,Crossing,45,1
MARAUDER,Crossing,46,1
MARAUDER,Crossing,47,1
MARAUDER,Crossing,48,1
MARAUDER,Crossing,49,1
MARAUDER,Crossing,50,1
MARAUDER,Crossing,51,1
MARAUDER,Crossing,52,1
MARAUDER,Crossing,53,1
MARAUDER,Crossing,54,1
MARAUDER,Crossing,55,1
MARAUDER,Crossing,56,1
MARAUDER,Crossing,57,1
MARAUDER,Crossing,58,1
MARAUDER,Crossing,59,1
MARAUDER,Crossing,60,1
MARAUDER,Crossing,61,1
MARAUDER,Crossing,62,1
MARAUDER,Crossing,63,1
MARAUDER,Crossing,64,2
MARAUDER,Crossing,65,2
MARAUDER,Crossing,66,2
MARAUDER,Crossing,67,2
MARAUDER,Crossing,68,2
MARAUDER,Crossing,69,2
MARAUDER,Crossing,70,3
MARAUDER,Crossing,71,3
MARAUDER,Crossing,72,3
MARAUDER,Crossing,73,3
MARAUDER,Crossing,74,3
MARAUDER,Crossing,75,4
MARAUDER,Crossing,76,4
MARAUDER,Crossing,77,4
MARAUDER,Crossing,78,4
MARAUDER,Crossing,79,4
MARAUDER,Crossing,80,5
MARAUDER,Crossing,81,5
MARAUDER,Crossing,82,5
MARAUDER,Crossing,83,5
MARAUDER,Crossing,84,5
MARAUDER,Crossing,85,8
MARAUDER,Crossing,86,8
MARAUDER,Crossing,87,8
MARAUDER,Crossing,88,8
MARAUDER,Crossing,89,8
MARAUDER,Crossing,90,11
MARAUDER,Crossing,91,11
MARAUDER,Crossing,92,11
MARAUDER,Crossing,93,11
MARAUDER,Crossing,94,11
MARAUDER,Crossing,95,13
MARAUDER,Crossing,96,16
MARAUDER,Crossing,97,19
MARAUDER,Crossing,98,22
MARAUDER,Crossing,99,24
MARAUDER,FKAccuracy,40,1
MARAUDER,FKAccuracy,41,1
MARAUDER,FKAccuracy,42,1
MARAUDER,FKAccuracy,43,1
MARAUDER,FKAccuracy,44,1
MARAUDER,FKAccuracy,45,1
MARAUDER,FKAccuracy,46,1
MARAUDER,FKAccuracy,47,1
MARAUDER,FKAccuracy,48,1
MARAUDER,FKAccuracy,49,1
MARAUDER,FKAccuracy,50,1
MARAUDER,FKAccuracy,51,1
MARAUDER,FKAccuracy,52,1
MARAUDER,FKAccuracy,53,1
MARAUDER,FKAccuracy,54,1
MARAUDER,FKAccuracy,55,1
MARAUDER,FKAccuracy,56,1
MARAUDER,FKAccuracy,57,1
MARAUDER,FKAccuracy,58,1
MARAUDER,FKAccuracy,59,1
MARAUDER,FKAccuracy,60,1
MARAUDER,FKAccuracy,61,1
MARAUDER,FKAccuracy,62,1
MARAUDER,FKAccuracy,63,1
MARAUDER,FKAccuracy,64,2
MARAUDER,FKAccuracy,65,2
MARAUDER,FKAccuracy,66,2
MARAUDER,FKAccuracy,67,2
MARAUDER,FKAccuracy,68,2
MARAUDER,FKAccuracy,69,2
MARAUDER,FKAccuracy,70,3
MARAUDER,FKAccuracy,71,3
MARAUDER,FKAccuracy,72,3
MARAUDER,FKAccuracy,73,3
MARAUDER,FKAccuracy,74,3
MARAUDER,FKAccuracy,75,4
MARAUDER,FKAccuracy,76,4
MARAUDER,FKAccuracy,77,4
MARAUDER,FKAccuracy,78,4
MARAUDER,FKAccuracy,79,4
MARAUDER,FKAccuracy,80,5
MARAUDER,FKAccuracy,81,5
MARAUDER,FKAccuracy,82,5
MARAUDER,FKAccuracy,83,5
MARAUDER,FKAccuracy,84,5
MARAUDER,FKAccuracy,85,8
MARAUDER,FKAccuracy,86,8
MARAUDER,FKAccuracy,87,8
MARAUDER,FKAccuracy,88,8
MARAUDER,FKAccuracy,89,8
MARAUDER,FKAccuracy,90,11
MARAUDER,FKAccuracy,91,11
MARAUDER,FKAccuracy,92,11
MARAUDER,FKAccuracy,93,11
MARAUDER,FKAccuracy,94,11
MARAUDER,FKAccuracy,95,13
MARAUDER,FKAccuracy,96,16
MARAUDER,FKAccuracy,97,19
MARAUDER,FKAccuracy,98,22
MARAUDER,FKAccuracy,99,24
MARAUDER,ShortPassing,40,2
MARAUDER,ShortPassing,41,2
MARAUDER,ShortPassing,42,2
MARAUDER,ShortPassing,43,2
MARAUDER,ShortPassing,44,2
MARAUDER,ShortPassing,45,2
MARAUDER,ShortPassing,46,2
MARAUDER,ShortPassing,47,2
MARAUDER,ShortPassing,48,2
MARAUDER,ShortPassing,49,2
MARAUDER,ShortPassing,50,2
MARAUDER,ShortPassing,51,2
MARAUDER,ShortPassing,52,2
MARAUDER,ShortPassing,53,2
MARAUDER,ShortPassing,54,2
MARAUDER,ShortPassing,55,2
MARAUDER,ShortPassing,56,2
MARAUDER,ShortPassing,57,2
MARAUDER,ShortPassing,58,2
MARAUDER,ShortPassing,59,2
MARAUDER,ShortPassing,60,3
MARAUDER,ShortPassing,61,3
MARAUDER,ShortPassing,62,3
MARAUDER,ShortPassing,63,3
MARAUDER,ShortPassing,64,4
MARAUDER,ShortPassing,65,4
MARAUDER,ShortPassing,66,4
MARAUDER,ShortPassing,67,5
MARAUDER,ShortPassing,68,5
MARAUDER,ShortPassing,69,5
MARAUDER,ShortPassing,70,6
MARAUDER,ShortPassing,71,6
MARAUDER,ShortPassing,72,6
MARAUDER,ShortPassing,73,6
MARAUDER,ShortPassing,74,6
MARAUDER,ShortPassing,75,8
MARAUDER,ShortPassing,76,8
MARAUDER,ShortPassing,77,8
MARAUDER,ShortPassing,78,8
MARAUDER,ShortPassing,79,8
MARAUDER,ShortPassing,80,10
MARAUDER,ShortPassing,81,10
MARAUDER,ShortPassing,82,10
MARAUDER,ShortPassing,83,10
MARAUDER,ShortPassing,84,10
MARAUDER,ShortPassing,85,15
MARAUDER,ShortPassing,86,15
MARAUDER,ShortPassing,87,15
MARAUDER,ShortPassing,88,15
MARAUDER,ShortPassing,89,15
MARAUDER,ShortPassing,90,20
MARAUDER,ShortPassing,91,20
MARAUDER,ShortPassing,92,20
MARAUDER,ShortPassing,93,20
MARAUDER,ShortPassing,94,20
MARAUDER,ShortPassing,95,25
MARAUDER,ShortPassing,96,30
MARAUDER,ShortPassing,97,35
MARAUDER,ShortPassing,98,40
MARAUDER,ShortPassing,99,45
MARAUDER,LongPassing,40,1
MARAUDER,LongPassing,41,1
MARAUDER,LongPassing,42,1
MARAUDER,LongPassing,43,1
MARAUDER,LongPassing,44,1
MARAUDER,LongPassing,45,1
MARAUDER,LongPassing,46,1
MARAUDER,LongPassing,47,1
MARAUDER,LongPassing,48,1
MARAUDER,LongPassing,49,1
MARAUDER,LongPassing,50,1
MARAUDER,LongPassing,51,1
MARAUDER,LongPassing,52,1
MARAUDER,LongPassing,53,1
MARAUDER,LongPassing,54,1
MARAUDER,LongPassing,55,1
MARAUDER,LongPassing,56,1
MARAUDER,LongPassing,57,1
MARAUDER,LongPassing,58,1
MARAUDER,LongPassing,59,1
MARAUDER,LongPassing,60,2
MARAUDER,LongPassing,61,2
MARAUDER,LongPassing,62,2
MARAUDER,LongPassing,63,2
MARAUDER,LongPassing,64,3
MARAUDER,LongPassing,65,3
MARAUDER,LongPassing,66,3
MARAUDER,LongPassing,67,3
MARAUDER,LongPassing,68,3
MARAUDER,LongPassing,69,3
MARAUDER,LongPassing,70,4
MARAUDER,LongPassing,71,4
MARAUDER,LongPassing,72,4
MARAUDER,LongPassing,73,4
MARAUDER,LongPassing,74,4
MARAUDER,LongPassing,75,6
MARAUDER,LongPassing,76,6
MARAUDER,LongPassing,77,6
MARAUDER,LongPassing,78,6
MARAUDER,LongPassing,79,6
MARAUDER,LongPassing,80,7
MARAUDER,LongPassing,81,7
MARAUDER,LongPassing,82,7
MARAUDER,LongPassing,83,7
MARAUDER,LongPassing,84,7
MARAUDER,LongPassing,85,11
MARAUDER,LongPassing,86,11
MARAUDER,LongPassing,87,11
MARAUDER,LongPassing,88,11
MARAUDER,LongPassing,89,11
MARAUDER,LongPassing,90,15
MARAUDER,LongPassing,91,15
MARAUDER,LongPassing,92,15
MARAUDER,LongPassing,93,15
MARAUDER,LongPassing,94,15
MARAUDER,LongPassing,95,18
MARAUDER,LongPassing,96,22
MARAUDER,LongPassing,97,26
MARAUDER,LongPassing,98,30
MARAUDER,LongPassing,99,33
MARAUDER,Curve,40,1
MARAUDER,Curve,41,1
MARAUDER,Curve,42,1
MARAUDER,Curve,43,1
MARAUDER,Curve,44,1
MARAUDER,Curve,45,1
MARAUDER,Curve,46,1
MARAUDER,Curve,47,1
MARAUDER,Curve,48,1
MARAUDER,Curve,49,1
MARAUDER,Curve,50,1
MARAUDER,Curve,51,1
MARAUDER,Curve,52,1
MARAUDER,Curve,53,1
MARAUDER,Curve,54,1
MARAUDER,Curve,55,1
MARAUDER,Curve,56,1
MARAUDER,Curve,57,1
MARAUDER,Curve,58,1
MARAUDER,Curve,59,1
MARAUDER,Curve,60,1
MARAUDER,Curve,61,1
MARAUDER,Curve,62,1
MARAUDER,Curve,63,1
MARAUDER,Curve,64,2
MARAUDER,Curve,65,2
MARAUDER,Curve,66,2
MARAUDER,Curve,67,2
MARAUDER,Curve,68,2
MARAUDER,Curve,69,2
MARAUDER,Curve,70,3
MARAUDER,Curve,71,3
MARAUDER,Curve,72,3
MARAUDER,Curve,73,3
MARAUDER,Curve,74,3
MARAUDER,Curve,75,4
MARAUDER,Curve,76,4
MARAUDER,Curve,77,4
MARAUDER,Curve,78,4
MARAUDER,Curve,79,4
MARAUDER,Curve,80,5
MARAUDER,Curve,81,5
MARAUDER,Curve,82,5
MARAUDER,Curve,83,5
MARAUDER,Curve,84,5
MARAUDER,Curve,85,8
MARAUDER,Curve,86,8
MARAUDER,Curve,87,8
MARAUDER,Curve,88,8
MARAUDER,Curve,89,8
MARAUDER,Curve,90,11
MARAUDER,Curve,91,11
MARAUDER,Curve,92,11
MARAUDER,Curve,93,11
MARAUDER,Curve,94,11
MARAUDER,Curve,95,13
MARAUDER,Curve,96,16
MARAUDER,Curve,97,19
MARAUDER,Curve,98,22
MARAUDER,Curve,99,24
MARAUDER,Agility,40,2
MARAUDER,Agility,41,2
MARAUDER,Agility,42,2
MARAUDER,Agility,43,2
MARAUDER,Agility,44,2
MARAUDER,Agility,45,2
MARAUDER,Agility,46,2
MARAUDER,Agility,47,2
MARAUDER,Agility,48,2
MARAUDER,Agility,49,2
MARAUDER,Agility,50,2
MARAUDER,Agility,51,2
MARAUDER,Agility,52,2
MARAUDER,Agility,53,2
MARAUDER,Agility,54,2
MARAUDER,Agility,55,2
MARAUDER,Agility,56,2
MARAUDER,Agility,57,2
MARAUDER,Agility,58,2
MARAUDER,Agility,59,2
MARAUDER,Agility,60,3
MARAUDER,Agility,61,3
MARAUDER,Agility,62,3
MARAUDER,Agility,63,3
MARAUDER,Agility,64,4
MARAUDER,Agility,65,4
MARAUDER,Agility,66,4
MARAUDER,Agility,67,5
MARAUDER,Agility,68,5
MARAUDER,Agility,69,5
MARAUDER,Agility,70,6
MARAUDER,Agility,71,6
MARAUDER,Agility,72,6
MARAUDER,Agility,73,6
MARAUDER,Agility,74,6
MARAUDER,Agility,75,8
MARAUDER,Agility,76,8
MARAUDER,Agility,77,8
MARAUDER,Agility,78,8
MARAUDER,Agility,79,8
MARAUDER,Agility,80,10
MARAUDER,Agility,81,10
MARAUDER,Agility,82,10
MARAUDER,Agility,83,10
MARAUDER,Agility,84,10
MARAUDER,Agility,85,15
MARAUDER,Agility,86,15
MARAUDER,Agility,87,15
MARAUDER,Agility,88,15
MARAUDER,Agility,89,15
MARAUDER,Agility,90,20
MARAUDER,Agility,91,20
MARAUDER,Agility,92,20
MARAUDER,Agility,93,20
MARAUDER,Agility,94,20
MARAUDER,Agility,95,25
MARAUDER,Agility,96,30
MARAUDER,Agility,97,35
MARAUDER,Agility,98,40
MARAUDER,Agility,99,45
MARAUDER,Balance,40,1
MARAUDER,Balance,41,1
MARAUDER,Balance,42,1
MARAUDER,Balance,43,1
MARAUDER,Balance,44,1
MARAUDER,Balance,45,1
MARAUDER,Balance,46,1
MARAUDER,Balance,47,1
MARAUDER,Balance,48,1
MARAUDER,Balance,49,1
MARAUDER,Balance,50,1
MARAUDER,Balance,51,1
MARAUDER,Balance,52,1
MARAUDER,Balance,53,1
MARAUDER,Balance,54,1
MARAUDER,Balance,55,1
MARAUDER,Balance,56,1
MARAUDER,Balance,57,1
MARAUDER,Balance,58,1
MARAUDER,Balance,59,1
MARAUDER,Balance,60,2
MARAUDER,Balance,61,2
MARAUDER,Balance,62,2
MARAUDER,Balance,63,2
MARAUDER,Balance,64,3
MARAUDER,Balance,65,3
MARAUDER,Balance,66,3
MARAUDER,Balance,67,3
MARAUDER,Balance,68,3
MARAUDER,Balance,69,3
MARAUDER,Balance,70,4
MARAUDER,Balance,71,4
MARAUDER,Balance,72,4
MARAUDER,Balance,73,4
MARAUDER,Balance,74,4
MARAUDER,Balance,75,6
MARAUDER,Balance,76,6
MARAUDER,Balance,77,6
MARAUDER,Balance,78,6
MARAUDER,Balance,79,6
MARAUDER,Balance,80,7
MARAUDER,Balance,81,7
MARAUDER,Balance,82,7
MARAUDER,Balance,83,7
MARAUDER,Balance,84,7
MARAUDER,Balance,85,11
MARAUDER,Balance,86,11
MARAUDER,Balance,87,11
MARAUDER,Balance,88,11
MARAUDER,Balance,89,11
MARAUDER,Balance,90,15
MARAUDER,Balance,91,15
MARAUDER,Balance,92,15
MARAUDER,Balance,93,15
MARAUDER,Balance,94,15
MARAUDER,Balance,95,18
MARAUDER,Balance,96,22
MARAUDER,Balance,97,26
MARAUDER,Balance,98,30
MARAUDER,Balance,99,33
MARAUDER,Reactions,40,1
MARAUDER,Reactions,41,1
MARAUDER,Reactions,42,1
MARAUDER,Reactions,43,1
MARAUDER,Reactions,44,1
MARAUDER,Reactions,45,1
MARAUDER,Reactions,46,1
MARAUDER,Reactions,47,1
MARAUDER,Reactions,48,1
MARAUDER,Reactions,49,1
MARAUDER,Reactions,50,1
MARAUDER,Reactions,51,1
MARAUDER,Reactions,52,1
MARAUDER,Reactions,53,1
MARAUDER,Reactions,54,1
MARAUDER,Reactions,55,1
MARAUDER,Reactions,56,1
MARAUDER,Reactions,57,1
MARAUDER,Reactions,58,1
MARAUDER,Reactions,59,1
MARAUDER,Reactions,60,1
MARAUDER,Reactions,61,1
MARAUDER,Reactions,62,1
MARAUDER,Reactions,63,1
MARAUDER,Reactions,64,2
MARAUDER,Reactions,65,2
MARAUDER,Reactions,66,2
MARAUDER,Reactions,67,2
MARAUDER,Reactions,68,2
MARAUDER,Reactions,69,2
MARAUDER,Reactions,70,3
MARAUDER,Reactions,71,3
MARAUDER,Reactions,72,3
MARAUDER,Reactions,73,3
MARAUDER,Reactions,74,3
MARAUDER,Reactions,75,4
MARAUDER,Reactions,76,4
MARAUDER,Reactions,77,4
MARAUDER,Reactions,78,4
MARAUDER,Reactions,79,4
MARAUDER,Reactions,80,5
MARAUDER,Reactions,81,5
MARAUDER,Reactions,82,5
MARAUDER,Reactions,83,5
MARAUDER,Reactions,84,5
MARAUDER,Reactions,85,8
MARAUDER,Reactions,86,8
MARAUDER,Reactions,87,8
MARAUDER,Reactions,88,8
MARAUDER,Reactions,89,8
MARAUDER,Reactions,90,11
MARAUDER,Reactions,91,11
MARAUDER,Reactions,92,11
MARAUDER,Reactions,93,11
MARAUDER,Reactions,94,11
MARAUDER,Reactions,95,13
MARAUDER,Reactions,96,16
MARAUDER,Reactions,97,19
MARAUDER,Reactions,98,22
MARAUDER,Reactions,99,24
MARAUDER,BallControl,40,1
MARAUDER,BallControl,41,1
MARAUDER,BallControl,42,1
MARAUDER,BallControl,43,1
MARAUDER,BallControl,44,1
MARAUDER,BallControl,45,1
MARAUDER,BallControl,46,1
MARAUDER,BallControl,47,1
MARAUDER,BallControl,48,1
MARAUDER,BallControl,49,1
MARAUDER,BallControl,50,1
MARAUDER,BallControl,51,1
MARAUDER,BallControl,52,1
MARAUDER,BallControl,53,1
MARAUDER,BallControl,54,1
MARAUDER,BallControl,55,1
MARAUDER,BallControl,56,1
MARAUDER,BallControl,57,1
MARAUDER,BallControl,58,1
MARAUDER,BallControl,59,1
MARAUDER,BallControl,60,2
MARAUDER,BallControl,61,2
MARAUDER,BallControl,62,2
MARAUDER,BallControl,63,2
MARAUDER,BallControl,64,3
MARAUDER,BallControl,65,3
MARAUDER,BallControl,66,3
MARAUDER,BallControl,67,3
MARAUDER,BallControl,68,3
MARAUDER,BallControl,69,3
MARAUDER,BallControl,70,4
MARAUDER,BallControl,71,4
MARAUDER,BallControl,72,4
MARAUDER,BallControl,73,4
MARAUDER,BallControl,74,4
MARAUDER,BallControl,75,6
MARAUDER,BallControl,76,6
MARAUDER,BallControl,77,6
MARAUDER,BallControl,78,6
MARAUDER,BallControl,79,6
MARAUDER,BallControl,80,7
MARAUDER,BallControl,81,7
MARAUDER,BallControl,82,7
MARAUDER,BallControl,83,7
MARAUDER,BallControl,84,7
MARAUDER,BallControl,85,11
MARAUDER,BallControl,86,11
MARAUDER,BallControl,87,11
MARAUDER,BallControl,88,11
MARAUDER,BallControl,89,11
MARAUDER,BallControl,90,15
MARAUDER,BallControl,91,15
MARAUDER,BallControl,92,15
MARAUDER,BallControl,93,15
MARAUDER,BallControl,94,15
MARAUDER,BallControl,95,18
MARAUDER,BallControl,96,22
MARAUDER,BallControl,97,26
MARAUDER,BallControl,98,30
MARAUDER,BallControl,99,33
MARAUDER,Dribbling,40,2
MARAUDER,Dribbling,41,2
MARAUDER,Dribbling,42,2
MARAUDER,Dribbling,43,2
MARAUDER,Dribbling,44,2
MARAUDER,Dribbling,45,2
MARAUDER,Dribbling,46,2
MARAUDER,Dribbling,47,2
MARAUDER,Dribbling,48,2
MARAUDER,Dribbling,49,2
MARAUDER,Dribbling,50,2
MARAUDER,Dribbling,51,2
MARAUDER,Dribbling,52,2
MARAUDER,Dribbling,53,2
MARAUDER,Dribbling,54,2
MARAUDER,Dribbling,55,2
MARAUDER,Dribbling,56,2
MARAUDER,Dribbling,57,2
MARAUDER,Dribbling,58,2
MARAUDER,Dribbling,59,2
MARAUDER,Dribbling,60,3
MARAUDER,Dribbling,61,3
MARAUDER,Dribbling,62,3
MARAUDER,Dribbling,63,3
MARAUDER,Dribbling,64,4
MARAUDER,Dribbling,65,4
MARAUDER,Dribbling,66,4
MARAUDER,Dribbling,67,5
MARAUDER,Dribbling,68,5
MARAUDER,Dribbling,69,5
MARAUDER,Dribbling,70,6
MARAUDER,Dribbling,71,6
MARAUDER,Dribbling,72,6
MARAUDER,Dribbling,73,6
MARAUDER,Dribbling,74,6
MARAUDER,Dribbling,75,8
MARAUDER,Dribbling,76,8
MARAUDER,Dribbling,77,8
MARAUDER,Dribbling,78,8
MARAUDER,Dribbling,79,8
MARAUDER,Dribbling,80,10
MARAUDER,Dribbling,81,10
MARAUDER,Dribbling,82,10
MARAUDER,Dribbling,83,10
MARAUDER,Dribbling,84,10
MARAUDER,Dribbling,85,15
MARAUDER,Dribbling,86,15
MARAUDER,Dribbling,87,15
MARAUDER,Dribbling,88,15
MARAUDER,Dribbling,89,15
MARAUDER,Dribbling,90,20
MARAUDER,Dribbling,91,20
MARAUDER,Dribbling,92,20
MARAUDER,Dribbling,93,20
MARAUDER,Dribbling,94,20
MARAUDER,Dribbling,95,25
MARAUDER,Dribbling,96,30
MARAUDER,Dribbling,97,35
MARAUDER,Dribbling,98,40
MARAUDER,Dribbling,99,45
MARAUDER,Composure,40,1
MARAUDER,Composure,41,1
MARAUDER,Composure,42,1
MARAUDER,Composure,43,1
MARAUDER,Composure,44,1
MARAUDER,Composure,45,1
MARAUDER,Composure,46,1
MARAUDER,Composure,47,1
MARAUDER,Composure,48,1
MARAUDER,Composure,49,1
MARAUDER,Composure,50,1
MARAUDER,Composure,51,1
MARAUDER,Composure,52,1
MARAUDER,Composure,53,1
MARAUDER,Composure,54,1
MARAUDER,Composure,55,1
MARAUDER,Composure,56,1
MARAUDER,Composure,57,1
MARAUDER,Composure,58,1
MARAUDER,Composure,59,1
MARAUDER,Composure,60,2
MARAUDER,Composure,61,2
MARAUDER,Composure,62,2
MARAUDER,Composure,63,2
MARAUDER,Composure,64,3
MARAUDER,Composure,65,3
MARAUDER,Composure,66,3
MARAUDER,Composure,67,3
MARAUDER,Composure,68,3
MARAUDER,Composure,69,3
MARAUDER,Composure,70,4
MARAUDER,Composure,71,4
MARAUDER,Composure,72,4
MARAUDER,Composure,73,4
MARAUDER,Composure,74,4
MARAUDER,Composure,75,6
MARAUDER,Composure,76,6
MARAUDER,Composure,77,6
MARAUDER,Composure,78,6
MARAUDER,Composure,79,6
MARAUDER,Composure,80,7
MARAUDER,Composure,81,7
MARAUDER,Composure,82,7
MARAUDER,Composure,83,7
MARAUDER,Composure,84,7
MARAUDER,Composure,85,11
MARAUDER,Composure,86,11
MARAUDER,Composure,87,11
MARAUDER,Composure,88,11
MARAUDER,Composure,89,11
MARAUDER,Composure,90,15
MARAUDER,Composure,91,15
MARAUDER,Composure,92,15
MARAUDER,Composure,93,15
MARAUDER,Composure,94,15
MARAUDER,Composure,95,18
MARAUDER,Composure,96,22
MARAUDER,Composure,97,26
MARAUDER,Composure,98,30
MARAUDER,Composure,99,33
MARAUDER,Interceptions,40,2
MARAUDER,Interceptions,41,2
MARAUDER,Interceptions,42,2
MARAUDER,Interceptions,43,2
MARAUDER,Interceptions,44,2
MARAUDER,Interceptions,45,2
MARAUDER,Interceptions,46,2
MARAUDER,Interceptions,47,2
MARAUDER,Interceptions,48,2
MARAUDER,Interceptions,49,2
MARAUDER,Interceptions,50,2
MARAUDER,Interceptions,51,2
MARAUDER,Interceptions,52,2
MARAUDER,Interceptions,53,2
MARAUDER,Interceptions,54,2
MARAUDER,Interceptions,55,2
MARAUDER,Interceptions,56,2
MARAUDER,Interceptions,57,2
MARAUDER,Interceptions,58,2
MARAUDER,Interceptions,59,2
MARAUDER,Interceptions,60,3
MARAUDER,Interceptions,61,3
MARAUDER,Interceptions,62,3
MARAUDER,Interceptions,63,3
MARAUDER,Interceptions,64,4
MARAUDER,Interceptions,65,4
MARAUDER,Interceptions,66,4
MARAUDER,Interceptions,67,5
MARAUDER,Interceptions,68,5
MARAUDER,Interceptions,69,5
MARAUDER,Interceptions,70,6
MARAUDER,Interceptions,71,6
MARAUDER,Interceptions,72,6
MARAUDER,Interceptions,73,6
MARAUDER,Interceptions,74,6
MARAUDER,Interceptions,75,8
MARAUDER,Interceptions,76,8
MARAUDER,Interceptions,77,8
MARAUDER,Interceptions,78,8
MARAUDER,Interceptions,79,8
MARAUDER,Interceptions,80,10
MARAUDER,Interceptions,81,10
MARAUDER,Interceptions,82,10
MARAUDER,Interceptions,83,10
MARAUDER,Interceptions,84,10
MARAUDER,Interceptions,85,15
MARAUDER,Interceptions,86,15
MARAUDER,Interceptions,87,15
MARAUDER,Interceptions,88,15
MARAUDER,Interceptions,89,15
MARAUDER,Interceptions,90,20
MARAUDER,Interceptions,91,20
MARAUDER,Interceptions,92,20
MARAUDER,Interceptions,93,20
MARAUDER,Interceptions,94,20
MARAUDER,Interceptions,95,25
MARAUDER,Interceptions,96,30
MARAUDER,Interceptions,97,35
MARAUDER,Interceptions,98,40
MARAUDER,Interceptions,99,45
MARAUDER,Heading Accuracy,40,1
MARAUDER,Heading Accuracy,41,1
MARAUDER,Heading Accuracy,42,1
MARAUDER,Heading Accuracy,43,1
MARAUDER,Heading Accuracy,44,1
MARAUDER,Heading Accuracy,45,1
MARAUDER,Heading Accuracy,46,1
MARAUDER,Heading Accuracy,47,1
MARAUDER,Heading Accuracy,48,1
MARAUDER,Heading Accuracy,49,1
MARAUDER,Heading Accuracy,50,1
MARAUDER,Heading Accuracy,51,1
MARAUDER,Heading Accuracy,52,1
MARAUDER,Heading Accuracy,53,1
MARAUDER,Heading Accuracy,54,1
MARAUDER,Heading Accuracy,55,1
MARAUDER,Heading Accuracy,56,1
MARAUDER,Heading Accuracy,57,1
MARAUDER,Heading Accuracy,58,1
MARAUDER,Heading Accuracy,59,1
MARAUDER,Heading Accuracy,60,2
MARAUDER,Heading Accuracy,61,2
MARAUDER,Heading Accuracy,62,2
MARAUDER,Heading Accuracy,63,2
MARAUDER,Heading Accuracy,64,3
MARAUDER,Heading Accuracy,65,3
MARAUDER,Heading Accuracy,66,3
MARAUDER,Heading Accuracy,67,3
MARAUDER,Heading Accuracy,68,3
MARAUDER,Heading Accuracy,69,3
MARAUDER,Heading Accuracy,70,4
MARAUDER,Heading Accuracy,71,4
MARAUDER,Heading Accuracy,72,4
MARAUDER,Heading Accuracy,73,4
MARAUDER,Heading Accuracy,74,4
MARAUDER,Heading Accuracy,75,6
MARAUDER,Heading Accuracy,76,6
MARAUDER,Heading Accuracy,77,6
MARAUDER,Heading Accuracy,78,6
MARAUDER,Heading Accuracy,79,6
MARAUDER,Heading Accuracy,80,7
MARAUDER,Heading Accuracy,81,7
MARAUDER,Heading Accuracy,82,7
MARAUDER,Heading Accuracy,83,7
MARAUDER,Heading Accuracy,84,7
MARAUDER,Heading Accuracy,85,11
MARAUDER,Heading Accuracy,86,11
MARAUDER,Heading Accuracy,87,11
MARAUDER,Heading Accuracy,88,11
MARAUDER,Heading Accuracy,89,11
MARAUDER,Heading Accuracy,90,15
MARAUDER,Heading Accuracy,91,15
MARAUDER,Heading Accuracy,92,15
MARAUDER,Heading Accuracy,93,15
MARAUDER,Heading Accuracy,94,15
MARAUDER,Heading Accuracy,95,18
MARAUDER,Heading Accuracy,96,22
MARAUDER,Heading Accuracy,97,26
MARAUDER,Heading Accuracy,98,30
MARAUDER,Heading Accuracy,99,33
MARAUDER,DefAwareness,40,1
MARAUDER,DefAwareness,41,1
MARAUDER,DefAwareness,42,1
MARAUDER,DefAwareness,43,1
MARAUDER,DefAwareness,44,1
MARAUDER,DefAwareness,45,1
MARAUDER,DefAwareness,46,1
MARAUDER,DefAwareness,47,1
MARAUDER,DefAwareness,48,1
MARAUDER,DefAwareness,49,1
MARAUDER,DefAwareness,50,1
MARAUDER,DefAwareness,51,1
MARAUDER,DefAwareness,52,1
MARAUDER,DefAwareness,53,1
MARAUDER,DefAwareness,54,1
MARAUDER,DefAwareness,55,1
MARAUDER,DefAwareness,56,1
MARAUDER,DefAwareness,57,1
MARAUDER,DefAwareness,58,1
MARAUDER,DefAwareness,59,1
MARAUDER,DefAwareness,60,2
MARAUDER,DefAwareness,61,2
MARAUDER,DefAwareness,62,2
MARAUDER,DefAwareness,63,2
MARAUDER,DefAwareness,64,3
MARAUDER,DefAwareness,65,3
MARAUDER,DefAwareness,66,3
MARAUDER,DefAwareness,67,3
MARAUDER,DefAwareness,68,3
MARAUDER,DefAwareness,69,3
MARAUDER,DefAwareness,70,4
MARAUDER,DefAwareness,71,4
MARAUDER,DefAwareness,72,4
MARAUDER,DefAwareness,73,4
MARAUDER,DefAwareness,74,4
MARAUDER,DefAwareness,75,6
MARAUDER,DefAwareness,76,6
MARAUDER,DefAwareness,77,6
MARAUDER,DefAwareness,78,6
MARAUDER,DefAwareness,79,6
MARAUDER,DefAwareness,80,7
MARAUDER,DefAwareness,81,7
MARAUDER,DefAwareness,82,7
MARAUDER,DefAwareness,83,7
MARAUDER,DefAwareness,84,7
MARAUDER,DefAwareness,85,11
MARAUDER,DefAwareness,86,11
MARAUDER,DefAwareness,87,11
MARAUDER,DefAwareness,88,11
MARAUDER,DefAwareness,89,11
MARAUDER,DefAwareness,90,15
MARAUDER,DefAwareness,91,15
MARAUDER,DefAwareness,92,15
MARAUDER,DefAwareness,93,15
MARAUDER,DefAwareness,94,15
MARAUDER,DefAwareness,95,18
MARAUDER,DefAwareness,96,22
MARAUDER,DefAwareness,97,26
MARAUDER,DefAwareness,98,30
MARAUDER,DefAwareness,99,33
MARAUDER,StandingTackle,40,1
MARAUDER,StandingTackle,41,1
MARAUDER,StandingTackle,42,1
MARAUDER,StandingTackle,43,1
MARAUDER,StandingTackle,44,1
MARAUDER,StandingTackle,45,1
MARAUDER,StandingTackle,46,1
MARAUDER,StandingTackle,47,1
MARAUDER,StandingTackle,48,1
MARAUDER,StandingTackle,49,1
MARAUDER,StandingTackle,50,1
MARAUDER,StandingTackle,51,1
MARAUDER,StandingTackle,52,1
MARAUDER,StandingTackle,53,1
MARAUDER,StandingTackle,54,1
MARAUDER,StandingTackle,55,1
MARAUDER,StandingTackle,56,1
MARAUDER,StandingTackle,57,1
MARAUDER,StandingTackle,58,1
MARAUDER,StandingTackle,59,1
MARAUDER,StandingTackle,60,2
MARAUDER,StandingTackle,61,2
MARAUDER,StandingTackle,62,2
MARAUDER,StandingTackle,63,2
MARAUDER,StandingTackle,64,3
MARAUDER,StandingTackle,65,3
MARAUDER,StandingTackle,66,3
MARAUDER,StandingTackle,67,3
MARAUDER,StandingTackle,68,3
MARAUDER,StandingTackle,69,3
MARAUDER,StandingTackle,70,4
MARAUDER,StandingTackle,71,4
MARAUDER,StandingTackle,72,4
MARAUDER,StandingTackle,73,4
MARAUDER,StandingTackle,74,4
MARAUDER,StandingTackle,75,6
MARAUDER,StandingTackle,76,6
MARAUDER,StandingTackle,77,6
MARAUDER,StandingTackle,78,6
MARAUDER,StandingTackle,79,6
MARAUDER,StandingTackle,80,7
MARAUDER,StandingTackle,81,7
MARAUDER,StandingTackle,82,7
MARAUDER,StandingTackle,83,7
MARAUDER,StandingTackle,84,7
MARAUDER,StandingTackle,85,11
MARAUDER,StandingTackle,86,11
MARAUDER,StandingTackle,87,11
MARAUDER,StandingTackle,88,11
MARAUDER,StandingTackle,89,11
MARAUDER,StandingTackle,90,15
MARAUDER,StandingTackle,91,15
MARAUDER,StandingTackle,92,15
MARAUDER,StandingTackle,93,15
MARAUDER,StandingTackle,94,15
MARAUDER,StandingTackle,95,18
MARAUDER,StandingTackle,96,22
MARAUDER,StandingTackle,97,26
MARAUDER,StandingTackle,98,30
MARAUDER,StandingTackle,99,33
MARAUDER,SlidingTackle,40,1
MARAUDER,SlidingTackle,41,1
MARAUDER,SlidingTackle,42,1
MARAUDER,SlidingTackle,43,1
MARAUDER,SlidingTackle,44,1
MARAUDER,SlidingTackle,45,1
MARAUDER,SlidingTackle,46,1
MARAUDER,SlidingTackle,47,1
MARAUDER,SlidingTackle,48,1
MARAUDER,SlidingTackle,49,1
MARAUDER,SlidingTackle,50,1
MARAUDER,SlidingTackle,51,1
MARAUDER,SlidingTackle,52,1
MARAUDER,SlidingTackle,53,1
MARAUDER,SlidingTackle,54,1
MARAUDER,SlidingTackle,55,1
MARAUDER,SlidingTackle,56,1
MARAUDER,SlidingTackle,57,1
MARAUDER,SlidingTackle,58,1
MARAUDER,SlidingTackle,59,1
MARAUDER,SlidingTackle,60,2
MARAUDER,SlidingTackle,61,2
MARAUDER,SlidingTackle,62,2
MARAUDER,SlidingTackle,63,2
MARAUDER,SlidingTackle,64,3
MARAUDER,SlidingTackle,65,3
MARAUDER,SlidingTackle,66,3
MARAUDER,SlidingTackle,67,3
MARAUDER,SlidingTackle,68,3
MARAUDER,SlidingTackle,69,3
MARAUDER,SlidingTackle,70,4
MARAUDER,SlidingTackle,71,4
MARAUDER,SlidingTackle,72,4
MARAUDER,SlidingTackle,73,4
MARAUDER,SlidingTackle,74,4
MARAUDER,SlidingTackle,75,6
MARAUDER,SlidingTackle,76,6
MARAUDER,SlidingTackle,77,6
MARAUDER,SlidingTackle,78,6
MARAUDER,SlidingTackle,79,6
MARAUDER,SlidingTackle,80,7
MARAUDER,SlidingTackle,81,7
MARAUDER,SlidingTackle,82,7
MARAUDER,SlidingTackle,83,7
MARAUDER,SlidingTackle,84,7
MARAUDER,SlidingTackle,85,11
MARAUDER,SlidingTackle,86,11
MARAUDER,SlidingTackle,87,11
MARAUDER,SlidingTackle,88,11
MARAUDER,SlidingTackle,89,11
MARAUDER,SlidingTackle,90,15
MARAUDER,SlidingTackle,91,15
MARAUDER,SlidingTackle,92,15
MARAUDER,SlidingTackle,93,15
MARAUDER,SlidingTackle,94,15
MARAUDER,SlidingTackle,95,18
MARAUDER,SlidingTackle,96,22
MARAUDER,SlidingTackle,97,26
MARAUDER,SlidingTackle,98,30
MARAUDER,SlidingTackle,99,33
MARAUDER,Jumping,40,1
MARAUDER,Jumping,41,1
MARAUDER,Jumping,42,1
MARAUDER,Jumping,43,1
MARAUDER,Jumping,44,1
MARAUDER,Jumping,45,1
MARAUDER,Jumping,46,1
MARAUDER,Jumping,47,1
MARAUDER,Jumping,48,1
MARAUDER,Jumping,49,1
MARAUDER,Jumping,50,1
MARAUDER,Jumping,51,1
MARAUDER,Jumping,52,1
MARAUDER,Jumping,53,1
MARAUDER,Jumping,54,1
MARAUDER,Jumping,55,1
MARAUDER,Jumping,56,1
MARAUDER,Jumping,57,1
MARAUDER,Jumping,58,1
MARAUDER,Jumping,59,1
MARAUDER,Jumping,60,1
MARAUDER,Jumping,61,1
MARAUDER,Jumping,62,1
MARAUDER,Jumping,63,1
MARAUDER,Jumping,64,2
MARAUDER,Jumping,65,2
MARAUDER,Jumping,66,2
MARAUDER,Jumping,67,2
MARAUDER,Jumping,68,2
MARAUDER,Jumping,69,2
MARAUDER,Jumping,70,3
MARAUDER,Jumping,71,3
MARAUDER,Jumping,72,3
MARAUDER,Jumping,73,3
MARAUDER,Jumping,74,3
MARAUDER,Jumping,75,4
MARAUDER,Jumping,76,4
MARAUDER,Jumping,77,4
MARAUDER,Jumping,78,4
MARAUDER,Jumping,79,4
MARAUDER,Jumping,80,5
MARAUDER,Jumping,81,5
MARAUDER,Jumping,82,5
MARAUDER,Jumping,83,5
MARAUDER,Jumping,84,5
MARAUDER,Jumping,85,8
MARAUDER,Jumping,86,8
MARAUDER,Jumping,87,8
MARAUDER,Jumping,88,8
MARAUDER,Jumping,89,8
MARAUDER,Jumping,90,11
MARAUDER,Jumping,91,11
MARAUDER,Jumping,92,11
MARAUDER,Jumping,93,11
MARAUDER,Jumping,94,11
MARAUDER,Jumping,95,13
MARAUDER,Jumping,96,16
MARAUDER,Jumping,97,19
MARAUDER,Jumping,98,22
MARAUDER,Jumping,99,24
MARAUDER,Stamina,40,1
MARAUDER,Stamina,41,1
MARAUDER,Stamina,42,1
MARAUDER,Stamina,43,1
MARAUDER,Stamina,44,1
MARAUDER,Stamina,45,1
MARAUDER,Stamina,46,1
MARAUDER,Stamina,47,1
MARAUDER,Stamina,48,1
MARAUDER,Stamina,49,1
MARAUDER,Stamina,50,1
MARAUDER,Stamina,51,1
MARAUDER,Stamina,52,1
MARAUDER,Stamina,53,1
MARAUDER,Stamina,54,1
MARAUDER,Stamina,55,1
MARAUDER,Stamina,56,1
MARAUDER,Stamina,57,1
MARAUDER,Stamina,58,1
MARAUDER,Stamina,59,1
MARAUDER,Stamina,60,1
MARAUDER,Stamina,61,1
MARAUDER,Stamina,62,1
MARAUDER,Stamina,63,1
MARAUDER,Stamina,64,1
MARAUDER,Stamina,65,1
MARAUDER,Stamina,66,1
MARAUDER,Stamina,67,2
MARAUDER,Stamina,68,2
MARAUDER,Stamina,69,2
MARAUDER,Stamina,70,2
MARAUDER,Stamina,71,2
MARAUDER,Stamina,72,2
MARAUDER,Stamina,73,2
MARAUDER,Stamina,74,2
MARAUDER,Stamina,75,3
MARAUDER,Stamina,76,3
MARAUDER,Stamina,77,3
MARAUDER,Stamina,78,3
MARAUDER,Stamina,79,3
MARAUDER,Stamina,80,3
MARAUDER,Stamina,81,3
MARAUDER,Stamina,82,3
MARAUDER,Stamina,83,3
MARAUDER,Stamina,84,3
MARAUDER,Stamina,85,6
MARAUDER,Stamina,86,6
MARAUDER,Stamina,87,6
MARAUDER,Stamina,88,6
MARAUDER,Stamina,89,6
MARAUDER,Stamina,90,8
MARAUDER,Stamina,91,8
MARAUDER,Stamina,92,8
MARAUDER,Stamina,93,8
MARAUDER,Stamina,94,8
MARAUDER,Stamina,95,9
MARAUDER,Stamina,96,12
MARAUDER,Stamina,97,14
MARAUDER,Stamina,98,16
MARAUDER,Stamina,99,18
MARAUDER,Strength,40,1
MARAUDER,Strength,41,1
MARAUDER,Strength,42,1
MARAUDER,Strength,43,1
MARAUDER,Strength,44,1
MARAUDER,Strength,45,1
MARAUDER,Strength,46,1
MARAUDER,Strength,47,1
MARAUDER,Strength,48,1
MARAUDER,Strength,49,1
MARAUDER,Strength,50,1
MARAUDER,Strength,51,1
MARAUDER,Strength,52,1
MARAUDER,Strength,53,1
MARAUDER,Strength,54,1
MARAUDER,Strength,55,1
MARAUDER,Strength,56,1
MARAUDER,Strength,57,1
MARAUDER,Strength,58,1
MARAUDER,Strength,59,1
MARAUDER,Strength,60,2
MARAUDER,Strength,61,2
MARAUDER,Strength,62,2
MARAUDER,Strength,63,2
MARAUDER,Strength,64,3
MARAUDER,Strength,65,3
MARAUDER,Strength,66,3
MARAUDER,Strength,67,3
MARAUDER,Strength,68,3
MARAUDER,Strength,69,3
MARAUDER,Strength,70,4
MARAUDER,Strength,71,4
MARAUDER,Strength,72,4
MARAUDER,Strength,73,4
MARAUDER,Strength,74,4
MARAUDER,Strength,75,6
MARAUDER,Strength,76,6
MARAUDER,Strength,77,6
MARAUDER,Strength,78,6
MARAUDER,Strength,79,6
MARAUDER,Strength,80,7
MARAUDER,Strength,81,7
MARAUDER,Strength,82,7
MARAUDER,Strength,83,7
MARAUDER,Strength,84,7
MARAUDER,Strength,85,11
MARAUDER,Strength,86,11
MARAUDER,Strength,87,11
MARAUDER,Strength,88,11
MARAUDER,Strength,89,11
MARAUDER,Strength,90,15
MARAUDER,Strength,91,15
MARAUDER,Strength,92,15
MARAUDER,Strength,93,15
MARAUDER,Strength,94,15
MARAUDER,Strength,95,18
MARAUDER,Strength,96,22
MARAUDER,Strength,97,26
MARAUDER,Strength,98,30
MARAUDER,Strength,99,33
MARAUDER,Aggression,40,1
MARAUDER,Aggression,41,1
MARAUDER,Aggression,42,1
MARAUDER,Aggression,43,1
MARAUDER,Aggression,44,1
MARAUDER,Aggression,45,1
MARAUDER,Aggression,46,1
MARAUDER,Aggression,47,1
MARAUDER,Aggression,48,1
MARAUDER,Aggression,49,1
MARAUDER,Aggression,50,1
MARAUDER,Aggression,51,1
MARAUDER,Aggression,52,1
MARAUDER,Aggression,53,1
MARAUDER,Aggression,54,1
MARAUDER,Aggression,55,1
MARAUDER,Aggression,56,1
MARAUDER,Aggression,57,1
MARAUDER,Aggression,58,1
MARAUDER,Aggression,59,1
MARAUDER,Aggression,60,1
MARAUDER,Aggression,61,1
MARAUDER,Aggression,62,1
MARAUDER,Aggression,63,1
MARAUDER,Aggression,64,2
MARAUDER,Aggression,65,2
MARAUDER,Aggression,66,2
MARAUDER,Aggression,67,2
MARAUDER,Aggression,68,2
MARAUDER,Aggression,69,2
MARAUDER,Aggression,70,3
MARAUDER,Aggression,71,3
MARAUDER,Aggression,72,3
MARAUDER,Aggression,73,3
MARAUDER,Aggression,74,3
MARAUDER,Aggression,75,4
MARAUDER,Aggression,76,4
MARAUDER,Aggression,77,4
MARAUDER,Aggression,78,4
MARAUDER,Aggression,79,4
MARAUDER,Aggression,80,5
MARAUDER,Aggression,81,5
MARAUDER,Aggression,82,5
MARAUDER,Aggression,83,5
MARAUDER,Aggression,84,5
MARAUDER,Aggression,85,8
MARAUDER,Aggression,86,8
MARAUDER,Aggression,87,8
MARAUDER,Aggression,88,8
MARAUDER,Aggression,89,8
MARAUDER,Aggression,90,11
MARAUDER,Aggression,91,11
MARAUDER,Aggression,92,11
MARAUDER,Aggression,93,11
MARAUDER,Aggression,94,11
MARAUDER,Aggression,95,13
MARAUDER,Aggression,96,16
MARAUDER,Aggression,97,19
MARAUDER,Aggression,98,22
MARAUDER,Aggression,99,24
MAGICIAN,SkillMoves,3,20
MAGICIAN,SkillMoves,4,25
MAGICIAN,SkillMoves,5,40
MAGICIAN,WeakFoot,3,20
MAGICIAN,WeakFoot,4,35
MAGICIAN,WeakFoot,5,50
FINISHER,SkillMoves,3,20
FINISHER,SkillMoves,4,35
FINISHER,SkillMoves,5,50
FINISHER,WeakFoot,3,20
FINISHER,WeakFoot,4,25
FINISHER,WeakFoot,5,40
TARGET,SkillMoves,3,20
TARGET,SkillMoves,4,35
TARGET,SkillMoves,5,50
TARGET,WeakFoot,3,15
TARGET,WeakFoot,4,25
TARGET,WeakFoot,5,30
RECYCLER,SkillMoves,3,20
RECYCLER,SkillMoves,4,35
RECYCLER,SkillMoves,5,50
RECYCLER,WeakFoot,3,20
RECYCLER,WeakFoot,4,25
RECYCLER,WeakFoot,5,40
MAESTRO,SkillMoves,3,20
MAESTRO,SkillMoves,4,35
MAESTRO,SkillMoves,5,50
MAESTRO,WeakFoot,3,20
MAESTRO,WeakFoot,4,25
MAESTRO,WeakFoot,5,40
CREATOR,SkillMoves,3,15
CREATOR,SkillMoves,4,25
CREATOR,SkillMoves,5,40
CREATOR,WeakFoot,3,20
CREATOR,WeakFoot,4,25
CREATOR,WeakFoot,5,40
SPARK,SkillMoves,3,20
SPARK,SkillMoves,4,35
SPARK,SkillMoves,5,50
SPARK,WeakFoot,3,20
SPARK,WeakFoot,4,35
SPARK,WeakFoot,5,50
PROGRESSOR,SkillMoves,3,20
PROGRESSOR,SkillMoves,4,35
PROGRESSOR,SkillMoves,5,50
PROGRESSOR,WeakFoot,3,15
PROGRESSOR,WeakFoot,4,25
PROGRESSOR,WeakFoot,5,30
BOSS,SkillMoves,3,35
BOSS,SkillMoves,4,35
BOSS,SkillMoves,5,50
BOSS,WeakFoot,3,20
BOSS,WeakFoot,4,25
BOSS,WeakFoot,5,40
ENGINE,SkillMoves,3,15
ENGINE,SkillMoves,4,25
ENGINE,SkillMoves,5,30
ENGINE,WeakFoot,3,20
ENGINE,WeakFoot,4,25
ENGINE,WeakFoot,5,30
MARAUDER,SkillMoves,3,20
MARAUDER,SkillMoves,4,35
MARAUDER,SkillMoves,5,50
MARAUDER,WeakFoot,3,20
MARAUDER,WeakFoot,4,35
MARAUDER,WeakFoot,5,50
