Archetype,Attribute,Level,Cost
CREATOR,Agility,99,45
CREATOR,Balance,40,1
CREATOR,Balance,41,1
CREATOR,Balance,42,1
CREATOR,Balance,43,1
CREATOR,Balance,44,1
CREATOR,Balance,45,1
CREATOR,Balance,46,1
CREATOR,Balance,47,1
CREATOR,Balance,48,1
CREATOR,Balance,49,1
CREATOR,Balance,50,1
CREATOR,Balance,51,1
CREATOR,Balance,52,1
CREATOR,Balance,53,1
CREATOR,Balance,54,1
CREATOR,Balance,55,1
CREATOR,Balance,56,1
CREATOR,Balance,57,1
CREATOR,Balance,58,1
CREATOR,Balance,59,1
CREATOR,Balance,60,2
CREATOR,Balance,61,2
CREATOR,Balance,62,2
CREATOR,Balance,63,2
CREATOR,Balance,64,3
CREATOR,Balance,65,3
CREATOR,Balance,66,3
CREATOR,Balance,67,3
CREATOR,Balance,68,3
CREATOR,Balance,69,3
CREATOR,Balance,70,4
CREATOR,Balance,71,4
CREATOR,Balance,72,4
CREATOR,Balance,73,4
CREATOR,Balance,74,4
CREATOR,Balance,75,6
CREATOR,Balance,76,6
CREATOR,Balance,77,6
CREATOR,Balance,78,6
CREATOR,Balance,79,6
CREATOR,Balance,80,7
CREATOR,Balance,81,7
CREATOR,Balance,82,7
CREATOR,Balance,83,7
CREATOR,Balance,84,7
CREATOR,Balance,85,11
CREATOR,Balance,86,11
CREATOR,Balance,87,11
CREATOR,Balance,88,11
CREATOR,Balance,89,11
CREATOR,Balance,90,15
CREATOR,Balance,91,15
CREATOR,Balance,92,15
CREATOR,Balance,93,15
CREATOR,Balance,94,15
CREATOR,Balance,95,18
CREATOR,Balance,96,22
CREATOR,Balance,97,26
CREATOR,Balance,98,30
CREATOR,Balance,99,33
CREATOR,Reactions,40,1
CREATOR,Reactions,41,1
CREATOR,Reactions,42,1
CREATOR,Reactions,43,1
CREATOR,Reactions,44,1
CREATOR,Reactions,45,1
CREATOR,Reactions,46,1
CREATOR,Reactions,47,1
CREATOR,Reactions,48,1
CREATOR,Reactions,49,1
CREATOR,Reactions,50,1
CREATOR,Reactions,51,1
CREATOR,Reactions,52,1
CREATOR,Reactions,53,1
CREATOR,Reactions,54,1
CREATOR,Reactions,55,1
CREATOR,Reactions,56,1
CREATOR,Reactions,57,1
CREATOR,Reactions,58,1
CREATOR,Reactions,59,1
CREATOR,Reactions,60,1
CREATOR,Reactions,61,1
CREATOR,Reactions,62,1
CREATOR,Reactions,63,1
CREATOR,Reactions,64,2
CREATOR,Reactions,65,2
CREATOR,Reactions,66,2
CREATOR,Reactions,67,2
CREATOR,Reactions,68,2
CREATOR,Reactions,69,2
CREATOR,Reactions,70,3
CREATOR,Reactions,71,3
CREATOR,Reactions,72,3
CREATOR,Reactions,73,3
CREATOR,Reactions,74,3
CREATOR,Reactions,75,4
CREATOR,Reactions,76,4
CREATOR,Reactions,77,4
CREATOR,Reactions,78,4
CREATOR,Reactions,79,4
CREATOR,Reactions,80,5
CREATOR,Reactions,81,5
CREATOR,Reactions,82,5
CREATOR,Reactions,83,5
CREATOR,Reactions,84,5
CREATOR,Reactions,85,8
CREATOR,Reactions,86,8
CREATOR,Reactions,87,8
CREATOR,Reactions,88,8
CREATOR,Reactions,89,8
CREATOR,Reactions,90,11
CREATOR,Reactions,91,11
CREATOR,Reactions,92,11
CREATOR,Reactions,93,11
CREATOR,Reactions,94,11
CREATOR,Reactions,95,13
CREATOR,Reactions,96,16
CREATOR,Reactions,97,19
CREATOR,Reactions,98,22
CREATOR,Reactions,99,24
CREATOR,BallControl,40,1
CREATOR,BallControl,41,1
CREATOR,BallControl,42,1
CREATOR,BallControl,43,1
CREATOR,BallControl,44,1
CREATOR,BallControl,45,1
CREATOR,BallControl,46,1
CREATOR,BallControl,47,1
CREATOR,BallControl,48,1
CREATOR,BallControl,49,1
CREATOR,BallControl,50,1
CREATOR,BallControl,51,1
CREATOR,BallControl,52,1
CREATOR,BallControl,53,1
CREATOR,BallControl,54,1
CREATOR,BallControl,55,1
CREATOR,BallControl,56,1
CREATOR,BallControl,57,1
CREATOR,BallControl,58,1
CREATOR,BallControl,59,1
CREATOR,BallControl,60,2
CREATOR,BallControl,61,2
CREATOR,BallControl,62,2
CREATOR,BallControl,63,2
CREATOR,BallControl,64,3
CREATOR,BallControl,65,3
CREATOR,BallControl,66,3
CREATOR,BallControl,67,3
CREATOR,BallControl,68,3
CREATOR,BallControl,69,3
CREATOR,BallControl,70,4
CREATOR,BallControl,71,4
CREATOR,BallControl,72,4
CREATOR,BallControl,73,4
CREATOR,BallControl,74,4
CREATOR,BallControl,75,6
CREATOR,BallControl,76,6
CREATOR,BallControl,77,6
CREATOR,BallControl,78,6
CREATOR,BallControl,79,6
CREATOR,BallControl,80,7
CREATOR,BallControl,81,7
CREATOR,BallControl,82,7
CREATOR,BallControl,83,7
CREATOR,BallControl,84,7
CREATOR,BallControl,85,11
CREATOR,BallControl,86,11
CREATOR,BallControl,87,11
CREATOR,BallControl,88,11
CREATOR,BallControl,89,11
CREATOR,BallControl,90,15
CREATOR,BallControl,91,15
CREATOR,BallControl,92,15
CREATOR,BallControl,93,15
CREATOR,BallControl,94,15
CREATOR,BallControl,95,18
CREATOR,BallControl,96,22
CREATOR,BallControl,97,26
CREATOR,BallControl,98,30
CREATOR,BallControl,99,33
CREATOR,Dribbling,40,2
CREATOR,Dribbling,41,2
CREATOR,Dribbling,42,2
CREATOR,Dribbling,43,2
CREATOR,Dribbling,44,2
CREATOR,Dribbling,45,2
CREATOR,Dribbling,46,2
CREATOR,Dribbling,47,2
CREATOR,Dribbling,48,2
CREATOR,Dribbling,49,2
CREATOR,Dribbling,50,2
CREATOR,Dribbling,51,2
CREATOR,Dribbling,52,2
CREATOR,Dribbling,53,2
CREATOR,Dribbling,54,2
CREATOR,Dribbling,55,2
CREATOR,Dribbling,56,2
CREATOR,Dribbling,57,2
CREATOR,Dribbling,58,2
CREATOR,Dribbling,59,2
CREATOR,Dribbling,60,3
CREATOR,Dribbling,61,3
CREATOR,Dribbling,62,3
CREATOR,Dribbling,63,3
CREATOR,Dribbling,64,4
CREATOR,Dribbling,65,4
CREATOR,Dribbling,66,4
CREATOR,Dribbling,67,5
CREATOR,Dribbling,68,5
CREATOR,Dribbling,69,5
CREATOR,Dribbling,70,6
CREATOR,Dribbling,71,6
CREATOR,Dribbling,72,6
CREATOR,Dribbling,73,6
CREATOR,Dribbling,74,6
CREATOR,Dribbling,75,8
CREATOR,Dribbling,76,8
CREATOR,Dribbling,77,8
CREATOR,Dribbling,78,8
CREATOR,Dribbling,79,8
CREATOR,Dribbling,80,10
CREATOR,Dribbling,81,10
CREATOR,Dribbling,82,10
CREATOR,Dribbling,83,10
CREATOR,Dribbling,84,10
CREATOR,Dribbling,85,15
CREATOR,Dribbling,86,15
CREATOR,Dribbling,87,15
CREATOR,Dribbling,88,15
CREATOR,Dribbling,89,15
CREATOR,Dribbling,90,20
CREATOR,Dribbling,91,20
CREATOR,Dribbling,92,20
CREATOR,Dribbling,93,20
CREATOR,Dribbling,94,20
CREATOR,Dribbling,95,25
CREATOR,Dribbling,96,30
CREATOR,Dribbling,97,35
CREATOR,Dribbling,98,40
CREATOR,Dribbling,99,45
CREATOR,Composure,40,1
CREATOR,Composure,41,1
CREATOR,Composure,42,1
CREATOR,Composure,43,1
CREATOR,Composure,44,1
CREATOR,Composure,45,1
CREATOR,Composure,46,1
CREATOR,Composure,47,1
CREATOR,Composure,48,1
CREATOR,Composure,49,1
CREATOR,Composure,50,1
CREATOR,Composure,51,1
CREATOR,Composure,52,1
CREATOR,Composure,53,1
CREATOR,Composure,54,1
CREATOR,Composure,55,1
CREATOR,Composure,56,1
CREATOR,Composure,57,1
CREATOR,Composure,58,1
CREATOR,Composure,59,1
CREATOR,Composure,60,2
CREATOR,Composure,61,2
CREATOR,Composure,62,2
CREATOR,Composure,63,2
CREATOR,Composure,64,3
CREATOR,Composure,65,3
CREATOR,Composure,66,3
CREATOR,Composure,67,3
CREATOR,Composure,68,3
CREATOR,Composure,69,3
CREATOR,Composure,70,4
CREATOR,Composure,71,4
CREATOR,Composure,72,4
CREATOR,Composure,73,4
CREATOR,Composure,74,4
CREATOR,Composure,75,6
CREATOR,Composure,76,6
CREATOR,Composure,77,6
CREATOR,Composure,78,6
CREATOR,Composure,79,6
CREATOR,Composure,80,7
CREATOR,Composure,81,7
CREATOR,Composure,82,7
CREATOR,Composure,83,7
CREATOR,Composure,84,7
CREATOR,Composure,85,11
CREATOR,Composure,86,11
CREATOR,Composure,87,11
CREATOR,Composure,88,11
CREATOR,Composure,89,11
CREATOR,Composure,90,15
CREATOR,Composure,91,15
CREATOR,Composure,92,15
CREATOR,Composure,93,15
CREATOR,Composure,94,15
CREATOR,Composure,95,18
CREATOR,Composure,96,22
CREATOR,Composure,97,26
CREATOR,Composure,98,30
CREATOR,Composure,99,33
CREATOR,Interceptions,40,2
CREATOR,Interceptions,41,2
CREATOR,Interceptions,42,2
CREATOR,Interceptions,43,2
CREATOR,Interceptions,44,2
CREATOR,Interceptions,45,2
CREATOR,Interceptions,46,2
CREATOR,Interceptions,47,2
CREATOR,Interceptions,48,2
CREATOR,Interceptions,49,2
CREATOR,Interceptions,50,2
CREATOR,Interceptions,51,2
CREATOR,Interceptions,52,2
CREATOR,Interceptions,53,2
CREATOR,Interceptions,54,2
CREATOR,Interceptions,55,2
CREATOR,Interceptions,56,2
CREATOR,Interceptions,57,2
CREATOR,Interceptions,58,2
CREATOR,Interceptions,59,2
CREATOR,Interceptions,60,3
CREATOR,Interceptions,61,3
CREATOR,Interceptions,62,3
CREATOR,Interceptions,63,3
CREATOR,Interceptions,64,4
CREATOR,Interceptions,65,4
CREATOR,Interceptions,66,4
CREATOR,Interceptions,67,5
CREATOR,Interceptions,68,5
CREATOR,Interceptions,69,5
CREATOR,Interceptions,70,6
CREATOR,Interceptions,71,6
CREATOR,Interceptions,72,6
CREATOR,Interceptions,73,6
CREATOR,Interceptions,74,6
CREATOR,Interceptions,75,8
CREATOR,Interceptions,76,8
CREATOR,Interceptions,77,8
CREATOR,Interceptions,78,8
CREATOR,Interceptions,79,8
CREATOR,Interceptions,80,10
CREATOR,Interceptions,81,10
CREATOR,Interceptions,82,10
CREATOR,Interceptions,83,10
CREATOR,Interceptions,84,10
CREATOR,Interceptions,85,15
CREATOR,Interceptions,86,15
CREATOR,Interceptions,87,15
CREATOR,Interceptions,88,15
CREATOR,Interceptions,89,15
CREATOR,Interceptions,90,20
CREATOR,Interceptions,91,20
CREATOR,Interceptions,92,20
CREATOR,Interceptions,93,20
CREATOR,Interceptions,94,20
CREATOR,Interceptions,95,25
CREATOR,Interceptions,96,30
CREATOR,Interceptions,97,35
CREATOR,Interceptions,98,40
CREATOR,Interceptions,99,45
CREATOR,Heading Accuracy,40,1
CREATOR,Heading Accuracy,41,1
CREATOR,Heading Accuracy,42,1
CREATOR,Heading Accuracy,43,1
CREATOR,Heading Accuracy,44,1
CREATOR,Heading Accuracy,45,1
CREATOR,Heading Accuracy,46,1
CREATOR,Heading Accuracy,47,1
CREATOR,Heading Accuracy,48,1
CREATOR,Heading Accuracy,49,1
CREATOR,Heading Accuracy,50,1
CREATOR,Heading Accuracy,51,1
CREATOR,Heading Accuracy,52,1
CREATOR,Heading Accuracy,53,1
CREATOR,Heading Accuracy,54,1
CREATOR,Heading Accuracy,55,1
CREATOR,Heading Accuracy,56,1
CREATOR,Heading Accuracy,57,1
CREATOR,Heading Accuracy,58,1
CREATOR,Heading Accuracy,59,1
CREATOR,Heading Accuracy,60,2
CREATOR,Heading Accuracy,61,2
CREATOR,Heading Accuracy,62,2
CREATOR,Heading Accuracy,63,2
CREATOR,Heading Accuracy,64,3
CREATOR,Heading Accuracy,65,3
CREATOR,Heading Accuracy,66,3
CREATOR,Heading Accuracy,67,3
CREATOR,Heading Accuracy,68,3
CREATOR,Heading Accuracy,69,3
CREATOR,Heading Accuracy,70,4
CREATOR,Heading Accuracy,71,4
CREATOR,Heading Accuracy,72,4
CREATOR,Heading Accuracy,73,4
CREATOR,Heading Accuracy,74,4
CREATOR,Heading Accuracy,75,6
CREATOR,Heading Accuracy,76,6
CREATOR,Heading Accuracy,77,6
CREATOR,Heading Accuracy,78,6
CREATOR,Heading Accuracy,79,6
CREATOR,Heading Accuracy,80,7
CREATOR,Heading Accuracy,81,7
CREATOR,Heading Accuracy,82,7
CREATOR,Heading Accuracy,83,7
CREATOR,Heading Accuracy,84,7
CREATOR,Heading Accuracy,85,11
CREATOR,Heading Accuracy,86,11
CREATOR,Heading Accuracy,87,11
CREATOR,Heading Accuracy,88,11
CREATOR,Heading Accuracy,89,11
CREATOR,Heading Accuracy,90,15
CREATOR,Heading Accuracy,91,15
CREATOR,Heading Accuracy,92,15
CREATOR,Heading Accuracy,93,15
CREATOR,Heading Accuracy,94,15
CREATOR,Heading Accuracy,95,18
CREATOR,Heading Accuracy,96,22
CREATOR,Heading Accuracy,97,26
CREATOR,Heading Accuracy,98,30
CREATOR,Heading Accuracy,99,33
CREATOR,DefAwareness,40,1
CREATOR,DefAwareness,41,1
CREATOR,DefAwareness,42,1
CREATOR,DefAwareness,43,1
CREATOR,DefAwareness,44,1
CREATOR,DefAwareness,45,1
CREATOR,DefAwareness,46,1
CREATOR,DefAwareness,47,1
CREATOR,DefAwareness,48,1
CREATOR,DefAwareness,49,1
CREATOR,DefAwareness,50,1
CREATOR,DefAwareness,51,1
CREATOR,DefAwareness,52,1
CREATOR,DefAwareness,53,1
CREATOR,DefAwareness,54,1
CREATOR,DefAwareness,55,1
CREATOR,DefAwareness,56,1
CREATOR,DefAwareness,57,1
CREATOR,DefAwareness,58,1
CREATOR,DefAwareness,59,1
CREATOR,DefAwareness,60,2
CREATOR,DefAwareness,61,2
CREATOR,DefAwareness,62,2
CREATOR,DefAwareness,63,2
CREATOR,DefAwareness,64,3
CREATOR,DefAwareness,65,3
CREATOR,DefAwareness,66,3
CREATOR,DefAwareness,67,3
CREATOR,DefAwareness,68,3
CREATOR,DefAwareness,69,3
CREATOR,DefAwareness,70,4
CREATOR,DefAwareness,71,4
CREATOR,DefAwareness,72,4
CREATOR,DefAwareness,73,4
CREATOR,DefAwareness,74,4
CREATOR,DefAwareness,75,6
CREATOR,DefAwareness,76,6
CREATOR,DefAwareness,77,6
CREATOR,DefAwareness,78,6
CREATOR,DefAwareness,79,6
CREATOR,DefAwareness,80,7
CREATOR,DefAwareness,81,7
CREATOR,DefAwareness,82,7
CREATOR,DefAwareness,83,7
CREATOR,DefAwareness,84,7
CREATOR,DefAwareness,85,11
CREATOR,DefAwareness,86,11
CREATOR,DefAwareness,87,11
CREATOR,DefAwareness,88,11
CREATOR,DefAwareness,89,11
CREATOR,DefAwareness,90,15
CREATOR,DefAwareness,91,15
CREATOR,DefAwareness,92,15
CREATOR,DefAwareness,93,15
CREATOR,DefAwareness,94,15
CREATOR,DefAwareness,95,18
CREATOR,DefAwareness,96,22
CREATOR,DefAwareness,97,26
CREATOR,DefAwareness,98,30
CREATOR,DefAwareness,99,33
CREATOR,StandingTackle,40,2
CREATOR,StandingTackle,41,2
CREATOR,StandingTackle,42,2
CREATOR,StandingTackle,43,2
CREATOR,StandingTackle,44,2
CREATOR,StandingTackle,45,2
CREATOR,StandingTackle,46,2
CREATOR,StandingTackle,47,2
CREATOR,StandingTackle,48,2
CREATOR,StandingTackle,49,2
CREATOR,StandingTackle,50,2
CREATOR,StandingTackle,51,2
CREATOR,StandingTackle,52,2
CREATOR,StandingTackle,53,2
CREATOR,StandingTackle,54,2
CREATOR,StandingTackle,55,2
CREATOR,StandingTackle,56,2
CREATOR,StandingTackle,57,2
CREATOR,StandingTackle,58,2
CREATOR,StandingTackle,59,2
CREATOR,StandingTackle,60,3
CREATOR,StandingTackle,61,3
CREATOR,StandingTackle,62,3
CREATOR,StandingTackle,63,3
CREATOR,StandingTackle,64,4
CREATOR,StandingTackle,65,4
CREATOR,StandingTackle,66,4
CREATOR,StandingTackle,67,5
CREATOR,StandingTackle,68,5
CREATOR,StandingTackle,69,5
CREATOR,StandingTackle,70,6
CREATOR,StandingTackle,71,6
CREATOR,StandingTackle,72,6
CREATOR,StandingTackle,73,6
CREATOR,StandingTackle,74,6
CREATOR,StandingTackle,75,8
CREATOR,StandingTackle,76,8
CREATOR,StandingTackle,77,8
CREATOR,StandingTackle,78,8
CREATOR,StandingTackle,79,8
CREATOR,StandingTackle,80,10
CREATOR,StandingTackle,81,10
CREATOR,StandingTackle,82,10
CREATOR,StandingTackle,83,10
CREATOR,StandingTackle,84,10
CREATOR,StandingTackle,85,15
CREATOR,StandingTackle,86,15
CREATOR,StandingTackle,87,15
CREATOR,StandingTackle,88,15
CREATOR,StandingTackle,89,15
CREATOR,StandingTackle,90,20
CREATOR,StandingTackle,91,20
CREATOR,StandingTackle,92,20
CREATOR,StandingTackle,93,20
CREATOR,StandingTackle,94,20
CREATOR,StandingTackle,95,25
CREATOR,StandingTackle,96,30
CREATOR,StandingTackle,97,35
CREATOR,StandingTackle,98,40
CREATOR,StandingTackle,99,45
CREATOR,SlidingTackle,40,1
CREATOR,SlidingTackle,41,1
CREATOR,SlidingTackle,42,1
CREATOR,SlidingTackle,43,1
CREATOR,SlidingTackle,44,1
CREATOR,SlidingTackle,45,1
CREATOR,SlidingTackle,46,1
CREATOR,SlidingTackle,47,1
CREATOR,SlidingTackle,48,1
CREATOR,SlidingTackle,49,1
CREATOR,SlidingTackle,50,1
CREATOR,SlidingTackle,51,1
CREATOR,SlidingTackle,52,1
CREATOR,SlidingTackle,53,1
CREATOR,SlidingTackle,54,1
CREATOR,SlidingTackle,55,1
CREATOR,SlidingTackle,56,1
CREATOR,SlidingTackle,57,1
CREATOR,SlidingTackle,58,1
CREATOR,SlidingTackle,59,1
CREATOR,SlidingTackle,60,2
CREATOR,SlidingTackle,61,2
CREATOR,SlidingTackle,62,2
CREATOR,SlidingTackle,63,2
CREATOR,SlidingTackle,64,3
CREATOR,SlidingTackle,65,3
CREATOR,SlidingTackle,66,3
CREATOR,SlidingTackle,67,3
CREATOR,SlidingTackle,68,3
CREATOR,SlidingTackle,69,3
CREATOR,SlidingTackle,70,4
CREATOR,SlidingTackle,71,4
CREATOR,SlidingTackle,72,4
CREATOR,SlidingTackle,73,4
CREATOR,SlidingTackle,74,4
CREATOR,SlidingTackle,75,6
CREATOR,SlidingTackle,76,6
CREATOR,SlidingTackle,77,6
CREATOR,SlidingTackle,78,6
CREATOR,SlidingTackle,79,6
CREATOR,SlidingTackle,80,7
CREATOR,SlidingTackle,81,7
CREATOR,SlidingTackle,82,7
CREATOR,SlidingTackle,83,7
CREATOR,SlidingTackle,84,7
CREATOR,SlidingTackle,85,11
CREATOR,SlidingTackle,86,11
CREATOR,SlidingTackle,87,11
CREATOR,SlidingTackle,88,11
CREATOR,SlidingTackle,89,11
CREATOR,SlidingTackle,90,15
CREATOR,SlidingTackle,91,15
CREATOR,SlidingTackle,92,15
CREATOR,SlidingTackle,93,15
CREATOR,SlidingTackle,94,15
CREATOR,SlidingTackle,95,18
CREATOR,SlidingTackle,96,22
CREATOR,SlidingTackle,97,26
CREATOR,SlidingTackle,98,30
CREATOR,SlidingTackle,99,33
CREATOR,Jumping,40,1
CREATOR,Jumping,41,1
CREATOR,Jumping,42,1
CREATOR,Jumping,43,1
CREATOR,Jumping,44,1
CREATOR,Jumping,45,1
CREATOR,Jumping,46,1
CREATOR,Jumping,47,1
CREATOR,Jumping,48,1
CREATOR,Jumping,49,1
CREATOR,Jumping,50,1
CREATOR,Jumping,51,1
CREATOR,Jumping,52,1
CREATOR,Jumping,53,1
CREATOR,Jumping,54,1
CREATOR,Jumping,55,1
CREATOR,Jumping,56,1
CREATOR,Jumping,57,1
CREATOR,Jumping,58,1
CREATOR,Jumping,59,1
CREATOR,Jumping,60,1
CREATOR,Jumping,61,1
CREATOR,Jumping,62,1
CREATOR,Jumping,63,1
CREATOR,Jumping,64,2
CREATOR,Jumping,65,2
CREATOR,Jumping,66,2
CREATOR,Jumping,67,2
CREATOR,Jumping,68,2
CREATOR,Jumping,69,2
CREATOR,Jumping,70,3
CREATOR,Jumping,71,3
CREATOR,Jumping,72,3
CREATOR,Jumping,73,3
CREATOR,Jumping,74,3
CREATOR,Jumping,75,4
CREATOR,Jumping,76,4
CREATOR,Jumping,77,4
CREATOR,Jumping,78,4
CREATOR,Jumping,79,4
CREATOR,Jumping,80,5
CREATOR,Jumping,81,5
CREATOR,Jumping,82,5
CREATOR,Jumping,83,5
CREATOR,Jumping,84,5
CREATOR,Jumping,85,8
CREATOR,Jumping,86,8
CREATOR,Jumping,87,8
CREATOR,Jumping,88,8
CREATOR,Jumping,89,8
CREATOR,Jumping,90,11
CREATOR,Jumping,91,11
CREATOR,Jumping,92,11
CREATOR,Jumping,93,11
CREATOR,Jumping,94,11
CREATOR,Jumping,95,13
CREATOR,Jumping,96,16
CREATOR,Jumping,97,19
CREATOR,Jumping,98,22
CREATOR,Jumping,99,24
CREATOR,Stamina,40,1
CREATOR,Stamina,41,1
CREATOR,Stamina,42,1
CREATOR,Stamina,43,1
CREATOR,Stamina,44,1
CREATOR,Stamina,45,1
CREATOR,Stamina,46,1
CREATOR,Stamina,47,1
CREATOR,Stamina,48,1
CREATOR,Stamina,49,1
CREATOR,Stamina,50,1
CREATOR,Stamina,51,1
CREATOR,Stamina,52,1
CREATOR,Stamina,53,1
CREATOR,Stamina,54,1
CREATOR,Stamina,55,1
CREATOR,Stamina,56,1
CREATOR,Stamina,57,1
CREATOR,Stamina,58,1
CREATOR,Stamina,59,1
CREATOR,Stamina,60,1
CREATOR,Stamina,61,1
CREATOR,Stamina,62,1
CREATOR,Stamina,63,1
CREATOR,Stamina,64,2
CREATOR,Stamina,65,2
CREATOR,Stamina,66,2
CREATOR,Stamina,67,2
CREATOR,Stamina,68,2
CREATOR,Stamina,69,2
CREATOR,Stamina,70,3
CREATOR,Stamina,71,3
CREATOR,Stamina,72,3
CREATOR,Stamina,73,3
CREATOR,Stamina,74,3
CREATOR,Stamina,75,4
CREATOR,Stamina,76,4
CREATOR,Stamina,77,4
CREATOR,Stamina,78,4
CREATOR,Stamina,79,4
CREATOR,Stamina,80,5
CREATOR,Stamina,81,5
CREATOR,Stamina,82,5
CREATOR,Stamina,83,5
CREATOR,Stamina,84,5
CREATOR,Stamina,85,8
CREATOR,Stamina,86,8
CREATOR,Stamina,87,8
CREATOR,Stamina,88,8
CREATOR,Stamina,89,8
CREATOR,Stamina,90,11
CREATOR,Stamina,91,11
CREATOR,Stamina,92,11
CREATOR,Stamina,93,11
CREATOR,Stamina,94,11
CREATOR,Stamina,95,13
CREATOR,Stamina,96,16
CREATOR,Stamina,97,19
CREATOR,Stamina,98,22
CREATOR,Stamina,99,24
CREATOR,Strength,40,1
CREATOR,Strength,41,1
CREATOR,Strength,42,1
CREATOR,Strength,43,1
CREATOR,Strength,44,1
CREATOR,Strength,45,1
CREATOR,Strength,46,1
CREATOR,Strength,47,1
CREATOR,Strength,48,1
CREATOR,Strength,49,1
CREATOR,Strength,50,1
CREATOR,Strength,51,1
CREATOR,Strength,52,1
CREATOR,Strength,53,1
CREATOR,Strength,54,1
CREATOR,Strength,55,1
CREATOR,Strength,56,1
CREATOR,Strength,57,1
CREATOR,Strength,58,1
CREATOR,Strength,59,1
CREATOR,Strength,60,2
CREATOR,Strength,61,2
CREATOR,Strength,62,2
CREATOR,Strength,63,2
CREATOR,Strength,64,3
CREATOR,Strength,65,3
CREATOR,Strength,66,3
CREATOR,Strength,67,3
CREATOR,Strength,68,3
CREATOR,Strength,69,3
CREATOR,Strength,70,4
CREATOR,Strength,71,4
CREATOR,Strength,72,4
CREATOR,Strength,73,4
CREATOR,Strength,74,4
CREATOR,Strength,75,6
CREATOR,Strength,76,6
CREATOR,Strength,77,6
CREATOR,Strength,78,6
CREATOR,Strength,79,6
CREATOR,Strength,80,7
CREATOR,Strength,81,7
CREATOR,Strength,82,7
CREATOR,Strength,83,7
CREATOR,Strength,84,7
CREATOR,Strength,85,11
CREATOR,Strength,86,11
CREATOR,Strength,87,11
CREATOR,Strength,88,11
CREATOR,Strength,89,11
CREATOR,Strength,90,15
CREATOR,Strength,91,15
CREATOR,Strength,92,15
CREATOR,Strength,93,15
CREATOR,Strength,94,15
CREATOR,Strength,95,18
CREATOR,Strength,96,22
CREATOR,Strength,97,26
CREATOR,Strength,98,30
CREATOR,Strength,99,33
CREATOR,Aggression,40,1
CREATOR,Aggression,41,1
CREATOR,Aggression,42,1
CREATOR,Aggression,43,1
CREATOR,Aggression,44,1
CREATOR,Aggression,45,1
CREATOR,Aggression,46,1
CREATOR,Aggression,47,1
CREATOR,Aggression,48,1
CREATOR,Aggression,49,1
CREATOR,Aggression,50,1
CREATOR,Aggression,51,1
CREATOR,Aggression,52,1
CREATOR,Aggression,53,1
CREATOR,Aggression,54,1
CREATOR,Aggression,55,1
CREATOR,Aggression,56,1
CREATOR,Aggression,57,1
CREATOR,Aggression,58,1
CREATOR,Aggression,59,1
CREATOR,Aggression,60,1
CREATOR,Aggression,61,1
CREATOR,Aggression,62,1
CREATOR,Aggression,63,1
CREATOR,Aggression,64,2
CREATOR,Aggression,65,2
CREATOR,Aggression,66,2
CREATOR,Aggression,67,2
CREATOR,Aggression,68,2
CREATOR,Aggression,69,2
CREATOR,Aggression,70,3
CREATOR,Aggression,71,3
CREATOR,Aggression,72,3
CREATOR,Aggression,73,3
CREATOR,Aggression,74,3
CREATOR,Aggression,75,4
CREATOR,Aggression,76,4
CREATOR,Aggression,77,4
CREATOR,Aggression,78,4
CREATOR,Aggression,79,4
CREATOR,Aggression,80,5
CREATOR,Aggression,81,5
CREATOR,Aggression,82,5
CREATOR,Aggression,83,5
CREATOR,Aggression,84,5
CREATOR,Aggression,85,8
CREATOR,Aggression,86,8
CREATOR,Aggression,87,8
CREATOR,Aggression,88,8
CREATOR,Aggression,89,8
CREATOR,Aggression,90,11
CREATOR,Aggression,91,11
CREATOR,Aggression,92,11
CREATOR,Aggression,93,11
CREATOR,Aggression,94,11
CREATOR,Aggression,95,13
CREATOR,Aggression,96,16
CREATOR,Aggression,97,19
CREATOR,Aggression,98,22
CREATOR,Aggression,99,24
SPARK,Acceleration,40,1
SPARK,Acceleration,41,1
SPARK,Acceleration,42,1
SPARK,Acceleration,43,1
SPARK,Acceleration,44,1
SPARK,Acceleration,45,1
SPARK,Acceleration,46,1
SPARK,Acceleration,47,1
SPARK,Acceleration,48,1
SPARK,Acceleration,49,1
SPARK,Acceleration,50,1
SPARK,Acceleration,51,1
SPARK,Acceleration,52,1
SPARK,Acceleration,53,1
SPARK,Acceleration,54,1
SPARK,Acceleration,55,1
SPARK,Acceleration,56,1
SPARK,Acceleration,57,1
SPARK,Acceleration,58,1
SPARK,Acceleration,59,1
SPARK,Acceleration,60,2
SPARK,Acceleration,61,2
SPARK,Acceleration,62,2
SPARK,Acceleration,63,2
SPARK,Acceleration,64,3
SPARK,Acceleration,65,3
SPARK,Acceleration,66,3
SPARK,Acceleration,67,3
SPARK,Acceleration,68,3
SPARK,Acceleration,69,3
SPARK,Acceleration,70,4
SPARK,Acceleration,71,4
SPARK,Acceleration,72,4
SPARK,Acceleration,73,4
SPARK,Acceleration,74,4
SPARK,Acceleration,75,6
SPARK,Acceleration,76,6
SPARK,Acceleration,77,6
SPARK,Acceleration,78,6
SPARK,Acceleration,79,6
SPARK,Acceleration,80,7
SPARK,Acceleration,81,7
SPARK,Acceleration,82,7
SPARK,Acceleration,83,7
SPARK,Acceleration,84,7
SPARK,Acceleration,85,11
SPARK,Acceleration,86,11
SPARK,Acceleration,87,11
SPARK,Acceleration,88,11
SPARK,Acceleration,89,11
SPARK,Acceleration,90,15
SPARK,Acceleration,91,15
SPARK,Acceleration,92,15
SPARK,Acceleration,93,15
SPARK,Acceleration,94,15
SPARK,Acceleration,95,18
SPARK,Acceleration,96,22
SPARK,Acceleration,97,26
SPARK,Acceleration,98,30
SPARK,Acceleration,99,33
SPARK,SprintSpeed,40,2
SPARK,SprintSpeed,41,2
SPARK,SprintSpeed,42,2
SPARK,SprintSpeed,43,2
SPARK,SprintSpeed,44,2
SPARK,SprintSpeed,45,2
SPARK,SprintSpeed,46,2
SPARK,SprintSpeed,47,2
SPARK,SprintSpeed,48,2
SPARK,SprintSpeed,49,2
SPARK,SprintSpeed,50,2
SPARK,SprintSpeed,51,2
SPARK,SprintSpeed,52,2
SPARK,SprintSpeed,53,2
SPARK,SprintSpeed,54,2
SPARK,SprintSpeed,55,2
SPARK,SprintSpeed,56,2
SPARK,SprintSpeed,57,2
SPARK,SprintSpeed,58,2
SPARK,SprintSpeed,59,2
SPARK,SprintSpeed,60,3
SPARK,SprintSpeed,61,3
SPARK,SprintSpeed,62,3
SPARK,SprintSpeed,63,3
SPARK,SprintSpeed,64,4
SPARK,SprintSpeed,65,4
SPARK,SprintSpeed,66,4
SPARK,SprintSpeed,67,5
SPARK,SprintSpeed,68,5
SPARK,SprintSpeed,69,5
SPARK,SprintSpeed,70,6
SPARK,SprintSpeed,71,6
SPARK,SprintSpeed,72,6
SPARK,SprintSpeed,73,6
SPARK,SprintSpeed,74,6
SPARK,SprintSpeed,75,8
SPARK,SprintSpeed,76,8
SPARK,SprintSpeed,77,8
SPARK,SprintSpeed,78,8
SPARK,SprintSpeed,79,8
SPARK,SprintSpeed,80,10
SPARK,SprintSpeed,81,10
SPARK,SprintSpeed,82,10
SPARK,SprintSpeed,83,10
SPARK,SprintSpeed,84,10
SPARK,SprintSpeed,85,15
SPARK,SprintSpeed,86,15
SPARK,SprintSpeed,87,15
SPARK,SprintSpeed,88,15
SPARK,SprintSpeed,89,15
SPARK,SprintSpeed,90,20
SPARK,SprintSpeed,91,20
SPARK,SprintSpeed,92,20
SPARK,SprintSpeed,93,20
SPARK,SprintSpeed,94,20
SPARK,SprintSpeed,95,25
SPARK,SprintSpeed,96,30
SPARK,SprintSpeed,97,35
SPARK,SprintSpeed,98,40
SPARK,SprintSpeed,99,45
SPARK,AttackPositioning,40,1
SPARK,AttackPositioning,41,1
SPARK,AttackPositioning,42,1
SPARK,AttackPositioning,43,1
SPARK,AttackPositioning,44,1
SPARK,AttackPositioning,45,1
SPARK,AttackPositioning,46,1
SPARK,AttackPositioning,47,1
SPARK,AttackPositioning,48,1
SPARK,AttackPositioning,49,1
SPARK,AttackPositioning,50,1
SPARK,AttackPositioning,51,1
SPARK,AttackPositioning,52,1
SPARK,AttackPositioning,53,1
SPARK,AttackPositioning,54,1
SPARK,AttackPositioning,55,1
SPARK,AttackPositioning,56,1
SPARK,AttackPositioning,57,1
SPARK,AttackPositioning,58,1
SPARK,AttackPositioning,59,1
SPARK,AttackPositioning,60,1
SPARK,AttackPositioning,61,1
SPARK,AttackPositioning,62,1
SPARK,AttackPositioning,63,1
SPARK,AttackPositioning,64,2
SPARK,AttackPositioning,65,2
SPARK,AttackPositioning,66,2
SPARK,AttackPositioning,67,2
SPARK,AttackPositioning,68,2
SPARK,AttackPositioning,69,2
SPARK,AttackPositioning,70,3
SPARK,AttackPositioning,71,3
SPARK,AttackPositioning,72,3
SPARK,AttackPositioning,73,3
SPARK,AttackPositioning,74,3
SPARK,AttackPositioning,75,4
SPARK,AttackPositioning,76,4
SPARK,AttackPositioning,77,4
SPARK,AttackPositioning,78,4
SPARK,AttackPositioning,79,4
SPARK,AttackPositioning,80,5
SPARK,AttackPositioning,81,5
SPARK,AttackPositioning,82,5
SPARK,AttackPositioning,83,5
SPARK,AttackPositioning,84,5
SPARK,AttackPositioning,85,8
SPARK,AttackPositioning,86,8
SPARK,AttackPositioning,87,8
SPARK,AttackPositioning,88,8
SPARK,AttackPositioning,89,8
SPARK,AttackPositioning,90,11
SPARK,AttackPositioning,91,11
SPARK,AttackPositioning,92,11
SPARK,AttackPositioning,93,11
SPARK,AttackPositioning,94,11
SPARK,AttackPositioning,95,13
SPARK,AttackPositioning,96,16
SPARK,AttackPositioning,97,19
SPARK,AttackPositioning,98,22
SPARK,AttackPositioning,99,24
SPARK,Finishing,40,2
SPARK,Finishing,41,2
SPARK,Finishing,42,2
SPARK,Finishing,43,2
SPARK,Finishing,44,2
SPARK,Finishing,45,2
SPARK,Finishing,46,2
SPARK,Finishing,47,2
SPARK,Finishing,48,2
SPARK,Finishing,49,2
SPARK,Finishing,50,2
SPARK,Finishing,51,2
SPARK,Finishing,52,2
SPARK,Finishing,53,2
SPARK,Finishing,54,2
SPARK,Finishing,55,2
SPARK,Finishing,56,2
SPARK,Finishing,57,2
SPARK,Finishing,58,2
SPARK,Finishing,59,2
SPARK,Finishing,60,3
SPARK,Finishing,61,3
SPARK,Finishing,62,3
SPARK,Finishing,63,3
SPARK,Finishing,64,4
SPARK,Finishing,65,4
SPARK,Finishing,66,4
SPARK,Finishing,67,5
SPARK,Finishing,68,5
SPARK,Finishing,69,5
SPARK,Finishing,70,6
SPARK,Finishing,71,6
SPARK,Finishing,72,6
SPARK,Finishing,73,6
SPARK,Finishing,74,6
SPARK,Finishing,75,8
SPARK,Finishing,76,8
SPARK,Finishing,77,8
SPARK,Finishing,78,8
SPARK,Finishing,79,8
SPARK,Finishing,80,10
SPARK,Finishing,81,10
SPARK,Finishing,82,10
SPARK,Finishing,83,10
SPARK,Finishing,84,10
SPARK,Finishing,85,15
SPARK,Finishing,86,15
SPARK,Finishing,87,15
SPARK,Finishing,88,15
SPARK,Finishing,89,15
SPARK,Finishing,90,20
SPARK,Finishing,91,20
SPARK,Finishing,92,20
SPARK,Finishing,93,20
SPARK,Finishing,94,20
SPARK,Finishing,95,25
SPARK,Finishing,96,30
SPARK,Finishing,97,35
SPARK,Finishing,98,40
SPARK,Finishing,99,45
SPARK,ShotPower,40,1
SPARK,ShotPower,41,1
SPARK,ShotPower,42,1
SPARK,ShotPower,43,1
SPARK,ShotPower,44,1
SPARK,ShotPower,45,1
SPARK,ShotPower,46,1
SPARK,ShotPower,47,1
SPARK,ShotPower,48,1
SPARK,ShotPower,49,1
SPARK,ShotPower,50,1
SPARK,ShotPower,51,1
SPARK,ShotPower,52,1
SPARK,ShotPower,53,1
SPARK,ShotPower,54,1
SPARK,ShotPower,55,1
SPARK,ShotPower,56,1
SPARK,ShotPower,57,1
SPARK,ShotPower,58,1
SPARK,ShotPower,59,1
SPARK,ShotPower,60,2
SPARK,ShotPower,61,2
SPARK,ShotPower,62,2
SPARK,ShotPower,63,2
SPARK,ShotPower,64,3
SPARK,ShotPower,65,3
SPARK,ShotPower,66,3
SPARK,ShotPower,67,3
SPARK,ShotPower,68,3
SPARK,ShotPower,69,3
SPARK,ShotPower,70,4
SPARK,ShotPower,71,4
SPARK,ShotPower,72,4
SPARK,ShotPower,73,4
SPARK,ShotPower,74,4
SPARK,ShotPower,75,6
SPARK,ShotPower,76,6
SPARK,ShotPower,77,6
SPARK,ShotPower,78,6
SPARK,ShotPower,79,6
SPARK,ShotPower,80,7
SPARK,ShotPower,81,7
SPARK,ShotPower,82,7
SPARK,ShotPower,83,7
SPARK,ShotPower,84,7
SPARK,ShotPower,85,11
SPARK,ShotPower,86,11
SPARK,ShotPower,87,11
SPARK,ShotPower,88,11
SPARK,ShotPower,89,11
SPARK,ShotPower,90,15
SPARK,ShotPower,91,15
SPARK,ShotPower,92,15
SPARK,ShotPower,93,15
SPARK,ShotPower,94,15
SPARK,ShotPower,95,18
SPARK,ShotPower,96,22
SPARK,ShotPower,97,26
SPARK,ShotPower,98,30
SPARK,ShotPower,99,33
SPARK,LongShots,40,1
SPARK,LongShots,41,1
SPARK,LongShots,42,1
SPARK,LongShots,43,1
SPARK,LongShots,44,1
SPARK,LongShots,45,1
SPARK,LongShots,46,1
SPARK,LongShots,47,1
SPARK,LongShots,48,1
SPARK,LongShots,49,1
SPARK,LongShots,50,1
SPARK,LongShots,51,1
SPARK,LongShots,52,1
SPARK,LongShots,53,1
SPARK,LongShots,54,1
SPARK,LongShots,55,1
SPARK,LongShots,56,1
SPARK,LongShots,57,1
SPARK,LongShots,58,1
SPARK,LongShots,59,1
SPARK,LongShots,60,2
SPARK,LongShots,61,2
SPARK,LongShots,62,2
SPARK,LongShots,63,2
SPARK,LongShots,64,3
SPARK,LongShots,65,3
SPARK,LongShots,66,3
SPARK,LongShots,67,3
SPARK,LongShots,68,3
SPARK,LongShots,69,3
SPARK,LongShots,70,4
SPARK,LongShots,71,4
SPARK,LongShots,72,4
SPARK,LongShots,73,4
SPARK,LongShots,74,4
SPARK,LongShots,75,6
SPARK,LongShots,76,6
SPARK,LongShots,77,6
SPARK,LongShots,78,6
SPARK,LongShots,79,6
SPARK,LongShots,80,7
SPARK,LongShots,81,7
SPARK,LongShots,82,7
SPARK,LongShots,83,7
SPARK,LongShots,84,7
SPARK,LongShots,85,11
SPARK,LongShots,86,11
SPARK,LongShots,87,11
SPARK,LongShots,88,11
SPARK,LongShots,89,11
SPARK,LongShots,90,15
SPARK,LongShots,91,15
SPARK,LongShots,92,15
SPARK,LongShots,93,15
SPARK,LongShots,94,15
SPARK,LongShots,95,18
SPARK,LongShots,96,22
SPARK,LongShots,97,26
SPARK,LongShots,98,30
SPARK,LongShots,99,33
SPARK,Volleys,40,1
SPARK,Volleys,41,1
SPARK,Volleys,42,1
SPARK,Volleys,43,1
SPARK,Volleys,44,1
SPARK,Volleys,45,1
SPARK,Volleys,46,1
SPARK,Volleys,47,1
SPARK,Volleys,48,1
SPARK,Volleys,49,1
SPARK,Volleys,50,1
SPARK,Volleys,51,1
SPARK,Volleys,52,1
SPARK,Volleys,53,1
SPARK,Volleys,54,1
SPARK,Volleys,55,1
SPARK,Volleys,56,1
SPARK,Volleys,57,1
SPARK,Volleys,58,1
SPARK,Volleys,59,1
SPARK,Volleys,60,1
SPARK,Volleys,61,1
SPARK,Volleys,62,1
SPARK,Volleys,63,1
SPARK,Volleys,64,2
SPARK,Volleys,65,2
SPARK,Volleys,66,2
SPARK,Volleys,67,2
SPARK,Volleys,68,2
SPARK,Volleys,69,2
SPARK,Volleys,70,3
SPARK,Volleys,71,3
SPARK,Volleys,72,3
SPARK,Volleys,73,3
SPARK,Volleys,74,3
SPARK,Volleys,75,4
SPARK,Volleys,76,4
SPARK,Volleys,77,4
SPARK,Volleys,78,4
SPARK,Volleys,79,4
SPARK,Volleys,80,5
SPARK,Volleys,81,5
SPARK,Volleys,82,5
SPARK,Volleys,83,5
SPARK,Volleys,84,5
SPARK,Volleys,85,8
SPARK,Volleys,86,8
SPARK,Volleys,87,8
SPARK,Volleys,88,8
SPARK,Volleys,89,8
SPARK,Volleys,90,11
SPARK,Volleys,91,11
SPARK,Volleys,92,11
SPARK,Volleys,93,11
SPARK,Volleys,94,11
SPARK,Volleys,95,13
SPARK,Volleys,96,16
SPARK,Volleys,97,19
SPARK,Volleys,98,22
SPARK,Volleys,99,24
SPARK,Penalties,40,1
SPARK,Penalties,41,1
SPARK,Penalties,42,1
SPARK,Penalties,43,1
SPARK,Penalties,44,1
SPARK,Penalties,45,1
SPARK,Penalties,46,1
SPARK,Penalties,47,1
SPARK,Penalties,48,1
SPARK,Penalties,49,1
SPARK,Penalties,50,1
SPARK,Penalties,51,1
SPARK,Penalties,52,1
SPARK,Penalties,53,1
SPARK,Penalties,54,1
SPARK,Penalties,55,1
SPARK,Penalties,56,1
SPARK,Penalties,57,1
SPARK,Penalties,58,1
SPARK,Penalties,59,1
SPARK,Penalties,60,1
SPARK,Penalties,61,1
SPARK,Penalties,62,1
SPARK,Penalties,63,1
SPARK,Penalties,64,2
SPARK,Penalties,65,2
SPARK,Penalties,66,2
SPARK,Penalties,67,2
SPARK,Penalties,68,2
SPARK,Penalties,69,2
SPARK,Penalties,70,3
SPARK,Penalties,71,3
SPARK,Penalties,72,3
SPARK,Penalties,73,3
SPARK,Penalties,74,3
SPARK,Penalties,75,4
SPARK,Penalties,76,4
SPARK,Penalties,77,4
SPARK,Penalties,78,4
SPARK,Penalties,79,4
SPARK,Penalties,80,5
SPARK,Penalties,81,5
SPARK,Penalties,82,5
SPARK,Penalties,83,5
SPARK,Penalties,84,5
SPARK,Penalties,85,8
SPARK,Penalties,86,8
SPARK,Penalties,87,8
SPARK,Penalties,88,8
SPARK,Penalties,89,8
SPARK,Penalties,90,11
SPARK,Penalties,91,11
SPARK,Penalties,92,11
SPARK,Penalties,93,11
SPARK,Penalties,94,11
SPARK,Penalties,95,13
SPARK,Penalties,96,16
SPARK,Penalties,97,19
SPARK,Penalties,98,22
SPARK,Penalties,99,24
SPARK,Vision,40,1
SPARK,Vision,41,1
SPARK,Vision,42,1
SPARK,Vision,43,1
SPARK,Vision,44,1
SPARK,Vision,45,1
SPARK,Vision,46,1
SPARK,Vision,47,1
SPARK,Vision,48,1
SPARK,Vision,49,1
SPARK,Vision,50,1
SPARK,Vision,51,1
SPARK,Vision,52,1
SPARK,Vision,53,1
SPARK,Vision,54,1
SPARK,Vision,55,1
SPARK,Vision,56,1
SPARK,Vision,57,1
SPARK,Vision,58,1
SPARK,Vision,59,1
SPARK,Vision,60,2
SPARK,Vision,61,2
SPARK,Vision,62,2
SPARK,Vision,63,2
SPARK,Vision,64,3
SPARK,Vision,65,3
SPARK,Vision,66,3
SPARK,Vision,67,3
SPARK,Vision,68,3
SPARK,Vision,69,3
SPARK,Vision,70,4
SPARK,Vision,71,4
SPARK,Vision,72,4
SPARK,Vision,73,4
SPARK,Vision,74,4
SPARK,Vision,75,6
SPARK,Vision,76,6
SPARK,Vision,77,6
SPARK,Vision,78,6
SPARK,Vision,79,6
SPARK,Vision,80,7
SPARK,Vision,81,7
SPARK,Vision,82,7
SPARK,Vision,83,7
SPARK,Vision,84,7
SPARK,Vision,85,11
SPARK,Vision,86,11
SPARK,Vision,87,11
SPARK,Vision,88,11
SPARK,Vision,89,11
SPARK,Vision,90,15
SPARK,Vision,91,15
SPARK,Vision,92,15
SPARK,Vision,93,15
SPARK,Vision,94,15
SPARK,Vision,95,18
SPARK,Vision,96,22
SPARK,Vision,97,26
SPARK,Vision,98,30
SPARK,Vision,99,33
SPARK,Crossing,40,1
SPARK,Crossing,41,1
SPARK,Crossing,42,1
SPARK,Crossing,43,1
SPARK,Crossing,44,1
SPARK,Crossing,45,1
SPARK,Crossing,46,1
SPARK,Crossing,47,1
SPARK,Crossing,48,1
SPARK,Crossing,49,1
SPARK,Crossing,50,1
SPARK,Crossing,51,1
SPARK,Crossing,52,1
SPARK,Crossing,53,1
SPARK,Crossing,54,1
SPARK,Crossing,55,1
SPARK,Crossing,56,1
SPARK,Crossing,57,1
SPARK,Crossing,58,1
SPARK,Crossing,59,1
SPARK,Crossing,60,2
SPARK,Crossing,61,2
SPARK,Crossing,62,2
SPARK,Crossing,63,2
SPARK,Crossing,64,3
SPARK,Crossing,65,3
SPARK,Crossing,66,3
SPARK,Crossing,67,3
SPARK,Crossing,68,3
SPARK,Crossing,69,3
SPARK,Crossing,70,4
SPARK,Crossing,71,4
SPARK,Crossing,72,4
SPARK,Crossing,73,4
SPARK,Crossing,74,4
SPARK,Crossing,75,6
SPARK,Crossing,76,6
SPARK,Crossing,77,6
SPARK,Crossing,78,6
SPARK,Crossing,79,6
SPARK,Crossing,80,7
SPARK,Crossing,81,7
SPARK,Crossing,82,7
SPARK,Crossing,83,7
SPARK,Crossing,84,7
SPARK,Crossing,85,11
SPARK,Crossing,86,11
SPARK,Crossing,87,11
SPARK,Crossing,88,11
SPARK,Crossing,89,11
SPARK,Crossing,90,15
SPARK,Crossing,91,15
SPARK,Crossing,92,15
SPARK,Crossing,93,15
SPARK,Crossing,94,15
SPARK,Crossing,95,18
SPARK,Crossing,96,22
SPARK,Crossing,97,26
SPARK,Crossing,98,30
SPARK,Crossing,99,33
SPARK,FKAccuracy,40,1
SPARK,FKAccuracy,41,1
SPARK,FKAccuracy,42,1
SPARK,FKAccuracy,43,1
SPARK,FKAccuracy,44,1
SPARK,FKAccuracy,45,1
SPARK,FKAccuracy,46,1
SPARK,FKAccuracy,47,1
SPARK,FKAccuracy,48,1
SPARK,FKAccuracy,49,1
SPARK,FKAccuracy,50,1
SPARK,FKAccuracy,51,1
SPARK,FKAccuracy,52,1
SPARK,FKAccuracy,53,1
SPARK,FKAccuracy,54,1
SPARK,FKAccuracy,55,1
SPARK,FKAccuracy,56,1
SPARK,FKAccuracy,57,1
SPARK,FKAccuracy,58,1
SPARK,FKAccuracy,59,1
SPARK,FKAccuracy,60,1
SPARK,FKAccuracy,61,1
SPARK,FKAccuracy,62,1
SPARK,FKAccuracy,63,1
SPARK,FKAccuracy,64,2
SPARK,FKAccuracy,65,2
SPARK,FKAccuracy,66,2
SPARK,FKAccuracy,67,2
SPARK,FKAccuracy,68,2
SPARK,FKAccuracy,69,2
SPARK,FKAccuracy,70,3
SPARK,FKAccuracy,71,3
SPARK,FKAccuracy,72,3
SPARK,FKAccuracy,73,3
SPARK,FKAccuracy,74,3
SPARK,FKAccuracy,75,4
SPARK,FKAccuracy,76,4
SPARK,FKAccuracy,77,4
SPARK,FKAccuracy,78,4
SPARK,FKAccuracy,79,4
SPARK,FKAccuracy,80,5
SPARK,FKAccuracy,81,5
SPARK,FKAccuracy,82,5
SPARK,FKAccuracy,83,5
SPARK,FKAccuracy,84,5
SPARK,FKAccuracy,85,8
SPARK,FKAccuracy,86,8
SPARK,FKAccuracy,87,8
SPARK,FKAccuracy,88,8
SPARK,FKAccuracy,89,8
SPARK,FKAccuracy,90,11
SPARK,FKAccuracy,91,11
SPARK,FKAccuracy,92,11
SPARK,FKAccuracy,93,11
SPARK,FKAccuracy,94,11
SPARK,FKAccuracy,95,13
SPARK,FKAccuracy,96,16
SPARK,FKAccuracy,97,19
SPARK,FKAccuracy,98,22
SPARK,FKAccuracy,99,24
SPARK,ShortPassing,40,2
SPARK,ShortPassing,41,2
SPARK,ShortPassing,42,2
SPARK,ShortPassing,43,2
SPARK,ShortPassing,44,2
SPARK,ShortPassing,45,2
SPARK,ShortPassing,46,2
SPARK,ShortPassing,47,2
SPARK,ShortPassing,48,2
SPARK,ShortPassing,49,2
SPARK,ShortPassing,50,2
SPARK,ShortPassing,51,2
SPARK,ShortPassing,52,2
SPARK,ShortPassing,53,2
SPARK,ShortPassing,54,2
SPARK,ShortPassing,55,2
SPARK,ShortPassing,56,2
SPARK,ShortPassing,57,2
SPARK,ShortPassing,58,2
SPARK,ShortPassing,59,2
SPARK,ShortPassing,60,3
SPARK,ShortPassing,61,3
SPARK,ShortPassing,62,3
SPARK,ShortPassing,63,3
SPARK,ShortPassing,64,4
SPARK,ShortPassing,65,4
SPARK,ShortPassing,66,4
SPARK,ShortPassing,67,5
SPARK,ShortPassing,68,5
SPARK,ShortPassing,69,5
SPARK,ShortPassing,70,6
SPARK,ShortPassing,71,6
SPARK,ShortPassing,72,6
SPARK,ShortPassing,73,6
SPARK,ShortPassing,74,6
SPARK,ShortPassing,75,8
SPARK,ShortPassing,76,8
SPARK,ShortPassing,77,8
SPARK,ShortPassing,78,8
SPARK,ShortPassing,79,8
SPARK,ShortPassing,80,10
SPARK,ShortPassing,81,10
SPARK,ShortPassing,82,10
SPARK,ShortPassing,83,10
SPARK,ShortPassing,84,10
SPARK,ShortPassing,85,15
SPARK,ShortPassing,86,15
SPARK,ShortPassing,87,15
SPARK,ShortPassing,88,15
SPARK,ShortPassing,89,15
SPARK,ShortPassing,90,20
SPARK,ShortPassing,91,20
SPARK,ShortPassing,92,20
SPARK,ShortPassing,93,20
SPARK,ShortPassing,94,20
SPARK,ShortPassing,95,25
SPARK,ShortPassing,96,30
SPARK,ShortPassing,97,35
SPARK,ShortPassing,98,40
SPARK,ShortPassing,99,45
SPARK,LongPassing,40,1
SPARK,LongPassing,41,1
SPARK,LongPassing,42,1
SPARK,LongPassing,43,1
SPARK,LongPassing,44,1
SPARK,LongPassing,45,1
SPARK,LongPassing,46,1
SPARK,LongPassing,47,1
SPARK,LongPassing,48,1
SPARK,LongPassing,49,1
SPARK,LongPassing,50,1
SPARK,LongPassing,51,1
SPARK,LongPassing,52,1
SPARK,LongPassing,53,1
SPARK,LongPassing,54,1
SPARK,LongPassing,55,1
SPARK,LongPassing,56,1
SPARK,LongPassing,57,1
SPARK,LongPassing,58,1
SPARK,LongPassing,59,1
SPARK,LongPassing,60,2
SPARK,LongPassing,61,2
SPARK,LongPassing,62,2
SPARK,LongPassing,63,2
SPARK,LongPassing,64,3
SPARK,LongPassing,65,3
SPARK,LongPassing,66,3
SPARK,LongPassing,67,3
SPARK,LongPassing,68,3
SPARK,LongPassing,69,3
SPARK,LongPassing,70,4
SPARK,LongPassing,71,4
SPARK,LongPassing,72,4
SPARK,LongPassing,73,4
SPARK,LongPassing,74,4
SPARK,LongPassing,75,6
SPARK,LongPassing,76,6
SPARK,LongPassing,77,6
SPARK,LongPassing,78,6
SPARK,LongPassing,79,6
SPARK,LongPassing,80,7
SPARK,LongPassing,81,7
SPARK,LongPassing,82,7
SPARK,LongPassing,83,7
SPARK,LongPassing,84,7
SPARK,LongPassing,85,11
SPARK,LongPassing,86,11
SPARK,LongPassing,87,11
SPARK,LongPassing,88,11
SPARK,LongPassing,89,11
SPARK,LongPassing,90,15
SPARK,LongPassing,91,15
SPARK,LongPassing,92,15
SPARK,LongPassing,93,15
SPARK,LongPassing,94,15
SPARK,LongPassing,95,18
SPARK,LongPassing,96,22
SPARK,LongPassing,97,26
SPARK,LongPassing,98,30
SPARK,LongPassing,99,33
SPARK,Curve,40,1
SPARK,Curve,41,1
SPARK,Curve,42,1
SPARK,Curve,43,1
SPARK,Curve,44,1
SPARK,Curve,45,1
SPARK,Curve,46,1
SPARK,Curve,47,1
SPARK,Curve,48,1
SPARK,Curve,49,1
SPARK,Curve,50,1
SPARK,Curve,51,1
SPARK,Curve,52,1
SPARK,Curve,53,1
SPARK,Curve,54,1
SPARK,Curve,55,1
SPARK,Curve,56,1
SPARK,Curve,57,1
SPARK,Curve,58,1
SPARK,Curve,59,1
SPARK,Curve,60,1
SPARK,Curve,61,1
SPARK,Curve,62,1
SPARK,Curve,63,1
SPARK,Curve,64,2
SPARK,Curve,65,2
SPARK,Curve,66,2
SPARK,Curve,67,2
SPARK,Curve,68,2
SPARK,Curve,69,2
SPARK,Curve,70,3
SPARK,Curve,71,3
SPARK,Curve,72,3
SPARK,Curve,73,3
SPARK,Curve,74,3
SPARK,Curve,75,4
SPARK,Curve,76,4
SPARK,Curve,77,4
SPARK,Curve,78,4
SPARK,Curve,79,4
SPARK,Curve,80,5
SPARK,Curve,81,5
SPARK,Curve,82,5
SPARK,Curve,83,5
SPARK,Curve,84,5
SPARK,Curve,85,8
SPARK,Curve,86,8
SPARK,Curve,87,8
SPARK,Curve,88,8
SPARK,Curve,89,8
SPARK,Curve,90,11
SPARK,Curve,91,11
SPARK,Curve,92,11
SPARK,Curve,93,11
SPARK,Curve,94,11
SPARK,Curve,95,13
SPARK,Curve,96,16
SPARK,Curve,97,19
SPARK,Curve,98,22
SPARK,Curve,99,24
SPARK,Agility,40,1
SPARK,Agility,41,1
SPARK,Agility,42,1
SPARK,Agility,43,1
SPARK,Agility,44,1
SPARK,Agility,45,1
SPARK,Agility,46,1
SPARK,Agility,47,1
SPARK,Agility,48,1
SPARK,Agility,49,1
SPARK,Agility,50,1
SPARK,Agility,51,1
SPARK,Agility,52,1
SPARK,Agility,53,1
SPARK,Agility,54,1
SPARK,Agility,55,1
SPARK,Agility,56,1
SPARK,Agility,57,1
SPARK,Agility,58,1
SPARK,Agility,59,1
SPARK,Agility,60,2
SPARK,Agility,61,2
SPARK,Agility,62,2
SPARK,Agility,63,2
SPARK,Agility,64,3
SPARK,Agility,65,3
SPARK,Agility,66,3
SPARK,Agility,67,3
SPARK,Agility,68,3
SPARK,Agility,69,3
SPARK,Agility,70,4
SPARK,Agility,71,4
SPARK,Agility,72,4
SPARK,Agility,73,4
SPARK,Agility,74,4
SPARK,Agility,75,6
SPARK,Agility,76,6
SPARK,Agility,77,6
SPARK,Agility,78,6
SPARK,Agility,79,6
SPARK,Agility,80,7
SPARK,Agility,81,7
SPARK,Agility,82,7
SPARK,Agility,83,7
SPARK,Agility,84,7
SPARK,Agility,85,11
SPARK,Agility,86,11
SPARK,Agility,87,11
SPARK,Agility,88,11
SPARK,Agility,89,11
SPARK,Agility,90,15
SPARK,Agility,91,15
SPARK,Agility,92,15
SPARK,Agility,93,15
SPARK,Agility,94,15
SPARK,Agility,95,18
SPARK,Agility,96,22
SPARK,Agility,97,26
SPARK,Agility,98,30
SPARK,Agility,99,33
SPARK,Balance,40,1
SPARK,Balance,41,1
SPARK,Balance,42,1
SPARK,Balance,43,1
SPARK,Balance,44,1
SPARK,Balance,45,1
SPARK,Balance,46,1
SPARK,Balance,47,1
SPARK,Balance,48,1
SPARK,Balance,49,1
SPARK,Balance,50,1
SPARK,Balance,51,1
SPARK,Balance,52,1
SPARK,Balance,53,1
SPARK,Balance,54,1
SPARK,Balance,55,1
SPARK,Balance,56,1
SPARK,Balance,57,1
SPARK,Balance,58,1
SPARK,Balance,59,1
SPARK,Balance,60,2
SPARK,Balance,61,2
SPARK,Balance,62,2
SPARK,Balance,63,2
SPARK,Balance,64,3
SPARK,Balance,65,3
SPARK,Balance,66,3
SPARK,Balance,67,3
SPARK,Balance,68,3
SPARK,Balance,69,3
SPARK,Balance,70,4
SPARK,Balance,71,4
SPARK,Balance,72,4
SPARK,Balance,73,4
SPARK,Balance,74,4
SPARK,Balance,75,6
SPARK,Balance,76,6
SPARK,Balance,77,6
SPARK,Balance,78,6
SPARK,Balance,79,6
SPARK,Balance,80,7
SPARK,Balance,81,7
SPARK,Balance,82,7
SPARK,Balance,83,7
SPARK,Balance,84,7
SPARK,Balance,85,11
SPARK,Balance,86,11
SPARK,Balance,87,11
SPARK,Balance,88,11
SPARK,Balance,89,11
SPARK,Balance,90,15
SPARK,Balance,91,15
SPARK,Balance,92,15
SPARK,Balance,93,15
SPARK,Balance,94,15
SPARK,Balance,95,18
SPARK,Balance,96,22
SPARK,Balance,97,26
SPARK,Balance,98,30
SPARK,Balance,99,33
SPARK,Reactions,40,1
SPARK,Reactions,41,1
SPARK,Reactions,42,1
SPARK,Reactions,43,1
SPARK,Reactions,44,1
SPARK,Reactions,45,1
SPARK,Reactions,46,1
SPARK,Reactions,47,1
SPARK,Reactions,48,1
SPARK,Reactions,49,1
SPARK,Reactions,50,1
SPARK,Reactions,51,1
SPARK,Reactions,52,1
SPARK,Reactions,53,1
SPARK,Reactions,54,1
SPARK,Reactions,55,1
SPARK,Reactions,56,1
SPARK,Reactions,57,1
SPARK,Reactions,58,1
SPARK,Reactions,59,1
SPARK,Reactions,60,1
SPARK,Reactions,61,1
SPARK,Reactions,62,1
SPARK,Reactions,63,1
SPARK,Reactions,64,2
SPARK,Reactions,65,2
SPARK,Reactions,66,2
SPARK,Reactions,67,2
SPARK,Reactions,68,2
SPARK,Reactions,69,2
SPARK,Reactions,70,3
SPARK,Reactions,71,3
SPARK,Reactions,72,3
SPARK,Reactions,73,3
SPARK,Reactions,74,3
SPARK,Reactions,75,4
SPARK,Reactions,76,4
SPARK,Reactions,77,4
SPARK,Reactions,78,4
SPARK,Reactions,79,4
SPARK,Reactions,80,5
SPARK,Reactions,81,5
SPARK,Reactions,82,5
SPARK,Reactions,83,5
SPARK,Reactions,84,5
SPARK,Reactions,85,8
SPARK,Reactions,86,8
SPARK,Reactions,87,8
SPARK,Reactions,88,8
SPARK,Reactions,89,8
SPARK,Reactions,90,11
SPARK,Reactions,91,11
SPARK,Reactions,92,11
SPARK,Reactions,93,11
SPARK,Reactions,94,11
SPARK,Reactions,95,13
SPARK,Reactions,96,16
SPARK,Reactions,97,19
SPARK,Reactions,98,22
SPARK,Reactions,99,24
SPARK,BallControl,40,1
SPARK,BallControl,41,1
SPARK,BallControl,42,1
SPARK,BallControl,43,1
SPARK,BallControl,44,1
SPARK,BallControl,45,1
SPARK,BallControl,46,1
SPARK,BallControl,47,1
SPARK,BallControl,48,1
SPARK,BallControl,49,1
SPARK,BallControl,50,1
SPARK,BallControl,51,1
SPARK,BallControl,52,1
SPARK,BallControl,53,1
SPARK,BallControl,54,1
SPARK,BallControl,55,1
SPARK,BallControl,56,1
SPARK,BallControl,57,1
SPARK,BallControl,58,1
SPARK,BallControl,59,1
SPARK,BallControl,60,1
SPARK,BallControl,61,1
SPARK,BallControl,62,1
SPARK,BallControl,63,1
SPARK,BallControl,64,2
SPARK,BallControl,65,2
SPARK,BallControl,66,2
SPARK,BallControl,67,2
SPARK,BallControl,68,2
SPARK,BallControl,69,2
SPARK,BallControl,70,3
SPARK,BallControl,71,3
SPARK,BallControl,72,3
SPARK,BallControl,73,3
SPARK,BallControl,74,3
SPARK,BallControl,75,4
SPARK,BallControl,76,4
SPARK,BallControl,77,4
SPARK,BallControl,78,4
SPARK,BallControl,79,4
SPARK,BallControl,80,5
SPARK,BallControl,81,5
SPARK,BallControl,82,5
SPARK,BallControl,83,5
SPARK,BallControl,84,5
SPARK,BallControl,85,8
SPARK,BallControl,86,8
SPARK,BallControl,87,8
SPARK,BallControl,88,8
SPARK,BallControl,89,8
SPARK,BallControl,90,11
SPARK,BallControl,91,11
SPARK,BallControl,92,11
SPARK,BallControl,93,11
SPARK,BallControl,94,11
SPARK,BallControl,95,13
SPARK,BallControl,96,16
SPARK,BallControl,97,19
SPARK,BallControl,98,22
SPARK,BallControl,99,24
SPARK,Dribbling,40,1
SPARK,Dribbling,41,1
SPARK,Dribbling,42,1
SPARK,Dribbling,43,1
SPARK,Dribbling,44,1
SPARK,Dribbling,45,1
SPARK,Dribbling,46,1
SPARK,Dribbling,47,1
SPARK,Dribbling,48,1
SPARK,Dribbling,49,1
SPARK,Dribbling,50,1
SPARK,Dribbling,51,1
SPARK,Dribbling,52,1
SPARK,Dribbling,53,1
SPARK,Dribbling,54,1
SPARK,Dribbling,55,1
SPARK,Dribbling,56,1
SPARK,Dribbling,57,1
SPARK,Dribbling,58,1
SPARK,Dribbling,59,1
SPARK,Dribbling,60,2
SPARK,Dribbling,61,2
SPARK,Dribbling,62,2
SPARK,Dribbling,63,2
SPARK,Dribbling,64,3
SPARK,Dribbling,65,3
SPARK,Dribbling,66,3
SPARK,Dribbling,67,3
SPARK,Dribbling,68,3
SPARK,Dribbling,69,3
SPARK,Dribbling,70,4
SPARK,Dribbling,71,4
SPARK,Dribbling,72,4
SPARK,Dribbling,73,4
SPARK,Dribbling,74,4
SPARK,Dribbling,75,6
SPARK,Dribbling,76,6
SPARK,Dribbling,77,6
SPARK,Dribbling,78,6
SPARK,Dribbling,79,6
SPARK,Dribbling,80,7
SPARK,Dribbling,81,7
SPARK,Dribbling,82,7
SPARK,Dribbling,83,7
SPARK,Dribbling,84,7
SPARK,Dribbling,85,11
SPARK,Dribbling,86,11
SPARK,Dribbling,87,11
SPARK,Dribbling,88,11
SPARK,Dribbling,89,11
SPARK,Dribbling,90,15
SPARK,Dribbling,91,15
SPARK,Dribbling,92,15
SPARK,Dribbling,93,15
SPARK,Dribbling,94,15
SPARK,Dribbling,95,18
SPARK,Dribbling,96,22
SPARK,Dribbling,97,26
SPARK,Dribbling,98,30
SPARK,Dribbling,99,33
SPARK,Composure,40,1
SPARK,Composure,41,1
SPARK,Composure,42,1
SPARK,Composure,43,1
SPARK,Composure,44,1
SPARK,Composure,45,1
SPARK,Composure,46,1
SPARK,Composure,47,1
SPARK,Composure,48,1
SPARK,Composure,49,1
SPARK,Composure,50,1
SPARK,Composure,51,1
SPARK,Composure,52,1
SPARK,Composure,53,1
SPARK,Composure,54,1
SPARK,Composure,55,1
SPARK,Composure,56,1
SPARK,Composure,57,1
SPARK,Composure,58,1
SPARK,Composure,59,1
SPARK,Composure,60,2
SPARK,Composure,61,2
SPARK,Composure,62,2
SPARK,Composure,63,2
SPARK,Composure,64,3
SPARK,Composure,65,3
SPARK,Composure,66,3
SPARK,Composure,67,3
SPARK,Composure,68,3
SPARK,Composure,69,3
SPARK,Composure,70,4
SPARK,Composure,71,4
SPARK,Composure,72,4
SPARK,Composure,73,4
SPARK,Composure,74,4
SPARK,Composure,75,6
SPARK,Composure,76,6
SPARK,Composure,77,6
SPARK,Composure,78,6
SPARK,Composure,79,6
SPARK,Composure,80,7
SPARK,Composure,81,7
SPARK,Composure,82,7
SPARK,Composure,83,7
SPARK,Composure,84,7
SPARK,Composure,85,11
SPARK,Composure,86,11
SPARK,Composure,87,11
SPARK,Composure,88,11
SPARK,Composure,89,11
SPARK,Composure,90,15
SPARK,Composure,91,15
SPARK,Composure,92,15
SPARK,Composure,93,15
SPARK,Composure,94,15
SPARK,Composure,95,18
SPARK,Composure,96,22
SPARK,Composure,97,26
SPARK,Composure,98,30
SPARK,Composure,99,33
SPARK,Interceptions,40,2
SPARK,Interceptions,41,2
SPARK,Interceptions,42,2
SPARK,Interceptions,43,2
SPARK,Interceptions,44,2
SPARK,Interceptions,45,2
SPARK,Interceptions,46,2
SPARK,Interceptions,47,2
SPARK,Interceptions,48,2
SPARK,Interceptions,49,2
SPARK,Interceptions,50,2
SPARK,Interceptions,51,2
SPARK,Interceptions,52,2
SPARK,Interceptions,53,2
SPARK,Interceptions,54,2
SPARK,Interceptions,55,2
SPARK,Interceptions,56,2
SPARK,Interceptions,57,2
SPARK,Interceptions,58,2
SPARK,Interceptions,59,2
SPARK,Interceptions,60,3
SPARK,Interceptions,61,3
SPARK,Interceptions,62,3
SPARK,Interceptions,63,3
SPARK,Interceptions,64,4
SPARK,Interceptions,65,4
SPARK,Interceptions,66,4
SPARK,Interceptions,67,5
SPARK,Interceptions,68,5
SPARK,Interceptions,69,5
SPARK,Interceptions,70,6
SPARK,Interceptions,71,6
SPARK,Interceptions,72,6
SPARK,Interceptions,73,6
SPARK,Interceptions,74,6
SPARK,Interceptions,75,8
SPARK,Interceptions,76,8
SPARK,Interceptions,77,8
SPARK,Interceptions,78,8
SPARK,Interceptions,79,8
SPARK,Interceptions,80,10
SPARK,Interceptions,81,10
SPARK,Interceptions,82,10
SPARK,Interceptions,83,10
SPARK,Interceptions,84,10
SPARK,Interceptions,85,15
SPARK,Interceptions,86,15
SPARK,Interceptions,87,15
SPARK,Interceptions,88,15
SPARK,Interceptions,89,15
SPARK,Interceptions,90,20
SPARK,Interceptions,91,20
SPARK,Interceptions,92,20
SPARK,Interceptions,93,20
SPARK,Interceptions,94,20
SPARK,Interceptions,95,25
SPARK,Interceptions,96,30
SPARK,Interceptions,97,35
SPARK,Interceptions,98,40
SPARK,Interceptions,99,45
SPARK,Heading Accuracy,40,1
SPARK,Heading Accuracy,41,1
SPARK,Heading Accuracy,42,1
SPARK,Heading Accuracy,43,1
SPARK,Heading Accuracy,44,1
SPARK,Heading Accuracy,45,1
SPARK,Heading Accuracy,46,1
SPARK,Heading Accuracy,47,1
SPARK,Heading Accuracy,48,1
SPARK,Heading Accuracy,49,1
SPARK,Heading Accuracy,50,1
SPARK,Heading Accuracy,51,1
SPARK,Heading Accuracy,52,1
SPARK,Heading Accuracy,53,1
SPARK,Heading Accuracy,54,1
SPARK,Heading Accuracy,55,1
SPARK,Heading Accuracy,56,1
SPARK,Heading Accuracy,57,1
SPARK,Heading Accuracy,58,1
SPARK,Heading Accuracy,59,1
SPARK,Heading Accuracy,60,2
SPARK,Heading Accuracy,61,2
SPARK,Heading Accuracy,62,2
SPARK,Heading Accuracy,63,2
SPARK,Heading Accuracy,64,3
SPARK,Heading Accuracy,65,3
SPARK,Heading Accuracy,66,3
SPARK,Heading Accuracy,67,3
SPARK,Heading Accuracy,68,3
SPARK,Heading Accuracy,69,3
SPARK,Heading Accuracy,70,4
SPARK,Heading Accuracy,71,4
SPARK,Heading Accuracy,72,4
SPARK,Heading Accuracy,73,4
SPARK,Heading Accuracy,74,4
SPARK,Heading Accuracy,75,6
SPARK,Heading Accuracy,76,6
SPARK,Heading Accuracy,77,6
SPARK,Heading Accuracy,78,6
SPARK,Heading Accuracy,79,6
SPARK,Heading Accuracy,80,7
SPARK,Heading Accuracy,81,7
SPARK,Heading Accuracy,82,7
SPARK,Heading Accuracy,83,7
SPARK,Heading Accuracy,84,7
SPARK,Heading Accuracy,85,11
SPARK,Heading Accuracy,86,11
SPARK,Heading Accuracy,87,11
SPARK,Heading Accuracy,88,11
SPARK,Heading Accuracy,89,11
SPARK,Heading Accuracy,90,15
SPARK,Heading Accuracy,91,15
SPARK,Heading Accuracy,92,15
SPARK,Heading Accuracy,93,15
SPARK,Heading Accuracy,94,15
SPARK,Heading Accuracy,95,18
SPARK,Heading Accuracy,96,22
SPARK,Heading Accuracy,97,26
SPARK,Heading Accuracy,98,30
SPARK,Heading Accuracy,99,33
SPARK,DefAwareness,40,1
SPARK,DefAwareness,41,1
SPARK,DefAwareness,42,1
SPARK,DefAwareness,43,1
SPARK,DefAwareness,44,1
SPARK,DefAwareness,45,1
SPARK,DefAwareness,46,1
SPARK,DefAwareness,47,1
SPARK,DefAwareness,48,1
SPARK,DefAwareness,49,1
SPARK,DefAwareness,50,1
SPARK,DefAwareness,51,1
SPARK,DefAwareness,52,1
SPARK,DefAwareness,53,1
SPARK,DefAwareness,54,1
SPARK,DefAwareness,55,1
SPARK,DefAwareness,56,1
SPARK,DefAwareness,57,1
SPARK,DefAwareness,58,1
SPARK,DefAwareness,59,1
SPARK,DefAwareness,60,2
SPARK,DefAwareness,61,2
SPARK,DefAwareness,62,2
SPARK,DefAwareness,63,2
SPARK,DefAwareness,64,3
SPARK,DefAwareness,65,3
SPARK,DefAwareness,66,3
SPARK,DefAwareness,67,3
SPARK,DefAwareness,68,3
SPARK,DefAwareness,69,3
SPARK,DefAwareness,70,4
SPARK,DefAwareness,71,4
SPARK,DefAwareness,72,4
SPARK,DefAwareness,73,4
SPARK,DefAwareness,74,4
SPARK,DefAwareness,75,6
SPARK,DefAwareness,76,6
SPARK,DefAwareness,77,6
SPARK,DefAwareness,78,6
SPARK,DefAwareness,79,6
SPARK,DefAwareness,80,7
SPARK,DefAwareness,81,7
SPARK,DefAwareness,82,7
SPARK,DefAwareness,83,7
SPARK,DefAwareness,84,7
SPARK,DefAwareness,85,11
SPARK,DefAwareness,86,11
SPARK,DefAwareness,87,11
SPARK,DefAwareness,88,11
SPARK,DefAwareness,89,11
SPARK,DefAwareness,90,15
SPARK,DefAwareness,91,15
SPARK,DefAwareness,92,15
SPARK,DefAwareness,93,15
SPARK,DefAwareness,94,15
SPARK,DefAwareness,95,18
SPARK,DefAwareness,96,22
SPARK,DefAwareness,97,26
SPARK,DefAwareness,98,30
SPARK,DefAwareness,99,33
SPARK,StandingTackle,40,2
SPARK,StandingTackle,41,2
SPARK,StandingTackle,42,2
SPARK,StandingTackle,43,2
SPARK,StandingTackle,44,2
SPARK,StandingTackle,45,2
SPARK,StandingTackle,46,2
SPARK,StandingTackle,47,2
SPARK,StandingTackle,48,2
SPARK,StandingTackle,49,2
SPARK,StandingTackle,50,2
SPARK,StandingTackle,51,2
SPARK,StandingTackle,52,2
SPARK,StandingTackle,53,2
SPARK,StandingTackle,54,2
SPARK,StandingTackle,55,2
SPARK,StandingTackle,56,2
SPARK,StandingTackle,57,2
SPARK,StandingTackle,58,2
SPARK,StandingTackle,59,2
SPARK,StandingTackle,60,3
SPARK,StandingTackle,61,3
SPARK,StandingTackle,62,3
SPARK,StandingTackle,63,3
SPARK,StandingTackle,64,4
SPARK,StandingTackle,65,4
SPARK,StandingTackle,66,4
SPARK,StandingTackle,67,5
SPARK,StandingTackle,68,5
SPARK,StandingTackle,69,5
SPARK,StandingTackle,70,6
SPARK,StandingTackle,71,6
SPARK,StandingTackle,72,6
SPARK,StandingTackle,73,6
SPARK,StandingTackle,74,6
SPARK,StandingTackle,75,8
SPARK,StandingTackle,76,8
SPARK,StandingTackle,77,8
SPARK,StandingTackle,78,8
SPARK,StandingTackle,79,8
SPARK,StandingTackle,80,10
SPARK,StandingTackle,81,10
SPARK,StandingTackle,82,10
SPARK,StandingTackle,83,10
SPARK,StandingTackle,84,10
SPARK,StandingTackle,85,15
SPARK,StandingTackle,86,15
SPARK,StandingTackle,87,15
SPARK,StandingTackle,88,15
SPARK,StandingTackle,89,15
SPARK,StandingTackle,90,20
SPARK,StandingTackle,91,20
SPARK,StandingTackle,92,20
SPARK,StandingTackle,93,20
SPARK,StandingTackle,94,20
SPARK,StandingTackle,95,25
SPARK,StandingTackle,96,30
SPARK,StandingTackle,97,35
SPARK,StandingTackle,98,40
SPARK,StandingTackle,99,45
SPARK,SlidingTackle,40,1
SPARK,SlidingTackle,41,1
SPARK,SlidingTackle,42,1
SPARK,SlidingTackle,43,1
SPARK,SlidingTackle,44,1
SPARK,SlidingTackle,45,1
SPARK,SlidingTackle,46,1
SPARK,SlidingTackle,47,1
SPARK,SlidingTackle,48,1
SPARK,SlidingTackle,49,1
SPARK,SlidingTackle,50,1
SPARK,SlidingTackle,51,1
SPARK,SlidingTackle,52,1
SPARK,SlidingTackle,53,1
SPARK,SlidingTackle,54,1
SPARK,SlidingTackle,55,1
SPARK,SlidingTackle,56,1
SPARK,SlidingTackle,57,1
SPARK,SlidingTackle,58,1
SPARK,SlidingTackle,59,1
SPARK,SlidingTackle,60,2
SPARK,SlidingTackle,61,2
SPARK,SlidingTackle,62,2
SPARK,SlidingTackle,63,2
SPARK,SlidingTackle,64,3
SPARK,SlidingTackle,65,3
SPARK,SlidingTackle,66,3
SPARK,SlidingTackle,67,3
SPARK,SlidingTackle,68,3
SPARK,SlidingTackle,69,3
SPARK,SlidingTackle,70,4
SPARK,SlidingTackle,71,4
SPARK,SlidingTackle,72,4
SPARK,SlidingTackle,73,4
SPARK,SlidingTackle,74,4
SPARK,SlidingTackle,75,6
SPARK,SlidingTackle,76,6
SPARK,SlidingTackle,77,6
SPARK,SlidingTackle,78,6
SPARK,SlidingTackle,79,6
SPARK,SlidingTackle,80,7
SPARK,SlidingTackle,81,7
SPARK,SlidingTackle,82,7
SPARK,SlidingTackle,83,7
SPARK,SlidingTackle,84,7
SPARK,SlidingTackle,85,11
SPARK,SlidingTackle,86,11
SPARK,SlidingTackle,87,11
SPARK,SlidingTackle,88,11
SPARK,SlidingTackle,89,11
SPARK,SlidingTackle,90,15
SPARK,SlidingTackle,91,15
SPARK,SlidingTackle,92,15
SPARK,SlidingTackle,93,15
SPARK,SlidingTackle,94,15
SPARK,SlidingTackle,95,18
SPARK,SlidingTackle,96,22
SPARK,SlidingTackle,97,26
SPARK,SlidingTackle,98,30
SPARK,SlidingTackle,99,33
SPARK,Jumping,40,1
SPARK,Jumping,41,1
SPARK,Jumping,42,1
SPARK,Jumping,43,1
SPARK,Jumping,44,1
SPARK,Jumping,45,1
SPARK,Jumping,46,1
SPARK,Jumping,47,1
SPARK,Jumping,48,1
SPARK,Jumping,49,1
SPARK,Jumping,50,1
SPARK,Jumping,51,1
SPARK,Jumping,52,1
SPARK,Jumping,53,1
SPARK,Jumping,54,1
SPARK,Jumping,55,1
SPARK,Jumping,56,1
SPARK,Jumping,57,1
SPARK,Jumping,58,1
SPARK,Jumping,59,1
SPARK,Jumping,60,1
SPARK,Jumping,61,1
SPARK,Jumping,62,1
SPARK,Jumping,63,1
SPARK,Jumping,64,2
SPARK,Jumping,65,2
SPARK,Jumping,66,2
SPARK,Jumping,67,2
SPARK,Jumping,68,2
SPARK,Jumping,69,2
SPARK,Jumping,70,3
SPARK,Jumping,71,3
SPARK,Jumping,72,3
SPARK,Jumping,73,3
SPARK,Jumping,74,3
SPARK,Jumping,75,4
SPARK,Jumping,76,4
SPARK,Jumping,77,4
SPARK,Jumping,78,4
SPARK,Jumping,79,4
SPARK,Jumping,80,5
SPARK,Jumping,81,5
SPARK,Jumping,82,5
SPARK,Jumping,83,5
SPARK,Jumping,84,5
SPARK,Jumping,85,8
SPARK,Jumping,86,8
SPARK,Jumping,87,8
SPARK,Jumping,88,8
SPARK,Jumping,89,8
SPARK,Jumping,90,11
SPARK,Jumping,91,11
SPARK,Jumping,92,11
SPARK,Jumping,93,11
SPARK,Jumping,94,11
SPARK,Jumping,95,13
SPARK,Jumping,96,16
SPARK,Jumping,97,19
SPARK,Jumping,98,22
SPARK,Jumping,99,24
SPARK,Stamina,40,1
SPARK,Stamina,41,1
SPARK,Stamina,42,1
SPARK,Stamina,43,1
SPARK,Stamina,44,1
SPARK,Stamina,45,1
SPARK,Stamina,46,1
SPARK,Stamina,47,1
SPARK,Stamina,48,1
SPARK,Stamina,49,1
SPARK,Stamina,50,1
SPARK,Stamina,51,1
SPARK,Stamina,52,1
SPARK,Stamina,53,1
SPARK,Stamina,54,1
SPARK,Stamina,55,1
SPARK,Stamina,56,1
SPARK,Stamina,57,1
SPARK,Stamina,58,1
SPARK,Stamina,59,1
SPARK,Stamina,60,1
SPARK,Stamina,61,1
SPARK,Stamina,62,1
SPARK,Stamina,63,1
SPARK,Stamina,64,2
SPARK,Stamina,65,2
SPARK,Stamina,66,2
SPARK,Stamina,67,2
SPARK,Stamina,68,2
SPARK,Stamina,69,2
SPARK,Stamina,70,3
SPARK,Stamina,71,3
SPARK,Stamina,72,3
SPARK,Stamina,73,3
SPARK,Stamina,74,3
SPARK,Stamina,75,4
SPARK,Stamina,76,4
SPARK,Stamina,77,4
SPARK,Stamina,78,4
SPARK,Stamina,79,4
SPARK,Stamina,80,5
SPARK,Stamina,81,5
SPARK,Stamina,82,5
SPARK,Stamina,83,5
SPARK,Stamina,84,5
SPARK,Stamina,85,8
SPARK,Stamina,86,8
SPARK,Stamina,87,8
SPARK,Stamina,88,8
SPARK,Stamina,89,8
SPARK,Stamina,90,11
SPARK,Stamina,91,11
SPARK,Stamina,92,11
SPARK,Stamina,93,11
SPARK,Stamina,94,11
SPARK,Stamina,95,13
SPARK,Stamina,96,16
SPARK,Stamina,97,19
SPARK,Stamina,98,22
SPARK,Stamina,99,24
SPARK,Strength,40,1
SPARK,Strength,41,1
SPARK,Strength,42,1
SPARK,Strength,43,1
SPARK,Strength,44,1
SPARK,Strength,45,1
SPARK,Strength,46,1
SPARK,Strength,47,1
SPARK,Strength,48,1
SPARK,Strength,49,1
SPARK,Strength,50,1
SPARK,Strength,51,1
SPARK,Strength,52,1
SPARK,Strength,53,1
SPARK,Strength,54,1
SPARK,Strength,55,1
SPARK,Strength,56,1
SPARK,Strength,57,1
SPARK,Strength,58,1
SPARK,Strength,59,1
SPARK,Strength,60,2
SPARK,Strength,61,2
SPARK,Strength,62,2
SPARK,Strength,63,2
SPARK,Strength,64,3
SPARK,Strength,65,3
SPARK,Strength,66,3
SPARK,Strength,67,3
SPARK,Strength,68,3
SPARK,Strength,69,3
SPARK,Strength,70,4
SPARK,Strength,71,4
SPARK,Strength,72,4
SPARK,Strength,73,4
SPARK,Strength,74,4
SPARK,Strength,75,6
SPARK,Strength,76,6
SPARK,Strength,77,6
SPARK,Strength,78,6
SPARK,Strength,79,6
SPARK,Strength,80,7
SPARK,Strength,81,7
SPARK,Strength,82,7
SPARK,Strength,83,7
SPARK,Strength,84,7
SPARK,Strength,85,11
SPARK,Strength,86,11
SPARK,Strength,87,11
SPARK,Strength,88,11
SPARK,Strength,89,11
SPARK,Strength,90,15
SPARK,Strength,91,15
SPARK,Strength,92,15
SPARK,Strength,93,15
SPARK,Strength,94,15
SPARK,Strength,95,18
SPARK,Strength,96,22
SPARK,Strength,97,26
SPARK,Strength,98,30
SPARK,Strength,99,33
SPARK,Aggression,40,1
SPARK,Aggression,41,1
SPARK,Aggression,42,1
SPARK,Aggression,43,1
SPARK,Aggression,44,1
SPARK,Aggression,45,1
SPARK,Aggression,46,1
SPARK,Aggression,47,1
SPARK,Aggression,48,1
SPARK,Aggression,49,1
SPARK,Aggression,50,1
SPARK,Aggression,51,1
SPARK,Aggression,52,1
SPARK,Aggression,53,1
SPARK,Aggression,54,1
SPARK,Aggression,55,1
SPARK,Aggression,56,1
SPARK,Aggression,57,1
SPARK,Aggression,58,1
SPARK,Aggression,59,1
SPARK,Aggression,60,1
SPARK,Aggression,61,1
SPARK,Aggression,62,1
SPARK,Aggression,63,1
SPARK,Aggression,64,2
SPARK,Aggression,65,2
SPARK,Aggression,66,2
SPARK,Aggression,67,2
SPARK,Aggression,68,2
SPARK,Aggression,69,2
SPARK,Aggression,70,3
SPARK,Aggression,71,3
SPARK,Aggression,72,3
SPARK,Aggression,73,3
SPARK,Aggression,74,3
SPARK,Aggression,75,4
SPARK,Aggression,76,4
SPARK,Aggression,77,4
SPARK,Aggression,78,4
SPARK,Aggression,79,4
SPARK,Aggression,80,5
SPARK,Aggression,81,5
SPARK,Aggression,82,5
SPARK,Aggression,83,5
SPARK,Aggression,84,5
SPARK,Aggression,85,8
SPARK,Aggression,86,8
SPARK,Aggression,87,8
SPARK,Aggression,88,8
SPARK,Aggression,89,8
SPARK,Aggression,90,11
SPARK,Aggression,91,11
SPARK,Aggression,92,11
SPARK,Aggression,93,11
SPARK,Aggression,94,11
SPARK,Aggression,95,13
SPARK,Aggression,96,16
SPARK,Aggression,97,19
SPARK,Aggression,98,22
SPARK,Aggression,99,24
PROGRESSOR,Acceleration,40,2
PROGRESSOR,Acceleration,41,2
PROGRESSOR,Acceleration,42,2
PROGRESSOR,Acceleration,43,2
PROGRESSOR,Acceleration,44,2
PROGRESSOR,Acceleration,45,2
PROGRESSOR,Acceleration,46,2
PROGRESSOR,Acceleration,47,2
PROGRESSOR,Acceleration,48,2
PROGRESSOR,Acceleration,49,2
PROGRESSOR,Acceleration,50,2
PROGRESSOR,Acceleration,51,2
PROGRESSOR,Acceleration,52,2
PROGRESSOR,Acceleration,53,2
PROGRESSOR,Acceleration,54,2
PROGRESSOR,Acceleration,55,2
PROGRESSOR,Acceleration,56,2
PROGRESSOR,Acceleration,57,2
PROGRESSOR,Acceleration,58,2
PROGRESSOR,Acceleration,59,2
PROGRESSOR,Acceleration,60,3
PROGRESSOR,Acceleration,61,3
PROGRESSOR,Acceleration,62,3
PROGRESSOR,Acceleration,63,3
PROGRESSOR,Acceleration,64,4
PROGRESSOR,Acceleration,65,4
PROGRESSOR,Acceleration,66,4
PROGRESSOR,Acceleration,67,5
PROGRESSOR,Acceleration,68,5
PROGRESSOR,Acceleration,69,5
PROGRESSOR,Acceleration,70,6
PROGRESSOR,Acceleration,71,6
PROGRESSOR,Acceleration,72,6
PROGRESSOR,Acceleration,73,6
PROGRESSOR,Acceleration,74,6
PROGRESSOR,Acceleration,75,8
PROGRESSOR,Acceleration,76,8
PROGRESSOR,Acceleration,77,8
PROGRESSOR,Acceleration,78,8
PROGRESSOR,Acceleration,79,8
PROGRESSOR,Acceleration,80,10
PROGRESSOR,Acceleration,81,10
PROGRESSOR,Acceleration,82,10
PROGRESSOR,Acceleration,83,10
PROGRESSOR,Acceleration,84,10
PROGRESSOR,Acceleration,85,15
PROGRESSOR,Acceleration,86,15
PROGRESSOR,Acceleration,87,15
PROGRESSOR,Acceleration,88,15
PROGRESSOR,Acceleration,89,15
PROGRESSOR,Acceleration,90,20
PROGRESSOR,Acceleration,91,20
PROGRESSOR,Acceleration,92,20
PROGRESSOR,Acceleration,93,20
PROGRESSOR,Acceleration,94,20
PROGRESSOR,Acceleration,95,25
PROGRESSOR,Acceleration,96,30
PROGRESSOR,Acceleration,97,35
PROGRESSOR,Acceleration,98,40
PROGRESSOR,Acceleration,99,45
PROGRESSOR,SprintSpeed,40,2
PROGRESSOR,SprintSpeed,41,2
PROGRESSOR,SprintSpeed,42,2
PROGRESSOR,SprintSpeed,43,2
PROGRESSOR,SprintSpeed,44,2
PROGRESSOR,SprintSpeed,45,2
PROGRESSOR,SprintSpeed,46,2
PROGRESSOR,SprintSpeed,47,2
PROGRESSOR,SprintSpeed,48,2
PROGRESSOR,SprintSpeed,49,2
PROGRESSOR,SprintSpeed,50,2
PROGRESSOR,SprintSpeed,51,2
PROGRESSOR,SprintSpeed,52,2
PROGRESSOR,SprintSpeed,53,2
PROGRESSOR,SprintSpeed,54,2
PROGRESSOR,SprintSpeed,55,2
PROGRESSOR,SprintSpeed,56,2
PROGRESSOR,SprintSpeed,57,2
PROGRESSOR,SprintSpeed,58,2
PROGRESSOR,SprintSpeed,59,2
PROGRESSOR,SprintSpeed,60,3
PROGRESSOR,SprintSpeed,61,3
PROGRESSOR,SprintSpeed,62,3
PROGRESSOR,SprintSpeed,63,3
PROGRESSOR,SprintSpeed,64,4
PROGRESSOR,SprintSpeed,65,4
PROGRESSOR,SprintSpeed,66,4
PROGRESSOR,SprintSpeed,67,5
PROGRESSOR,SprintSpeed,68,5
PROGRESSOR,SprintSpeed,69,5
PROGRESSOR,SprintSpeed,70,6
PROGRESSOR,SprintSpeed,71,6
PROGRESSOR,SprintSpeed,72,6
PROGRESSOR,SprintSpeed,73,6
PROGRESSOR,SprintSpeed,74,6
PROGRESSOR,SprintSpeed,75,8
PROGRESSOR,SprintSpeed,76,8
PROGRESSOR,SprintSpeed,77,8
PROGRESSOR,SprintSpeed,78,8
PROGRESSOR,SprintSpeed,79,8
PROGRESSOR,SprintSpeed,80,10
PROGRESSOR,SprintSpeed,81,10
PROGRESSOR,SprintSpeed,82,10
PROGRESSOR,SprintSpeed,83,10
PROGRESSOR,SprintSpeed,84,10
PROGRESSOR,SprintSpeed,85,15
PROGRESSOR,SprintSpeed,86,15
PROGRESSOR,SprintSpeed,87,15
PROGRESSOR,SprintSpeed,88,15
PROGRESSOR,SprintSpeed,89,15
PROGRESSOR,SprintSpeed,90,20
PROGRESSOR,SprintSpeed,91,20
PROGRESSOR,SprintSpeed,92,20
PROGRESSOR,SprintSpeed,93,20
PROGRESSOR,SprintSpeed,94,20
PROGRESSOR,SprintSpeed,95,25
PROGRESSOR,SprintSpeed,96,30
PROGRESSOR,SprintSpeed,97,35
PROGRESSOR,SprintSpeed,98,40
PROGRESSOR,SprintSpeed,99,45
PROGRESSOR,AttackPositioning,40,1
PROGRESSOR,AttackPositioning,41,1
PROGRESSOR,AttackPositioning,42,1
PROGRESSOR,AttackPositioning,43,1
PROGRESSOR,AttackPositioning,44,1
PROGRESSOR,AttackPositioning,45,1
PROGRESSOR,AttackPositioning,46,1
PROGRESSOR,AttackPositioning,47,1
PROGRESSOR,AttackPositioning,48,1
PROGRESSOR,AttackPositioning,49,1
PROGRESSOR,AttackPositioning,50,1
PROGRESSOR,AttackPositioning,51,1
PROGRESSOR,AttackPositioning,52,1
PROGRESSOR,AttackPositioning,53,1
PROGRESSOR,AttackPositioning,54,1
PROGRESSOR,AttackPositioning,55,1
PROGRESSOR,AttackPositioning,56,1
PROGRESSOR,AttackPositioning,57,1
PROGRESSOR,AttackPositioning,58,1
PROGRESSOR,AttackPositioning,59,1
PROGRESSOR,AttackPositioning,60,1
PROGRESSOR,AttackPositioning,61,1
PROGRESSOR,AttackPositioning,62,1
PROGRESSOR,AttackPositioning,63,1
PROGRESSOR,AttackPositioning,64,2
PROGRESSOR,AttackPositioning,65,2
PROGRESSOR,AttackPositioning,66,2
PROGRESSOR,AttackPositioning,67,2
PROGRESSOR,AttackPositioning,68,2
PROGRESSOR,AttackPositioning,69,2
PROGRESSOR,AttackPositioning,70,3
PROGRESSOR,AttackPositioning,71,3
PROGRESSOR,AttackPositioning,72,3
PROGRESSOR,AttackPositioning,73,3
PROGRESSOR,AttackPositioning,74,3
PROGRESSOR,AttackPositioning,75,4
PROGRESSOR,AttackPositioning,76,4
PROGRESSOR,AttackPositioning,77,4
PROGRESSOR,AttackPositioning,78,4
PROGRESSOR,AttackPositioning,79,4
PROGRESSOR,AttackPositioning,80,5
PROGRESSOR,AttackPositioning,81,5
PROGRESSOR,AttackPositioning,82,5
PROGRESSOR,AttackPositioning,83,5
PROGRESSOR,AttackPositioning,84,5
PROGRESSOR,AttackPositioning,85,8
PROGRESSOR,AttackPositioning,86,8
PROGRESSOR,AttackPositioning,87,8
PROGRESSOR,AttackPositioning,88,8
PROGRESSOR,AttackPositioning,89,8
PROGRESSOR,AttackPositioning,90,11
PROGRESSOR,AttackPositioning,91,11
PROGRESSOR,AttackPositioning,92,11
PROGRESSOR,AttackPositioning,93,11
PROGRESSOR,AttackPositioning,94,11
PROGRESSOR,AttackPositioning,95,13
PROGRESSOR,AttackPositioning,96,16
PROGRESSOR,AttackPositioning,97,19
PROGRESSOR,AttackPositioning,98,22
PROGRESSOR,AttackPositioning,99,24
PROGRESSOR,Finishing,40,2
PROGRESSOR,Finishing,41,2
PROGRESSOR,Finishing,42,2
PROGRESSOR,Finishing,43,2
PROGRESSOR,Finishing,44,2
PROGRESSOR,Finishing,45,2
PROGRESSOR,Finishing,46,2
PROGRESSOR,Finishing,47,2
PROGRESSOR,Finishing,48,2
PROGRESSOR,Finishing,49,2
PROGRESSOR,Finishing,50,2
PROGRESSOR,Finishing,51,2
PROGRESSOR,Finishing,52,2
PROGRESSOR,Finishing,53,2
PROGRESSOR,Finishing,54,2
PROGRESSOR,Finishing,55,2
PROGRESSOR,Finishing,56,2
PROGRESSOR,Finishing,57,2
PROGRESSOR,Finishing,58,2
PROGRESSOR,Finishing,59,2
PROGRESSOR,Finishing,60,3
PROGRESSOR,Finishing,61,3
PROGRESSOR,Finishing,62,3
PROGRESSOR,Finishing,63,3
PROGRESSOR,Finishing,64,4
PROGRESSOR,Finishing,65,4
PROGRESSOR,Finishing,66,4
PROGRESSOR,Finishing,67,5
PROGRESSOR,Finishing,68,5
PROGRESSOR,Finishing,69,5
PROGRESSOR,Finishing,70,6
PROGRESSOR,Finishing,71,6
PROGRESSOR,Finishing,72,6
PROGRESSOR,Finishing,73,6
PROGRESSOR,Finishing,74,6
PROGRESSOR,Finishing,75,8
PROGRESSOR,Finishing,76,8
PROGRESSOR,Finishing,77,8
PROGRESSOR,Finishing,78,8
PROGRESSOR,Finishing,79,8
PROGRESSOR,Finishing,80,10
PROGRESSOR,Finishing,81,10
PROGRESSOR,Finishing,82,10
PROGRESSOR,Finishing,83,10
PROGRESSOR,Finishing,84,10
PROGRESSOR,Finishing,85,15
PROGRESSOR,Finishing,86,15
PROGRESSOR,Finishing,87,15
PROGRESSOR,Finishing,88,15
PROGRESSOR,Finishing,89,15
PROGRESSOR,Finishing,90,20
PROGRESSOR,Finishing,91,20
PROGRESSOR,Finishing,92,20
PROGRESSOR,Finishing,93,20
PROGRESSOR,Finishing,94,20
PROGRESSOR,Finishing,95,25
PROGRESSOR,Finishing,96,30
PROGRESSOR,Finishing,97,35
PROGRESSOR,Finishing,98,40
PROGRESSOR,Finishing,99,45
PROGRESSOR,ShotPower,40,1
PROGRESSOR,ShotPower,41,1
PROGRESSOR,ShotPower,42,1
PROGRESSOR,ShotPower,43,1
PROGRESSOR,ShotPower,44,1
PROGRESSOR,ShotPower,45,1
PROGRESSOR,ShotPower,46,1
PROGRESSOR,ShotPower,47,1
PROGRESSOR,ShotPower,48,1
PROGRESSOR,ShotPower,49,1
PROGRESSOR,ShotPower,50,1
PROGRESSOR,ShotPower,51,1
PROGRESSOR,ShotPower,52,1
PROGRESSOR,ShotPower,53,1
PROGRESSOR,ShotPower,54,1
PROGRESSOR,ShotPower,55,1
PROGRESSOR,ShotPower,56,1
PROGRESSOR,ShotPower,57,1
PROGRESSOR,ShotPower,58,1
PROGRESSOR,ShotPower,59,1
PROGRESSOR,ShotPower,60,2
PROGRESSOR,ShotPower,61,2
PROGRESSOR,ShotPower,62,2
PROGRESSOR,ShotPower,63,2
PROGRESSOR,ShotPower,64,3
PROGRESSOR,ShotPower,65,3
PROGRESSOR,ShotPower,66,3
PROGRESSOR,ShotPower,67,3
PROGRESSOR,ShotPower,68,3
PROGRESSOR,ShotPower,69,3
PROGRESSOR,ShotPower,70,4
PROGRESSOR,ShotPower,71,4
PROGRESSOR,ShotPower,72,4
PROGRESSOR,ShotPower,73,4
PROGRESSOR,ShotPower,74,4
PROGRESSOR,ShotPower,75,6
PROGRESSOR,ShotPower,76,6
PROGRESSOR,ShotPower,77,6
PROGRESSOR,ShotPower,78,6
PROGRESSOR,ShotPower,79,6
PROGRESSOR,ShotPower,80,7
PROGRESSOR,ShotPower,81,7
PROGRESSOR,ShotPower,82,7
PROGRESSOR,ShotPower,83,7
PROGRESSOR,ShotPower,84,7
PROGRESSOR,ShotPower,85,11
PROGRESSOR,ShotPower,86,11
PROGRESSOR,ShotPower,87,11
PROGRESSOR,ShotPower,88,11
PROGRESSOR,ShotPower,89,11
PROGRESSOR,ShotPower,90,15
PROGRESSOR,ShotPower,91,15
PROGRESSOR,ShotPower,92,15
PROGRESSOR,ShotPower,93,15
PROGRESSOR,ShotPower,94,15
PROGRESSOR,ShotPower,95,18
PROGRESSOR,ShotPower,96,22
PROGRESSOR,ShotPower,97,26
PROGRESSOR,ShotPower,98,30
PROGRESSOR,ShotPower,99,33
PROGRESSOR,LongShots,40,1
PROGRESSOR,LongShots,41,1
PROGRESSOR,LongShots,42,1
PROGRESSOR,LongShots,43,1
PROGRESSOR,LongShots,44,1
PROGRESSOR,LongShots,45,1
PROGRESSOR,LongShots,46,1
PROGRESSOR,LongShots,47,1
PROGRESSOR,LongShots,48,1
PROGRESSOR,LongShots,49,1
PROGRESSOR,LongShots,50,1
PROGRESSOR,LongShots,51,1
PROGRESSOR,LongShots,52,1
PROGRESSOR,LongShots,53,1
PROGRESSOR,LongShots,54,1
PROGRESSOR,LongShots,55,1
PROGRESSOR,LongShots,56,1
PROGRESSOR,LongShots,57,1
PROGRESSOR,LongShots,58,1
PROGRESSOR,LongShots,59,1
PROGRESSOR,LongShots,60,2
PROGRESSOR,LongShots,61,2
PROGRESSOR,LongShots,62,2
PROGRESSOR,LongShots,63,2
PROGRESSOR,LongShots,64,3
PROGRESSOR,LongShots,65,3
PROGRESSOR,LongShots,66,3
PROGRESSOR,LongShots,67,3
PROGRESSOR,LongShots,68,3
PROGRESSOR,LongShots,69,3
PROGRESSOR,LongShots,70,4
PROGRESSOR,LongShots,71,4
PROGRESSOR,LongShots,72,4
PROGRESSOR,LongShots,73,4
PROGRESSOR,LongShots,74,4
PROGRESSOR,LongShots,75,6
PROGRESSOR,LongShots,76,6
PROGRESSOR,LongShots,77,6
PROGRESSOR,LongShots,78,6
PROGRESSOR,LongShots,79,6
PROGRESSOR,LongShots,80,7
PROGRESSOR,LongShots,81,7
PROGRESSOR,LongShots,82,7
PROGRESSOR,LongShots,83,7
PROGRESSOR,LongShots,84,7
PROGRESSOR,LongShots,85,11
PROGRESSOR,LongShots,86,11
PROGRESSOR,LongShots,87,11
PROGRESSOR,LongShots,88,11
PROGRESSOR,LongShots,89,11
PROGRESSOR,LongShots,90,15
PROGRESSOR,LongShots,91,15
PROGRESSOR,LongShots,92,15
PROGRESSOR,LongShots,93,15
PROGRESSOR,LongShots,94,15
PROGRESSOR,LongShots,95,18
PROGRESSOR,LongShots,96,22
PROGRESSOR,LongShots,97,26
PROGRESSOR,LongShots,98,30
PROGRESSOR,LongShots,99,33
PROGRESSOR,Volleys,40,1
PROGRESSOR,Volleys,41,1
PROGRESSOR,Volleys,42,1
PROGRESSOR,Volleys,43,1
PROGRESSOR,Volleys,44,1
PROGRESSOR,Volleys,45,1
PROGRESSOR,Volleys,46,1
PROGRESSOR,Volleys,47,1
PROGRESSOR,Volleys,48,1
PROGRESSOR,Volleys,49,1
PROGRESSOR,Volleys,50,1
PROGRESSOR,Volleys,51,1
PROGRESSOR,Volleys,52,1
PROGRESSOR,Volleys,53,1
PROGRESSOR,Volleys,54,1
PROGRESSOR,Volleys,55,1
PROGRESSOR,Volleys,56,1
PROGRESSOR,Volleys,57,1
PROGRESSOR,Volleys,58,1
PROGRESSOR,Volleys,59,1
PROGRESSOR,Volleys,60,1
PROGRESSOR,Volleys,61,1
PROGRESSOR,Volleys,62,1
PROGRESSOR,Volleys,63,1
PROGRESSOR,Volleys,64,2
PROGRESSOR,Volleys,65,2
PROGRESSOR,Volleys,66,2
PROGRESSOR,Volleys,67,2
PROGRESSOR,Volleys,68,2
PROGRESSOR,Volleys,69,2
PROGRESSOR,Volleys,70,3
PROGRESSOR,Volleys,71,3
PROGRESSOR,Volleys,72,3
PROGRESSOR,Volleys,73,3
PROGRESSOR,Volleys,74,3
PROGRESSOR,Volleys,75,4
PROGRESSOR,Volleys,76,4
PROGRESSOR,Volleys,77,4
PROGRESSOR,Volleys,78,4
PROGRESSOR,Volleys,79,4
PROGRESSOR,Volleys,80,5
PROGRESSOR,Volleys,81,5
PROGRESSOR,Volleys,82,5
PROGRESSOR,Volleys,83,5
PROGRESSOR,Volleys,84,5
PROGRESSOR,Volleys,85,8
PROGRESSOR,Volleys,86,8
PROGRESSOR,Volleys,87,8
PROGRESSOR,Volleys,88,8
PROGRESSOR,Volleys,89,8
PROGRESSOR,Volleys,90,11
PROGRESSOR,Volleys,91,11
PROGRESSOR,Volleys,92,11
PROGRESSOR,Volleys,93,11
PROGRESSOR,Volleys,94,11
PROGRESSOR,Volleys,95,13
PROGRESSOR,Volleys,96,16
PROGRESSOR,Volleys,97,19
PROGRESSOR,Volleys,98,22
PROGRESSOR,Volleys,99,24
PROGRESSOR,Penalties,40,1
PROGRESSOR,Penalties,41,1
PROGRESSOR,Penalties,42,1
PROGRESSOR,Penalties,43,1
PROGRESSOR,Penalties,44,1
PROGRESSOR,Penalties,45,1
PROGRESSOR,Penalties,46,1
PROGRESSOR,Penalties,47,1
PROGRESSOR,Penalties,48,1
PROGRESSOR,Penalties,49,1
PROGRESSOR,Penalties,50,1
PROGRESSOR,Penalties,51,1
PROGRESSOR,Penalties,52,1
PROGRESSOR,Penalties,53,1
PROGRESSOR,Penalties,54,1
PROGRESSOR,Penalties,55,1
PROGRESSOR,Penalties,56,1
PROGRESSOR,Penalties,57,1
PROGRESSOR,Penalties,58,1
PROGRESSOR,Penalties,59,1
PROGRESSOR,Penalties,60,1
PROGRESSOR,Penalties,61,1
PROGRESSOR,Penalties,62,1
PROGRESSOR,Penalties,63,1
PROGRESSOR,Penalties,64,2
PROGRESSOR,Penalties,65,2
PROGRESSOR,Penalties,66,2
PROGRESSOR,Penalties,67,2
PROGRESSOR,Penalties,68,2
PROGRESSOR,Penalties,69,2
PROGRESSOR,Penalties,70,3
PROGRESSOR,Penalties,71,3
PROGRESSOR,Penalties,72,3
PROGRESSOR,Penalties,73,3
PROGRESSOR,Penalties,74,3
PROGRESSOR,Penalties,75,4
PROGRESSOR,Penalties,76,4
PROGRESSOR,Penalties,77,4
PROGRESSOR,Penalties,78,4
PROGRESSOR,Penalties,79,4
PROGRESSOR,Penalties,80,5
PROGRESSOR,Penalties,81,5
PROGRESSOR,Penalties,82,5
PROGRESSOR,Penalties,83,5
PROGRESSOR,Penalties,84,5
PROGRESSOR,Penalties,85,8
PROGRESSOR,Penalties,86,8
PROGRESSOR,Penalties,87,8
PROGRESSOR,Penalties,88,8
PROGRESSOR,Penalties,89,8
PROGRESSOR,Penalties,90,11
PROGRESSOR,Penalties,91,11
PROGRESSOR,Penalties,92,11
PROGRESSOR,Penalties,93,11
PROGRESSOR,Penalties,94,11
PROGRESSOR,Penalties,95,13
PROGRESSOR,Penalties,96,16
PROGRESSOR,Penalties,97,19
PROGRESSOR,Penalties,98,22
PROGRESSOR,Penalties,99,24
PROGRESSOR,Vision,40,1
PROGRESSOR,Vision,41,1
PROGRESSOR,Vision,42,1
PROGRESSOR,Vision,43,1
PROGRESSOR,Vision,44,1
PROGRESSOR,Vision,45,1
PROGRESSOR,Vision,46,1
PROGRESSOR,Vision,47,1
PROGRESSOR,Vision,48,1
PROGRESSOR,Vision,49,1
PROGRESSOR,Vision,50,1
PROGRESSOR,Vision,51,1
PROGRESSOR,Vision,52,1
PROGRESSOR,Vision,53,1
PROGRESSOR,Vision,54,1
PROGRESSOR,Vision,55,1
PROGRESSOR,Vision,56,1
PROGRESSOR,Vision,57,1
PROGRESSOR,Vision,58,1
PROGRESSOR,Vision,59,1
PROGRESSOR,Vision,60,2
PROGRESSOR,Vision,61,2
PROGRESSOR,Vision,62,2
PROGRESSOR,Vision,63,2
PROGRESSOR,Vision,64,3
PROGRESSOR,Vision,65,3
PROGRESSOR,Vision,66,3
PROGRESSOR,Vision,67,3
PROGRESSOR,Vision,68,3
PROGRESSOR,Vision,69,3
PROGRESSOR,Vision,70,4
PROGRESSOR,Vision,71,4
PROGRESSOR,Vision,72,4
PROGRESSOR,Vision,73,4
PROGRESSOR,Vision,74,4
PROGRESSOR,Vision,75,6
PROGRESSOR,Vision,76,6
PROGRESSOR,Vision,77,6
PROGRESSOR,Vision,78,6
PROGRESSOR,Vision,79,6
PROGRESSOR,Vision,80,7
PROGRESSOR,Vision,81,7
PROGRESSOR,Vision,82,7
PROGRESSOR,Vision,83,7
PROGRESSOR,Vision,84,7
PROGRESSOR,Vision,85,11
PROGRESSOR,Vision,86,11
PROGRESSOR,Vision,87,11
PROGRESSOR,Vision,88,11
PROGRESSOR,Vision,89,11
PROGRESSOR,Vision,90,15
PROGRESSOR,Vision,91,15
PROGRESSOR,Vision,92,15
PROGRESSOR,Vision,93,15
PROGRESSOR,Vision,94,15
PROGRESSOR,Vision,95,18
PROGRESSOR,Vision,96,22
PROGRESSOR,Vision,97,26
PROGRESSOR,Vision,98,30
PROGRESSOR,Vision,99,33
PROGRESSOR,Crossing,40,1
PROGRESSOR,Crossing,41,1
PROGRESSOR,Crossing,42,1
PROGRESSOR,Crossing,43,1
PROGRESSOR,Crossing,44,1
PROGRESSOR,Crossing,45,1
PROGRESSOR,Crossing,46,1
PROGRESSOR,Crossing,47,1
PROGRESSOR,Crossing,48,1
PROGRESSOR,Crossing,49,1
PROGRESSOR,Crossing,50,1
PROGRESSOR,Crossing,51,1
PROGRESSOR,Crossing,52,1
PROGRESSOR,Crossing,53,1
PROGRESSOR,Crossing,54,1
PROGRESSOR,Crossing,55,1
PROGRESSOR,Crossing,56,1
PROGRESSOR,Crossing,57,1
PROGRESSOR,Crossing,58,1
PROGRESSOR,Crossing,59,1
PROGRESSOR,Crossing,60,2
PROGRESSOR,Crossing,61,2
PROGRESSOR,Crossing,62,2
PROGRESSOR,Crossing,63,2
PROGRESSOR,Crossing,64,3
PROGRESSOR,Crossing,65,3
PROGRESSOR,Crossing,66,3
PROGRESSOR,Crossing,67,3
PROGRESSOR,Crossing,68,3
PROGRESSOR,Crossing,69,3
PROGRESSOR,Crossing,70,4
PROGRESSOR,Crossing,71,4
PROGRESSOR,Crossing,72,4
PROGRESSOR,Crossing,73,4
PROGRESSOR,Crossing,74,4
PROGRESSOR,Crossing,75,6
PROGRESSOR,Crossing,76,6
PROGRESSOR,Crossing,77,6
PROGRESSOR,Crossing,78,6
PROGRESSOR,Crossing,79,6
PROGRESSOR,Crossing,80,7
PROGRESSOR,Crossing,81,7
PROGRESSOR,Crossing,82,7
PROGRESSOR,Crossing,83,7
PROGRESSOR,Crossing,84,7
PROGRESSOR,Crossing,85,11
PROGRESSOR,Crossing,86,11
PROGRESSOR,Crossing,87,11
PROGRESSOR,Crossing,88,11
PROGRESSOR,Crossing,89,11
PROGRESSOR,Crossing,90,15
PROGRESSOR,Crossing,91,15
PROGRESSOR,Crossing,92,15
PROGRESSOR,Crossing,93,15
PROGRESSOR,Crossing,94,15
PROGRESSOR,Crossing,95,18
PROGRESSOR,Crossing,96,22
PROGRESSOR,Crossing,97,26
PROGRESSOR,Crossing,98,30
PROGRESSOR,Crossing,99,33
PROGRESSOR,FKAccuracy,40,1
PROGRESSOR,FKAccuracy,41,1
PROGRESSOR,FKAccuracy,42,1
PROGRESSOR,FKAccuracy,43,1
PROGRESSOR,FKAccuracy,44,1
PROGRESSOR,FKAccuracy,45,1
PROGRESSOR,FKAccuracy,46,1
PROGRESSOR,FKAccuracy,47,1
PROGRESSOR,FKAccuracy,48,1
PROGRESSOR,FKAccuracy,49,1
PROGRESSOR,FKAccuracy,50,1
PROGRESSOR,FKAccuracy,51,1
PROGRESSOR,FKAccuracy,52,1
PROGRESSOR,FKAccuracy,53,1
PROGRESSOR,FKAccuracy,54,1
PROGRESSOR,FKAccuracy,55,1
PROGRESSOR,FKAccuracy,56,1
PROGRESSOR,FKAccuracy,57,1
PROGRESSOR,FKAccuracy,58,1
PROGRESSOR,FKAccuracy,59,1
PROGRESSOR,FKAccuracy,60,1
PROGRESSOR,FKAccuracy,61,1
PROGRESSOR,FKAccuracy,62,1
PROGRESSOR,FKAccuracy,63,1
PROGRESSOR,FKAccuracy,64,2
PROGRESSOR,FKAccuracy,65,2
PROGRESSOR,FKAccuracy,66,2
PROGRESSOR,FKAccuracy,67,2
PROGRESSOR,FKAccuracy,68,2
PROGRESSOR,FKAccuracy,69,2
PROGRESSOR,FKAccuracy,70,3
PROGRESSOR,FKAccuracy,71,3
PROGRESSOR,FKAccuracy,72,3
PROGRESSOR,FKAccuracy,73,3
PROGRESSOR,FKAccuracy,74,3
PROGRESSOR,FKAccuracy,75,4
PROGRESSOR,FKAccuracy,76,4
PROGRESSOR,FKAccuracy,77,4
PROGRESSOR,FKAccuracy,78,4
PROGRESSOR,FKAccuracy,79,4
PROGRESSOR,FKAccuracy,80,5
PROGRESSOR,FKAccuracy,81,5
PROGRESSOR,FKAccuracy,82,5
PROGRESSOR,FKAccuracy,83,5
PROGRESSOR,FKAccuracy,84,5
PROGRESSOR,FKAccuracy,85,8
PROGRESSOR,FKAccuracy,86,8
PROGRESSOR,FKAccuracy,87,8
PROGRESSOR,FKAccuracy,88,8
PROGRESSOR,FKAccuracy,89,8
PROGRESSOR,FKAccuracy,90,11
PROGRESSOR,FKAccuracy,91,11
PROGRESSOR,FKAccuracy,92,11
PROGRESSOR,FKAccuracy,93,11
PROGRESSOR,FKAccuracy,94,11
PROGRESSOR,FKAccuracy,95,13
PROGRESSOR,FKAccuracy,96,16
PROGRESSOR,FKAccuracy,97,19
PROGRESSOR,FKAccuracy,98,22
PROGRESSOR,FKAccuracy,99,24
PROGRESSOR,ShortPassing,40,2
PROGRESSOR,ShortPassing,41,2
PROGRESSOR,ShortPassing,42,2
PROGRESSOR,ShortPassing,43,2
PROGRESSOR,ShortPassing,44,2
PROGRESSOR,ShortPassing,45,2
PROGRESSOR,ShortPassing,46,2
PROGRESSOR,ShortPassing,47,2
PROGRESSOR,ShortPassing,48,2
PROGRESSOR,ShortPassing,49,2
PROGRESSOR,ShortPassing,50,2
PROGRESSOR,ShortPassing,51,2
PROGRESSOR,ShortPassing,52,2
PROGRESSOR,ShortPassing,53,2
PROGRESSOR,ShortPassing,54,2
PROGRESSOR,ShortPassing,55,2
PROGRESSOR,ShortPassing,56,2
PROGRESSOR,ShortPassing,57,2
PROGRESSOR,ShortPassing,58,2
PROGRESSOR,ShortPassing,59,2
PROGRESSOR,ShortPassing,60,3
PROGRESSOR,ShortPassing,61,3
PROGRESSOR,ShortPassing,62,3
PROGRESSOR,ShortPassing,63,3
PROGRESSOR,ShortPassing,64,4
PROGRESSOR,ShortPassing,65,4
PROGRESSOR,ShortPassing,66,4
PROGRESSOR,ShortPassing,67,5
PROGRESSOR,ShortPassing,68,5
PROGRESSOR,ShortPassing,69,5
PROGRESSOR,ShortPassing,70,6
PROGRESSOR,ShortPassing,71,6
PROGRESSOR,ShortPassing,72,6
PROGRESSOR,ShortPassing,73,6
PROGRESSOR,ShortPassing,74,6
PROGRESSOR,ShortPassing,75,8
PROGRESSOR,ShortPassing,76,8
PROGRESSOR,ShortPassing,77,8
PROGRESSOR,ShortPassing,78,8
PROGRESSOR,ShortPassing,79,8
PROGRESSOR,ShortPassing,80,10
PROGRESSOR,ShortPassing,81,10
PROGRESSOR,ShortPassing,82,10
PROGRESSOR,ShortPassing,83,10
PROGRESSOR,ShortPassing,84,10
PROGRESSOR,ShortPassing,85,15
PROGRESSOR,ShortPassing,86,15
PROGRESSOR,ShortPassing,87,15
PROGRESSOR,ShortPassing,88,15
PROGRESSOR,ShortPassing,89,15
PROGRESSOR,ShortPassing,90,20
PROGRESSOR,ShortPassing,91,20
PROGRESSOR,ShortPassing,92,20
PROGRESSOR,ShortPassing,93,20
PROGRESSOR,ShortPassing,94,20
PROGRESSOR,ShortPassing,95,25
PROGRESSOR,ShortPassing,96,30
PROGRESSOR,ShortPassing,97,35
PROGRESSOR,ShortPassing,98,40
PROGRESSOR,ShortPassing,99,45
PROGRESSOR,LongPassing,40,1
PROGRESSOR,LongPassing,41,1
PROGRESSOR,LongPassing,42,1
PROGRESSOR,LongPassing,43,1
PROGRESSOR,LongPassing,44,1
PROGRESSOR,LongPassing,45,1
PROGRESSOR,LongPassing,46,1
PROGRESSOR,LongPassing,47,1
PROGRESSOR,LongPassing,48,1
PROGRESSOR,LongPassing,49,1
PROGRESSOR,LongPassing,50,1
PROGRESSOR,LongPassing,51,1
PROGRESSOR,LongPassing,52,1
PROGRESSOR,LongPassing,53,1
PROGRESSOR,LongPassing,54,1
PROGRESSOR,LongPassing,55,1
PROGRESSOR,LongPassing,56,1
PROGRESSOR,LongPassing,57,1
PROGRESSOR,LongPassing,58,1
PROGRESSOR,LongPassing,59,1
PROGRESSOR,LongPassing,60,1
PROGRESSOR,LongPassing,61,1
PROGRESSOR,LongPassing,62,1
PROGRESSOR,LongPassing,63,1
PROGRESSOR,LongPassing,64,2
PROGRESSOR,LongPassing,65,2
PROGRESSOR,LongPassing,66,2
PROGRESSOR,LongPassing,67,2
PROGRESSOR,LongPassing,68,2
PROGRESSOR,LongPassing,69,2
PROGRESSOR,LongPassing,70,3
PROGRESSOR,LongPassing,71,3
PROGRESSOR,LongPassing,72,3
PROGRESSOR,LongPassing,73,3
PROGRESSOR,LongPassing,74,3
PROGRESSOR,LongPassing,75,4
PROGRESSOR,LongPassing,76,4
PROGRESSOR,LongPassing,77,4
PROGRESSOR,LongPassing,78,4
PROGRESSOR,LongPassing,79,4
PROGRESSOR,LongPassing,80,5
PROGRESSOR,LongPassing,81,5
PROGRESSOR,LongPassing,82,5
PROGRESSOR,LongPassing,83,5
PROGRESSOR,LongPassing,84,5
PROGRESSOR,LongPassing,85,8
PROGRESSOR,LongPassing,86,8
PROGRESSOR,LongPassing,87,8
PROGRESSOR,LongPassing,88,8
PROGRESSOR,LongPassing,89,8
PROGRESSOR,LongPassing,90,11
PROGRESSOR,LongPassing,91,11
PROGRESSOR,LongPassing,92,11
PROGRESSOR,LongPassing,93,11
PROGRESSOR,LongPassing,94,11
PROGRESSOR,LongPassing,95,13
PROGRESSOR,LongPassing,96,16
PROGRESSOR,LongPassing,97,19
PROGRESSOR,LongPassing,98,22
PROGRESSOR,LongPassing,99,24
PROGRESSOR,Curve,40,1
PROGRESSOR,Curve,41,1
PROGRESSOR,Curve,42,1
PROGRESSOR,Curve,43,1
PROGRESSOR,Curve,44,1
PROGRESSOR,Curve,45,1
PROGRESSOR,Curve,46,1
PROGRESSOR,Curve,47,1
PROGRESSOR,Curve,48,1
PROGRESSOR,Curve,49,1
PROGRESSOR,Curve,50,1
PROGRESSOR,Curve,51,1
PROGRESSOR,Curve,52,1
PROGRESSOR,Curve,53,1
PROGRESSOR,Curve,54,1
PROGRESSOR,Curve,55,1
PROGRESSOR,Curve,56,1
PROGRESSOR,Curve,57,1
PROGRESSOR,Curve,58,1
PROGRESSOR,Curve,59,1
PROGRESSOR,Curve,60,1
PROGRESSOR,Curve,61,1
PROGRESSOR,Curve,62,1
PROGRESSOR,Curve,63,1
PROGRESSOR,Curve,64,2
PROGRESSOR,Curve,65,2
PROGRESSOR,Curve,66,2
PROGRESSOR,Curve,67,2
PROGRESSOR,Curve,68,2
PROGRESSOR,Curve,69,2
PROGRESSOR,Curve,70,3
PROGRESSOR,Curve,71,3
PROGRESSOR,Curve,72,3
PROGRESSOR,Curve,73,3
PROGRESSOR,Curve,74,3
PROGRESSOR,Curve,75,4
PROGRESSOR,Curve,76,4
PROGRESSOR,Curve,77,4
PROGRESSOR,Curve,78,4
PROGRESSOR,Curve,79,4
PROGRESSOR,Curve,80,5
PROGRESSOR,Curve,81,5
PROGRESSOR,Curve,82,5
PROGRESSOR,Curve,83,5
PROGRESSOR,Curve,84,5
PROGRESSOR,Curve,85,8
PROGRESSOR,Curve,86,8
PROGRESSOR,Curve,87,8
PROGRESSOR,Curve,88,8
PROGRESSOR,Curve,89,8
PROGRESSOR,Curve,90,11
PROGRESSOR,Curve,91,11
PROGRESSOR,Curve,92,11
PROGRESSOR,Curve,93,11
PROGRESSOR,Curve,94,11
PROGRESSOR,Curve,95,13
PROGRESSOR,Curve,96,16
PROGRESSOR,Curve,97,19
PROGRESSOR,Curve,98,22
PROGRESSOR,Curve,99,24
PROGRESSOR,Agility,40,2
PROGRESSOR,Agility,41,2
PROGRESSOR,Agility,42,2
PROGRESSOR,Agility,43,2
PROGRESSOR,Agility,44,2
PROGRESSOR,Agility,45,2
PROGRESSOR,Agility,46,2
PROGRESSOR,Agility,47,2
PROGRESSOR,Agility,48,2
PROGRESSOR,Agility,49,2
PROGRESSOR,Agility,50,2
PROGRESSOR,Agility,51,2
PROGRESSOR,Agility,52,2
PROGRESSOR,Agility,53,2
PROGRESSOR,Agility,54,2
PROGRESSOR,Agility,55,2
PROGRESSOR,Agility,56,2
PROGRESSOR,Agility,57,2
PROGRESSOR,Agility,58,2
PROGRESSOR,Agility,59,2
PROGRESSOR,Agility,60,3
PROGRESSOR,Agility,61,3
PROGRESSOR,Agility,62,3
PROGRESSOR,Agility,63,3
PROGRESSOR,Agility,64,4
PROGRESSOR,Agility,65,4
PROGRESSOR,Agility,66,4
PROGRESSOR,Agility,67,5
PROGRESSOR,Agility,68,5
PROGRESSOR,Agility,69,5
PROGRESSOR,Agility,70,6
PROGRESSOR,Agility,71,6
PROGRESSOR,Agility,72,6
PROGRESSOR,Agility,73,6
PROGRESSOR,Agility,74,6
PROGRESSOR,Agility,75,8
PROGRESSOR,Agility,76,8
PROGRESSOR,Agility,77,8
PROGRESSOR,Agility,78,8
PROGRESSOR,Agility,79,8
PROGRESSOR,Agility,80,10
PROGRESSOR,Agility,81,10
PROGRESSOR,Agility,82,10
PROGRESSOR,Agility,83,10
PROGRESSOR,Agility,84,10
PROGRESSOR,Agility,85,15
PROGRESSOR,Agility,86,15
PROGRESSOR,Agility,87,15
PROGRESSOR,Agility,88,15
PROGRESSOR,Agility,89,15
PROGRESSOR,Agility,90,20
PROGRESSOR,Agility,91,20
PROGRESSOR,Agility,92,20
PROGRESSOR,Agility,93,20
PROGRESSOR,Agility,94,20
PROGRESSOR,Agility,95,25
PROGRESSOR,Agility,96,30
PROGRESSOR,Agility,97,35
PROGRESSOR,Agility,98,40
PROGRESSOR,Agility,99,45
PROGRESSOR,Balance,40,1
PROGRESSOR,Balance,41,1
PROGRESSOR,Balance,42,1
PROGRESSOR,Balance,43,1
PROGRESSOR,Balance,44,1
PROGRESSOR,Balance,45,1
PROGRESSOR,Balance,46,1
PROGRESSOR,Balance,47,1
PROGRESSOR,Balance,48,1
PROGRESSOR,Balance,49,1
PROGRESSOR,Balance,50,1
PROGRESSOR,Balance,51,1
PROGRESSOR,Balance,52,1
PROGRESSOR,Balance,53,1
PROGRESSOR,Balance,54,1
PROGRESSOR,Balance,55,1
PROGRESSOR,Balance,56,1
PROGRESSOR,Balance,57,1
PROGRESSOR,Balance,58,1
PROGRESSOR,Balance,59,1
PROGRESSOR,Balance,60,2
PROGRESSOR,Balance,61,2
PROGRESSOR,Balance,62,2
PROGRESSOR,Balance,63,2
PROGRESSOR,Balance,64,3
PROGRESSOR,Balance,65,3
PROGRESSOR,Balance,66,3
PROGRESSOR,Balance,67,3
PROGRESSOR,Balance,68,3
PROGRESSOR,Balance,69,3
PROGRESSOR,Balance,70,4
PROGRESSOR,Balance,71,4
PROGRESSOR,Balance,72,4
PROGRESSOR,Balance,73,4
PROGRESSOR,Balance,74,4
PROGRESSOR,Balance,75,6
PROGRESSOR,Balance,76,6
PROGRESSOR,Balance,77,6
PROGRESSOR,Balance,78,6
PROGRESSOR,Balance,79,6
PROGRESSOR,Balance,80,7
PROGRESSOR,Balance,81,7
PROGRESSOR,Balance,82,7
PROGRESSOR,Balance,83,7
PROGRESSOR,Balance,84,7
PROGRESSOR,Balance,85,11
PROGRESSOR,Balance,86,11
PROGRESSOR,Balance,87,11
PROGRESSOR,Balance,88,11
PROGRESSOR,Balance,89,11
PROGRESSOR,Balance,90,15
PROGRESSOR,Balance,91,15
PROGRESSOR,Balance,92,15
PROGRESSOR,Balance,93,15
PROGRESSOR,Balance,94,15
PROGRESSOR,Balance,95,18
PROGRESSOR,Balance,96,22
PROGRESSOR,Balance,97,26
PROGRESSOR,Balance,98,30
PROGRESSOR,Balance,99,33
PROGRESSOR,Reactions,40,1
PROGRESSOR,Reactions,41,1
PROGRESSOR,Reactions,42,1
PROGRESSOR,Reactions,43,1
PROGRESSOR,Reactions,44,1
PROGRESSOR,Reactions,45,1
PROGRESSOR,Reactions,46,1
PROGRESSOR,Reactions,47,1
PROGRESSOR,Reactions,48,1
PROGRESSOR,Reactions,49,1
PROGRESSOR,Reactions,50,1
PROGRESSOR,Reactions,51,1
PROGRESSOR,Reactions,52,1
PROGRESSOR,Reactions,53,1
PROGRESSOR,Reactions,54,1
PROGRESSOR,Reactions,55,1
PROGRESSOR,Reactions,56,1
PROGRESSOR,Reactions,57,1
PROGRESSOR,Reactions,58,1
PROGRESSOR,Reactions,59,1
PROGRESSOR,Reactions,60,1
PROGRESSOR,Reactions,61,1
PROGRESSOR,Reactions,62,1
PROGRESSOR,Reactions,63,1
PROGRESSOR,Reactions,64,2
PROGRESSOR,Reactions,65,2
PROGRESSOR,Reactions,66,2
PROGRESSOR,Reactions,67,2
PROGRESSOR,Reactions,68,2
PROGRESSOR,Reactions,69,2
PROGRESSOR,Reactions,70,3
PROGRESSOR,Reactions,71,3
PROGRESSOR,Reactions,72,3
PROGRESSOR,Reactions,73,3
PROGRESSOR,Reactions,74,3
PROGRESSOR,Reactions,75,4
PROGRESSOR,Reactions,76,4
PROGRESSOR,Reactions,77,4
PROGRESSOR,Reactions,78,4
PROGRESSOR,Reactions,79,4
PROGRESSOR,Reactions,80,5
PROGRESSOR,Reactions,81,5
PROGRESSOR,Reactions,82,5
PROGRESSOR,Reactions,83,5
PROGRESSOR,Reactions,84,5
PROGRESSOR,Reactions,85,8
PROGRESSOR,Reactions,86,8
PROGRESSOR,Reactions,87,8
PROGRESSOR,Reactions,88,8
PROGRESSOR,Reactions,89,8
PROGRESSOR,Reactions,90,11
PROGRESSOR,Reactions,91,11
PROGRESSOR,Reactions,92,11
PROGRESSOR,Reactions,93,11
PROGRESSOR,Reactions,94,11
PROGRESSOR,Reactions,95,13
PROGRESSOR,Reactions,96,16
PROGRESSOR,Reactions,97,19
PROGRESSOR,Reactions,98,22
PROGRESSOR,Reactions,99,24
PROGRESSOR,BallControl,40,1
PROGRESSOR,BallControl,41,1
PROGRESSOR,BallControl,42,1
PROGRESSOR,BallControl,43,1
PROGRESSOR,BallControl,44,1
PROGRESSOR,BallControl,45,1
PROGRESSOR,BallControl,46,1
PROGRESSOR,BallControl,47,1
PROGRESSOR,BallControl,48,1
PROGRESSOR,BallControl,49,1
PROGRESSOR,BallControl,50,1
PROGRESSOR,BallControl,51,1
PROGRESSOR,BallControl,52,1
PROGRESSOR,BallControl,53,1
PROGRESSOR,BallControl,54,1
PROGRESSOR,BallControl,55,1
PROGRESSOR,BallControl,56,1
PROGRESSOR,BallControl,57,1
PROGRESSOR,BallControl,58,1
PROGRESSOR,BallControl,59,1
PROGRESSOR,BallControl,60,2
PROGRESSOR,BallControl,61,2
PROGRESSOR,BallControl,62,2
PROGRESSOR,BallControl,63,2
PROGRESSOR,BallControl,64,3
PROGRESSOR,BallControl,65,3
PROGRESSOR,BallControl,66,3
PROGRESSOR,BallControl,67,3
PROGRESSOR,BallControl,68,3
PROGRESSOR,BallControl,69,3
PROGRESSOR,BallControl,70,4
PROGRESSOR,BallControl,71,4
PROGRESSOR,BallControl,72,4
PROGRESSOR,BallControl,73,4
PROGRESSOR,BallControl,74,4
PROGRESSOR,BallControl,75,6
PROGRESSOR,BallControl,76,6
PROGRESSOR,BallControl,77,6
PROGRESSOR,BallControl,78,6
PROGRESSOR,BallControl,79,6
PROGRESSOR,BallControl,80,7
PROGRESSOR,BallControl,81,7
PROGRESSOR,BallControl,82,7
PROGRESSOR,BallControl,83,7
PROGRESSOR,BallControl,84,7
PROGRESSOR,BallControl,85,11
PROGRESSOR,BallControl,86,11
PROGRESSOR,BallControl,87,11
PROGRESSOR,BallControl,88,11
PROGRESSOR,BallControl,89,11
PROGRESSOR,BallControl,90,15
PROGRESSOR,BallControl,91,15
PROGRESSOR,BallControl,92,15
PROGRESSOR,BallControl,93,15
PROGRESSOR,BallControl,94,15
PROGRESSOR,BallControl,95,18
PROGRESSOR,BallControl,96,22
PROGRESSOR,BallControl,97,26
PROGRESSOR,BallControl,98,30
PROGRESSOR,BallControl,99,33
PROGRESSOR,Dribbling,40,2
PROGRESSOR,Dribbling,41,2
PROGRESSOR,Dribbling,42,2
PROGRESSOR,Dribbling,43,2
PROGRESSOR,Dribbling,44,2
PROGRESSOR,Dribbling,45,2
PROGRESSOR,Dribbling,46,2
PROGRESSOR,Dribbling,47,2
PROGRESSOR,Dribbling,48,2
PROGRESSOR,Dribbling,49,2
PROGRESSOR,Dribbling,50,2
PROGRESSOR,Dribbling,51,2
PROGRESSOR,Dribbling,52,2
PROGRESSOR,Dribbling,53,2
PROGRESSOR,Dribbling,54,2
PROGRESSOR,Dribbling,55,2
PROGRESSOR,Dribbling,56,2
PROGRESSOR,Dribbling,57,2
PROGRESSOR,Dribbling,58,2
PROGRESSOR,Dribbling,59,2
PROGRESSOR,Dribbling,60,3
PROGRESSOR,Dribbling,61,3
PROGRESSOR,Dribbling,62,3
PROGRESSOR,Dribbling,63,3
PROGRESSOR,Dribbling,64,4
PROGRESSOR,Dribbling,65,4
PROGRESSOR,Dribbling,66,4
PROGRESSOR,Dribbling,67,5
PROGRESSOR,Dribbling,68,5
PROGRESSOR,Dribbling,69,5
PROGRESSOR,Dribbling,70,6
PROGRESSOR,Dribbling,71,6
PROGRESSOR,Dribbling,72,6
PROGRESSOR,Dribbling,73,6
PROGRESSOR,Dribbling,74,6
PROGRESSOR,Dribbling,75,8
PROGRESSOR,Dribbling,76,8
PROGRESSOR,Dribbling,77,8
PROGRESSOR,Dribbling,78,8
PROGRESSOR,Dribbling,79,8
PROGRESSOR,Dribbling,80,10
PROGRESSOR,Dribbling,81,10
PROGRESSOR,Dribbling,82,10
PROGRESSOR,Dribbling,83,10
PROGRESSOR,Dribbling,84,10
PROGRESSOR,Dribbling,85,15
PROGRESSOR,Dribbling,86,15
PROGRESSOR,Dribbling,87,15
PROGRESSOR,Dribbling,88,15
PROGRESSOR,Dribbling,89,15
PROGRESSOR,Dribbling,90,20
PROGRESSOR,Dribbling,91,20
PROGRESSOR,Dribbling,92,20
PROGRESSOR,Dribbling,93,20
PROGRESSOR,Dribbling,94,20
PROGRESSOR,Dribbling,95,25
PROGRESSOR,Dribbling,96,30
PROGRESSOR,Dribbling,97,35
PROGRESSOR,Dribbling,98,40
PROGRESSOR,Dribbling,99,45
PROGRESSOR,Composure,40,1
PROGRESSOR,Composure,41,1
PROGRESSOR,Composure,42,1
PROGRESSOR,Composure,43,1
PROGRESSOR,Composure,44,1
PROGRESSOR,Composure,45,1
PROGRESSOR,Composure,46,1
PROGRESSOR,Composure,47,1
PROGRESSOR,Composure,48,1
PROGRESSOR,Composure,49,1
PROGRESSOR,Composure,50,1
PROGRESSOR,Composure,51,1
PROGRESSOR,Composure,52,1
PROGRESSOR,Composure,53,1
PROGRESSOR,Composure,54,1
PROGRESSOR,Composure,55,1
PROGRESSOR,Composure,56,1
PROGRESSOR,Composure,57,1
PROGRESSOR,Composure,58,1
PROGRESSOR,Composure,59,1
PROGRESSOR,Composure,60,1
PROGRESSOR,Composure,61,1
PROGRESSOR,Composure,62,1
PROGRESSOR,Composure,63,1
PROGRESSOR,Composure,64,2
PROGRESSOR,Composure,65,2
PROGRESSOR,Composure,66,2
PROGRESSOR,Composure,67,2
PROGRESSOR,Composure,68,2
PROGRESSOR,Composure,69,2
PROGRESSOR,Composure,70,3
PROGRESSOR,Composure,71,3
PROGRESSOR,Composure,72,3
PROGRESSOR,Composure,73,3
PROGRESSOR,Composure,74,3
PROGRESSOR,Composure,75,4
PROGRESSOR,Composure,76,4
PROGRESSOR,Composure,77,4
PROGRESSOR,Composure,78,4
PROGRESSOR,Composure,79,4
PROGRESSOR,Composure,80,5
PROGRESSOR,Composure,81,5
PROGRESSOR,Composure,82,5
PROGRESSOR,Composure,83,5
PROGRESSOR,Composure,84,5
PROGRESSOR,Composure,85,8
PROGRESSOR,Composure,86,8
PROGRESSOR,Composure,87,8
PROGRESSOR,Composure,88,8
PROGRESSOR,Composure,89,8
PROGRESSOR,Composure,90,11
PROGRESSOR,Composure,91,11
PROGRESSOR,Composure,92,11
PROGRESSOR,Composure,93,11
PROGRESSOR,Composure,94,11
PROGRESSOR,Composure,95,13
PROGRESSOR,Composure,96,16
PROGRESSOR,Composure,97,19
PROGRESSOR,Composure,98,22
PROGRESSOR,Composure,99,24
PROGRESSOR,Interceptions,40,2
PROGRESSOR,Interceptions,41,2
PROGRESSOR,Interceptions,42,2
PROGRESSOR,Interceptions,43,2
PROGRESSOR,Interceptions,44,2
PROGRESSOR,Interceptions,45,2
PROGRESSOR,Interceptions,46,2
PROGRESSOR,Interceptions,47,2
PROGRESSOR,Interceptions,48,2
PROGRESSOR,Interceptions,49,2
PROGRESSOR,Interceptions,50,2
PROGRESSOR,Interceptions,51,2
PROGRESSOR,Interceptions,52,2
PROGRESSOR,Interceptions,53,2
PROGRESSOR,Interceptions,54,2
PROGRESSOR,Interceptions,55,2
PROGRESSOR,Interceptions,56,2
PROGRESSOR,Interceptions,57,2
PROGRESSOR,Interceptions,58,2
PROGRESSOR,Interceptions,59,2
PROGRESSOR,Interceptions,60,3
PROGRESSOR,Interceptions,61,3
PROGRESSOR,Interceptions,62,3
PROGRESSOR,Interceptions,63,3
PROGRESSOR,Interceptions,64,4
PROGRESSOR,Interceptions,65,4
PROGRESSOR,Interceptions,66,4
PROGRESSOR,Interceptions,67,5
PROGRESSOR,Interceptions,68,5
PROGRESSOR,Interceptions,69,5
PROGRESSOR,Interceptions,70,6
PROGRESSOR,Interceptions,71,6
PROGRESSOR,Interceptions,72,6
PROGRESSOR,Interceptions,73,6
PROGRESSOR,Interceptions,74,6
PROGRESSOR,Interceptions,75,8
PROGRESSOR,Interceptions,76,8
PROGRESSOR,Interceptions,77,8
PROGRESSOR,Interceptions,78,8
PROGRESSOR,Interceptions,79,8
PROGRESSOR,Interceptions,80,10
PROGRESSOR,Interceptions,81,10
PROGRESSOR,Interceptions,82,10
PROGRESSOR,Interceptions,83,10
PROGRESSOR,Interceptions,84,10
PROGRESSOR,Interceptions,85,15
PROGRESSOR,Interceptions,86,15
PROGRESSOR,Interceptions,87,15
PROGRESSOR,Interceptions,88,15
PROGRESSOR,Interceptions,89,15
PROGRESSOR,Interceptions,90,20
PROGRESSOR,Interceptions,91,20
PROGRESSOR,Interceptions,92,20
PROGRESSOR,Interceptions,93,20
PROGRESSOR,Interceptions,94,20
PROGRESSOR,Interceptions,95,25
PROGRESSOR,Interceptions,96,30
PROGRESSOR,Interceptions,97,35
PROGRESSOR,Interceptions,98,40
PROGRESSOR,Interceptions,99,45
PROGRESSOR,Heading Accuracy,40,1
PROGRESSOR,Heading Accuracy,41,1
PROGRESSOR,Heading Accuracy,42,1
PROGRESSOR,Heading Accuracy,43,1
PROGRESSOR,Heading Accuracy,44,1
PROGRESSOR,Heading Accuracy,45,1
PROGRESSOR,Heading Accuracy,46,1
PROGRESSOR,Heading Accuracy,47,1
PROGRESSOR,Heading Accuracy,48,1
PROGRESSOR,Heading Accuracy,49,1
PROGRESSOR,Heading Accuracy,50,1
PROGRESSOR,Heading Accuracy,51,1
PROGRESSOR,Heading Accuracy,52,1
PROGRESSOR,Heading Accuracy,53,1
PROGRESSOR,Heading Accuracy,54,1
PROGRESSOR,Heading Accuracy,55,1
PROGRESSOR,Heading Accuracy,56,1
PROGRESSOR,Heading Accuracy,57,1
PROGRESSOR,Heading Accuracy,58,1
PROGRESSOR,Heading Accuracy,59,1
PROGRESSOR,Heading Accuracy,60,2
PROGRESSOR,Heading Accuracy,61,2
PROGRESSOR,Heading Accuracy,62,2
PROGRESSOR,Heading Accuracy,63,2
PROGRESSOR,Heading Accuracy,64,3
PROGRESSOR,Heading Accuracy,65,3
PROGRESSOR,Heading Accuracy,66,3
PROGRESSOR,Heading Accuracy,67,3
PROGRESSOR,Heading Accuracy,68,3
PROGRESSOR,Heading Accuracy,69,3
PROGRESSOR,Heading Accuracy,70,4
PROGRESSOR,Heading Accuracy,71,4
PROGRESSOR,Heading Accuracy,72,4
PROGRESSOR,Heading Accuracy,73,4
PROGRESSOR,Heading Accuracy,74,4
PROGRESSOR,Heading Accuracy,75,6
PROGRESSOR,Heading Accuracy,76,6
PROGRESSOR,Heading Accuracy,77,6
PROGRESSOR,Heading Accuracy,78,6
PROGRESSOR,Heading Accuracy,79,6
PROGRESSOR,Heading Accuracy,80,7
PROGRESSOR,Heading Accuracy,81,7
PROGRESSOR,Heading Accuracy,82,7
PROGRESSOR,Heading Accuracy,83,7
PROGRESSOR,Heading Accuracy,84,7
PROGRESSOR,Heading Accuracy,85,11
PROGRESSOR,Heading Accuracy,86,11
PROGRESSOR,Heading Accuracy,87,11
PROGRESSOR,Heading Accuracy,88,11
PROGRESSOR,Heading Accuracy,89,11
PROGRESSOR,Heading Accuracy,90,15
PROGRESSOR,Heading Accuracy,91,15
PROGRESSOR,Heading Accuracy,92,15
PROGRESSOR,Heading Accuracy,93,15
PROGRESSOR,Heading Accuracy,94,15
PROGRESSOR,Heading Accuracy,95,18
PROGRESSOR,Heading Accuracy,96,22
PROGRESSOR,Heading Accuracy,97,26
PROGRESSOR,Heading Accuracy,98,30
PROGRESSOR,Heading Accuracy,99,33
PROGRESSOR,DefAwareness,40,1
PROGRESSOR,DefAwareness,41,1
PROGRESSOR,DefAwareness,42,1
PROGRESSOR,DefAwareness,43,1
PROGRESSOR,DefAwareness,44,1
PROGRESSOR,DefAwareness,45,1
PROGRESSOR,DefAwareness,46,1
PROGRESSOR,DefAwareness,47,1
PROGRESSOR,DefAwareness,48,1
PROGRESSOR,DefAwareness,49,1
PROGRESSOR,DefAwareness,50,1
PROGRESSOR,DefAwareness,51,1
PROGRESSOR,DefAwareness,52,1
PROGRESSOR,DefAwareness,53,1
PROGRESSOR,DefAwareness,54,1
PROGRESSOR,DefAwareness,55,1
PROGRESSOR,DefAwareness,56,1
PROGRESSOR,DefAwareness,57,1
PROGRESSOR,DefAwareness,58,1
PROGRESSOR,DefAwareness,59,1
PROGRESSOR,DefAwareness,60,1
PROGRESSOR,DefAwareness,61,1
PROGRESSOR,DefAwareness,62,1
PROGRESSOR,DefAwareness,63,1
PROGRESSOR,DefAwareness,64,2
PROGRESSOR,DefAwareness,65,2
PROGRESSOR,DefAwareness,66,2
PROGRESSOR,DefAwareness,67,2
PROGRESSOR,DefAwareness,68,2
PROGRESSOR,DefAwareness,69,2
PROGRESSOR,DefAwareness,70,3
PROGRESSOR,DefAwareness,71,3
PROGRESSOR,DefAwareness,72,3
PROGRESSOR,DefAwareness,73,3
PROGRESSOR,DefAwareness,74,3
PROGRESSOR,DefAwareness,75,4
PROGRESSOR,DefAwareness,76,4
PROGRESSOR,DefAwareness,77,4
PROGRESSOR,DefAwareness,78,4
PROGRESSOR,DefAwareness,79,4
PROGRESSOR,DefAwareness,80,5
PROGRESSOR,DefAwareness,81,5
PROGRESSOR,DefAwareness,82,5
PROGRESSOR,DefAwareness,83,5
PROGRESSOR,DefAwareness,84,5
PROGRESSOR,DefAwareness,85,8
PROGRESSOR,DefAwareness,86,8
PROGRESSOR,DefAwareness,87,8
PROGRESSOR,DefAwareness,88,8
PROGRESSOR,DefAwareness,89,8
PROGRESSOR,DefAwareness,90,11
PROGRESSOR,DefAwareness,91,11
PROGRESSOR,DefAwareness,92,11
PROGRESSOR,DefAwareness,93,11
PROGRESSOR,DefAwareness,94,11
PROGRESSOR,DefAwareness,95,13
PROGRESSOR,DefAwareness,96,16
PROGRESSOR,DefAwareness,97,19
PROGRESSOR,DefAwareness,98,22
PROGRESSOR,DefAwareness,99,24
PROGRESSOR,StandingTackle,40,1
PROGRESSOR,StandingTackle,41,1
PROGRESSOR,StandingTackle,42,1
PROGRESSOR,StandingTackle,43,1
PROGRESSOR,StandingTackle,44,1
PROGRESSOR,StandingTackle,45,1
PROGRESSOR,StandingTackle,46,1
PROGRESSOR,StandingTackle,47,1
PROGRESSOR,StandingTackle,48,1
PROGRESSOR,StandingTackle,49,1
PROGRESSOR,StandingTackle,50,1
PROGRESSOR,StandingTackle,51,1
PROGRESSOR,StandingTackle,52,1
PROGRESSOR,StandingTackle,53,1
PROGRESSOR,StandingTackle,54,1
PROGRESSOR,StandingTackle,55,1
PROGRESSOR,StandingTackle,56,1
PROGRESSOR,StandingTackle,57,1
PROGRESSOR,StandingTackle,58,1
PROGRESSOR,StandingTackle,59,1
PROGRESSOR,StandingTackle,60,2
PROGRESSOR,StandingTackle,61,2
PROGRESSOR,StandingTackle,62,2
PROGRESSOR,StandingTackle,63,2
PROGRESSOR,StandingTackle,64,3
PROGRESSOR,StandingTackle,65,3
PROGRESSOR,StandingTackle,66,3
PROGRESSOR,StandingTackle,67,3
PROGRESSOR,StandingTackle,68,3
PROGRESSOR,StandingTackle,69,3
PROGRESSOR,StandingTackle,70,4
PROGRESSOR,StandingTackle,71,4
PROGRESSOR,StandingTackle,72,4
PROGRESSOR,StandingTackle,73,4
PROGRESSOR,StandingTackle,74,4
PROGRESSOR,StandingTackle,75,6
PROGRESSOR,StandingTackle,76,6
PROGRESSOR,StandingTackle,77,6
PROGRESSOR,StandingTackle,78,6
PROGRESSOR,StandingTackle,79,6
PROGRESSOR,StandingTackle,80,7
PROGRESSOR,StandingTackle,81,7
PROGRESSOR,StandingTackle,82,7
PROGRESSOR,StandingTackle,83,7
PROGRESSOR,StandingTackle,84,7
PROGRESSOR,StandingTackle,85,11
PROGRESSOR,StandingTackle,86,11
PROGRESSOR,StandingTackle,87,11
PROGRESSOR,StandingTackle,88,11
PROGRESSOR,StandingTackle,89,11
PROGRESSOR,StandingTackle,90,15
PROGRESSOR,StandingTackle,91,15
PROGRESSOR,StandingTackle,92,15
PROGRESSOR,StandingTackle,93,15
PROGRESSOR,StandingTackle,94,15
PROGRESSOR,StandingTackle,95,18
PROGRESSOR,StandingTackle,96,22
PROGRESSOR,StandingTackle,97,26
PROGRESSOR,StandingTackle,98,30
PROGRESSOR,StandingTackle,99,33
PROGRESSOR,SlidingTackle,40,1
PROGRESSOR,SlidingTackle,41,1
PROGRESSOR,SlidingTackle,42,1
PROGRESSOR,SlidingTackle,43,1
PROGRESSOR,SlidingTackle,44,1
PROGRESSOR,SlidingTackle,45,1
PROGRESSOR,SlidingTackle,46,1
PROGRESSOR,SlidingTackle,47,1
PROGRESSOR,SlidingTackle,48,1
PROGRESSOR,SlidingTackle,49,1
PROGRESSOR,SlidingTackle,50,1
PROGRESSOR,SlidingTackle,51,1
PROGRESSOR,SlidingTackle,52,1
PROGRESSOR,SlidingTackle,53,1
PROGRESSOR,SlidingTackle,54,1
PROGRESSOR,SlidingTackle,55,1
PROGRESSOR,SlidingTackle,56,1
PROGRESSOR,SlidingTackle,57,1
PROGRESSOR,SlidingTackle,58,1
PROGRESSOR,SlidingTackle,59,1
PROGRESSOR,SlidingTackle,60,2
PROGRESSOR,SlidingTackle,61,2
PROGRESSOR,SlidingTackle,62,2
PROGRESSOR,SlidingTackle,63,2
PROGRESSOR,SlidingTackle,64,3
PROGRESSOR,SlidingTackle,65,3
PROGRESSOR,SlidingTackle,66,3
PROGRESSOR,SlidingTackle,67,3
PROGRESSOR,SlidingTackle,68,3
PROGRESSOR,SlidingTackle,69,3
PROGRESSOR,SlidingTackle,70,4
PROGRESSOR,SlidingTackle,71,4
PROGRESSOR,SlidingTackle,72,4
PROGRESSOR,SlidingTackle,73,4
PROGRESSOR,SlidingTackle,74,4
PROGRESSOR,SlidingTackle,75,6
PROGRESSOR,SlidingTackle,76,6
PROGRESSOR,SlidingTackle,77,6
PROGRESSOR,SlidingTackle,78,6
PROGRESSOR,SlidingTackle,79,6
PROGRESSOR,SlidingTackle,80,7
PROGRESSOR,SlidingTackle,81,7
PROGRESSOR,SlidingTackle,82,7
PROGRESSOR,SlidingTackle,83,7
PROGRESSOR,SlidingTackle,84,7
PROGRESSOR,SlidingTackle,85,11
PROGRESSOR,SlidingTackle,86,11
PROGRESSOR,SlidingTackle,87,11
PROGRESSOR,SlidingTackle,88,11
PROGRESSOR,SlidingTackle,89,11
PROGRESSOR,SlidingTackle,90,15
PROGRESSOR,SlidingTackle,91,15
PROGRESSOR,SlidingTackle,92,15
PROGRESSOR,SlidingTackle,93,15
PROGRESSOR,SlidingTackle,94,15
PROGRESSOR,SlidingTackle,95,18
PROGRESSOR,SlidingTackle,96,22
PROGRESSOR,SlidingTackle,97,26
PROGRESSOR,SlidingTackle,98,30
PROGRESSOR,SlidingTackle,99,33
PROGRESSOR,Jumping,40,1
PROGRESSOR,Jumping,41,1
PROGRESSOR,Jumping,42,1
PROGRESSOR,Jumping,43,1
PROGRESSOR,Jumping,44,1
PROGRESSOR,Jumping,45,1
PROGRESSOR,Jumping,46,1
PROGRESSOR,Jumping,47,1
PROGRESSOR,Jumping,48,1
PROGRESSOR,Jumping,49,1
PROGRESSOR,Jumping,50,1
PROGRESSOR,Jumping,51,1
PROGRESSOR,Jumping,52,1
PROGRESSOR,Jumping,53,1
PROGRESSOR,Jumping,54,1
PROGRESSOR,Jumping,55,1
PROGRESSOR,Jumping,56,1
PROGRESSOR,Jumping,57,1
PROGRESSOR,Jumping,58,1
PROGRESSOR,Jumping,59,1
PROGRESSOR,Jumping,60,1
PROGRESSOR,Jumping,61,1
PROGRESSOR,Jumping,62,1
PROGRESSOR,Jumping,63,1
PROGRESSOR,Jumping,64,2
PROGRESSOR,Jumping,65,2
PROGRESSOR,Jumping,66,2
PROGRESSOR,Jumping,67,2
PROGRESSOR,Jumping,68,2
PROGRESSOR,Jumping,69,2
PROGRESSOR,Jumping,70,3
PROGRESSOR,Jumping,71,3
PROGRESSOR,Jumping,72,3
PROGRESSOR,Jumping,73,3
PROGRESSOR,Jumping,74,3
PROGRESSOR,Jumping,75,4
PROGRESSOR,Jumping,76,4
PROGRESSOR,Jumping,77,4
PROGRESSOR,Jumping,78,4
PROGRESSOR,Jumping,79,4
PROGRESSOR,Jumping,80,5
PROGRESSOR,Jumping,81,5
PROGRESSOR,Jumping,82,5
PROGRESSOR,Jumping,83,5
PROGRESSOR,Jumping,84,5
PROGRESSOR,Jumping,85,8
PROGRESSOR,Jumping,86,8
PROGRESSOR,Jumping,87,8
PROGRESSOR,Jumping,88,8
PROGRESSOR,Jumping,89,8
PROGRESSOR,Jumping,90,11
PROGRESSOR,Jumping,91,11
PROGRESSOR,Jumping,92,11
PROGRESSOR,Jumping,93,11
PROGRESSOR,Jumping,94,11
PROGRESSOR,Jumping,95,13
PROGRESSOR,Jumping,96,16
PROGRESSOR,Jumping,97,19
PROGRESSOR,Jumping,98,22
PROGRESSOR,Jumping,99,24
PROGRESSOR,Stamina,40,1
PROGRESSOR,Stamina,41,1
PROGRESSOR,Stamina,42,1
PROGRESSOR,Stamina,43,1
PROGRESSOR,Stamina,44,1
PROGRESSOR,Stamina,45,1
PROGRESSOR,Stamina,46,1
PROGRESSOR,Stamina,47,1
PROGRESSOR,Stamina,48,1
PROGRESSOR,Stamina,49,1
PROGRESSOR,Stamina,50,1
PROGRESSOR,Stamina,51,1
PROGRESSOR,Stamina,52,1
PROGRESSOR,Stamina,53,1
PROGRESSOR,Stamina,54,1
PROGRESSOR,Stamina,55,1
PROGRESSOR,Stamina,56,1
PROGRESSOR,Stamina,57,1
PROGRESSOR,Stamina,58,1
PROGRESSOR,Stamina,59,1
PROGRESSOR,Stamina,60,1
PROGRESSOR,Stamina,61,1
PROGRESSOR,Stamina,62,1
PROGRESSOR,Stamina,63,1
PROGRESSOR,Stamina,64,2
PROGRESSOR,Stamina,65,2
PROGRESSOR,Stamina,66,2
PROGRESSOR,Stamina,67,2
PROGRESSOR,Stamina,68,2
PROGRESSOR,Stamina,69,2
PROGRESSOR,Stamina,70,3
PROGRESSOR,Stamina,71,3
PROGRESSOR,Stamina,72,3
PROGRESSOR,Stamina,73,3
PROGRESSOR,Stamina,74,3
PROGRESSOR,Stamina,75,4
PROGRESSOR,Stamina,76,4
PROGRESSOR,Stamina,77,4
PROGRESSOR,Stamina,78,4
PROGRESSOR,Stamina,79,4
PROGRESSOR,Stamina,80,5
PROGRESSOR,Stamina,81,5
PROGRESSOR,Stamina,82,5
PROGRESSOR,Stamina,83,5
PROGRESSOR,Stamina,84,5
PROGRESSOR,Stamina,85,8
PROGRESSOR,Stamina,86,8
PROGRESSOR,Stamina,87,8
PROGRESSOR,Stamina,88,8
PROGRESSOR,Stamina,89,8
PROGRESSOR,Stamina,90,11
PROGRESSOR,Stamina,91,11
PROGRESSOR,Stamina,92,11
PROGRESSOR,Stamina,93,11
PROGRESSOR,Stamina,94,11
PROGRESSOR,Stamina,95,13
PROGRESSOR,Stamina,96,16
PROGRESSOR,Stamina,97,19
PROGRESSOR,Stamina,98,22
PROGRESSOR,Stamina,99,24
PROGRESSOR,Strength,40,1
PROGRESSOR,Strength,41,1
PROGRESSOR,Strength,42,1
PROGRESSOR,Strength,43,1
PROGRESSOR,Strength,44,1
PROGRESSOR,Strength,45,1
PROGRESSOR,Strength,46,1
PROGRESSOR,Strength,47,1
PROGRESSOR,Strength,48,1
PROGRESSOR,Strength,49,1
PROGRESSOR,Strength,50,1
PROGRESSOR,Strength,51,1
PROGRESSOR,Strength,52,1
PROGRESSOR,Strength,53,1
PROGRESSOR,Strength,54,1
PROGRESSOR,Strength,55,1
PROGRESSOR,Strength,56,1
PROGRESSOR,Strength,57,1
PROGRESSOR,Strength,58,1
PROGRESSOR,Strength,59,1
PROGRESSOR,Strength,60,2
PROGRESSOR,Strength,61,2
PROGRESSOR,Strength,62,2
PROGRESSOR,Strength,63,2
PROGRESSOR,Strength,64,3
PROGRESSOR,Strength,65,3
PROGRESSOR,Strength,66,3
PROGRESSOR,Strength,67,3
PROGRESSOR,Strength,68,3
PROGRESSOR,Strength,69,3
PROGRESSOR,Strength,70,4
PROGRESSOR,Strength,71,4
PROGRESSOR,Strength,72,4
PROGRESSOR,Strength,73,4
PROGRESSOR,Strength,74,4
PROGRESSOR,Strength,75,6
PROGRESSOR,Strength,76,6
PROGRESSOR,Strength,77,6
PROGRESSOR,Strength,78,6
PROGRESSOR,Strength,79,6
PROGRESSOR,Strength,80,7
PROGRESSOR,Strength,81,7
PROGRESSOR,Strength,82,7
PROGRESSOR,Strength,83,7
PROGRESSOR,Strength,84,7
PROGRESSOR,Strength,85,11
PROGRESSOR,Strength,86,11
PROGRESSOR,Strength,87,11
PROGRESSOR,Strength,88,11
PROGRESSOR,Strength,89,11
PROGRESSOR,Strength,90,15
PROGRESSOR,Strength,91,15
PROGRESSOR,Strength,92,15
PROGRESSOR,Strength,93,15
PROGRESSOR,Strength,94,15
PROGRESSOR,Strength,95,18
PROGRESSOR,Strength,96,22
PROGRESSOR,Strength,97,26
PROGRESSOR,Strength,98,30
PROGRESSOR,Strength,99,33
PROGRESSOR,Aggression,40,1
PROGRESSOR,Aggression,41,1
PROGRESSOR,Aggression,42,1
PROGRESSOR,Aggression,43,1
PROGRESSOR,Aggression,44,1
PROGRESSOR,Aggression,45,1
PROGRESSOR,Aggression,46,1
PROGRESSOR,Aggression,47,1
PROGRESSOR,Aggression,48,1
PROGRESSOR,Aggression,49,1
PROGRESSOR,Aggression,50,1
PROGRESSOR,Aggression,51,1
PROGRESSOR,Aggression,52,1
PROGRESSOR,Aggression,53,1
PROGRESSOR,Aggression,54,1
PROGRESSOR,Aggression,55,1
PROGRESSOR,Aggression,56,1
PROGRESSOR,Aggression,57,1
PROGRESSOR,Aggression,58,1
PROGRESSOR,Aggression,59,1
PROGRESSOR,Aggression,60,1
PROGRESSOR,Aggression,61,1
PROGRESSOR,Aggression,62,1
PROGRESSOR,Aggression,63,1
PROGRESSOR,Aggression,64,2
PROGRESSOR,Aggression,65,2
PROGRESSOR,Aggression,66,2
PROGRESSOR,Aggression,67,2
PROGRESSOR,Aggression,68,2
PROGRESSOR,Aggression,69,2
PROGRESSOR,Aggression,70,3
PROGRESSOR,Aggression,71,3
PROGRESSOR,Aggression,72,3
PROGRESSOR,Aggression,73,3
PROGRESSOR,Aggression,74,3
PROGRESSOR,Aggression,75,4
PROGRESSOR,Aggression,76,4
PROGRESSOR,Aggression,77,4
PROGRESSOR,Aggression,78,4
PROGRESSOR,Aggression,79,4
PROGRESSOR,Aggression,80,5
PROGRESSOR,Aggression,81,5
PROGRESSOR,Aggression,82,5
PROGRESSOR,Aggression,83,5
PROGRESSOR,Aggression,84,5
PROGRESSOR,Aggression,85,8
PROGRESSOR,Aggression,86,8
PROGRESSOR,Aggression,87,8
PROGRESSOR,Aggression,88,8
PROGRESSOR,Aggression,89,8
PROGRESSOR,Aggression,90,11
PROGRESSOR,Aggression,91,11
PROGRESSOR,Aggression,92,11
PROGRESSOR,Aggression,93,11
PROGRESSOR,Aggression,94,11
PROGRESSOR,Aggression,95,13
PROGRESSOR,Aggression,96,16
PROGRESSOR,Aggression,97,19
PROGRESSOR,Aggression,98,22
PROGRESSOR,Aggression,99,24
BOSS,Acceleration,40,2
BOSS,Acceleration,41,2
BOSS,Acceleration,42,2
BOSS,Acceleration,43,2
BOSS,Acceleration,44,2
BOSS,Acceleration,45,2
BOSS,Acceleration,46,2
BOSS,Acceleration,47,2
BOSS,Acceleration,48,2
BOSS,Acceleration,49,2
BOSS,Acceleration,50,2
BOSS,Acceleration,51,2
BOSS,Acceleration,52,2
BOSS,Acceleration,53,2
BOSS,Acceleration,54,2
BOSS,Acceleration,55,2
BOSS,Acceleration,56,2
BOSS,Acceleration,57,2
BOSS,Acceleration,58,2
BOSS,Acceleration,59,2
BOSS,Acceleration,60,3
BOSS,Acceleration,61,3
BOSS,Acceleration,62,3
BOSS,Acceleration,63,3
BOSS,Acceleration,64,4
BOSS,Acceleration,65,4
BOSS,Acceleration,66,4
BOSS,Acceleration,67,5
BOSS,Acceleration,68,5
BOSS,Acceleration,69,5
BOSS,Acceleration,70,6
BOSS,Acceleration,71,6
BOSS,Acceleration,72,6
BOSS,Acceleration,73,6
BOSS,Acceleration,74,6
BOSS,Acceleration,75,8
BOSS,Acceleration,76,8
BOSS,Acceleration,77,8
BOSS,Acceleration,78,8
BOSS,Acceleration,79,8
BOSS,Acceleration,80,10
BOSS,Acceleration,81,10
BOSS,Acceleration,82,10
BOSS,Acceleration,83,10
BOSS,Acceleration,84,10
BOSS,Acceleration,85,15
BOSS,Acceleration,86,15
BOSS,Acceleration,87,15
BOSS,Acceleration,88,15
BOSS,Acceleration,89,15
BOSS,Acceleration,90,20
BOSS,Acceleration,91,20
BOSS,Acceleration,92,20
BOSS,Acceleration,93,20
BOSS,Acceleration,94,20
BOSS,Acceleration,95,25
BOSS,Acceleration,96,30
BOSS,Acceleration,97,35
BOSS,Acceleration,98,40
BOSS,Acceleration,99,45
BOSS,SprintSpeed,40,2
BOSS,SprintSpeed,41,2
BOSS,SprintSpeed,42,2
BOSS,SprintSpeed,43,2
BOSS,SprintSpeed,44,2
BOSS,SprintSpeed,45,2
BOSS,SprintSpeed,46,2
BOSS,SprintSpeed,47,2
BOSS,SprintSpeed,48,2
BOSS,SprintSpeed,49,2
BOSS,SprintSpeed,50,2
BOSS,SprintSpeed,51,2
BOSS,SprintSpeed,52,2
BOSS,SprintSpeed,53,2
BOSS,SprintSpeed,54,2
BOSS,SprintSpeed,55,2
BOSS,SprintSpeed,56,2
BOSS,SprintSpeed,57,2
BOSS,SprintSpeed,58,2
BOSS,SprintSpeed,59,2
BOSS,SprintSpeed,60,3
BOSS,SprintSpeed,61,3
BOSS,SprintSpeed,62,3
BOSS,SprintSpeed,63,3
BOSS,SprintSpeed,64,4
BOSS,SprintSpeed,65,4
BOSS,SprintSpeed,66,4
BOSS,SprintSpeed,67,5
BOSS,SprintSpeed,68,5
BOSS,SprintSpeed,69,5
BOSS,SprintSpeed,70,6
BOSS,SprintSpeed,71,6
BOSS,SprintSpeed,72,6
BOSS,SprintSpeed,73,6
BOSS,SprintSpeed,74,6
BOSS,SprintSpeed,75,8
BOSS,SprintSpeed,76,8
BOSS,SprintSpeed,77,8
BOSS,SprintSpeed,78,8
BOSS,SprintSpeed,79,8
BOSS,SprintSpeed,80,10
BOSS,SprintSpeed,81,10
BOSS,SprintSpeed,82,10
BOSS,SprintSpeed,83,10
BOSS,SprintSpeed,84,10
BOSS,SprintSpeed,85,15
BOSS,SprintSpeed,86,15
BOSS,SprintSpeed,87,15
BOSS,SprintSpeed,88,15
BOSS,SprintSpeed,89,15
BOSS,SprintSpeed,90,20
BOSS,SprintSpeed,91,20
BOSS,SprintSpeed,92,20
BOSS,SprintSpeed,93,20
BOSS,SprintSpeed,94,20
BOSS,SprintSpeed,95,25
BOSS,SprintSpeed,96,30
BOSS,SprintSpeed,97,35
BOSS,SprintSpeed,98,40
BOSS,SprintSpeed,99,45
BOSS,AttackPositioning,40,1
BOSS,AttackPositioning,41,1
BOSS,AttackPositioning,42,1
BOSS,AttackPositioning,43,1
BOSS,AttackPositioning,44,1
BOSS,AttackPositioning,45,1
BOSS,AttackPositioning,46,1
BOSS,AttackPositioning,47,1
BOSS,AttackPositioning,48,1
BOSS,AttackPositioning,49,1
BOSS,AttackPositioning,50,1
BOSS,AttackPositioning,51,1
BOSS,AttackPositioning,52,1
BOSS,AttackPositioning,53,1
BOSS,AttackPositioning,54,1
BOSS,AttackPositioning,55,1
BOSS,AttackPositioning,56,1
BOSS,AttackPositioning,57,1
BOSS,AttackPositioning,58,1
BOSS,AttackPositioning,59,1
BOSS,AttackPositioning,60,1
BOSS,AttackPositioning,61,1
BOSS,AttackPositioning,62,1
BOSS,AttackPositioning,63,1
BOSS,AttackPositioning,64,2
BOSS,AttackPositioning,65,2
BOSS,AttackPositioning,66,2
BOSS,AttackPositioning,67,2
BOSS,AttackPositioning,68,2
BOSS,AttackPositioning,69,2
BOSS,AttackPositioning,70,3
BOSS,AttackPositioning,71,3
BOSS,AttackPositioning,72,3
BOSS,AttackPositioning,73,3
BOSS,AttackPositioning,74,3
BOSS,AttackPositioning,75,4
BOSS,AttackPositioning,76,4
BOSS,AttackPositioning,77,4
BOSS,AttackPositioning,78,4
BOSS,AttackPositioning,79,4
BOSS,AttackPositioning,80,5
BOSS,AttackPositioning,81,5
BOSS,AttackPositioning,82,5
BOSS,AttackPositioning,83,5
BOSS,AttackPositioning,84,5
BOSS,AttackPositioning,85,8
BOSS,AttackPositioning,86,8
BOSS,AttackPositioning,87,8
BOSS,AttackPositioning,88,8
BOSS,AttackPositioning,89,8
BOSS,AttackPositioning,90,11
BOSS,AttackPositioning,91,11
BOSS,AttackPositioning,92,11
BOSS,AttackPositioning,93,11
BOSS,AttackPositioning,94,11
BOSS,AttackPositioning,95,13
BOSS,AttackPositioning,96,16
BOSS,AttackPositioning,97,19
BOSS,AttackPositioning,98,22
BOSS,AttackPositioning,99,24
BOSS,Finishing,40,2
BOSS,Finishing,41,2
BOSS,Finishing,42,2
BOSS,Finishing,43,2
BOSS,Finishing,44,2
BOSS,Finishing,45,2
BOSS,Finishing,46,2
BOSS,Finishing,47,2
BOSS,Finishing,48,2
BOSS,Finishing,49,2
BOSS,Finishing,50,2
BOSS,Finishing,51,2
BOSS,Finishing,52,2
BOSS,Finishing,53,2
BOSS,Finishing,54,2
BOSS,Finishing,55,2
BOSS,Finishing,56,2
BOSS,Finishing,57,2
BOSS,Finishing,58,2
BOSS,Finishing,59,2
BOSS,Finishing,60,3
BOSS,Finishing,61,3
BOSS,Finishing,62,3
BOSS,Finishing,63,3
BOSS,Finishing,64,4
BOSS,Finishing,65,4
BOSS,Finishing,66,4
BOSS,Finishing,67,5
BOSS,Finishing,68,5
BOSS,Finishing,69,5
BOSS,Finishing,70,6
BOSS,Finishing,71,6
BOSS,Finishing,72,6
BOSS,Finishing,73,6
BOSS,Finishing,74,6
BOSS,Finishing,75,8
BOSS,Finishing,76,8
BOSS,Finishing,77,8
BOSS,Finishing,78,8
BOSS,Finishing,79,8
BOSS,Finishing,80,10
BOSS,Finishing,81,10
BOSS,Finishing,82,10
BOSS,Finishing,83,10
BOSS,Finishing,84,10
BOSS,Finishing,85,15
BOSS,Finishing,86,15
BOSS,Finishing,87,15
BOSS,Finishing,88,15
BOSS,Finishing,89,15
BOSS,Finishing,90,20
BOSS,Finishing,91,20
BOSS,Finishing,92,20
BOSS,Finishing,93,20
BOSS,Finishing,94,20
BOSS,Finishing,95,25
BOSS,Finishing,96,30
BOSS,Finishing,97,35
BOSS,Finishing,98,40
BOSS,Finishing,99,45
BOSS,ShotPower,40,1
BOSS,ShotPower,41,1
BOSS,ShotPower,42,1
BOSS,ShotPower,43,1
BOSS,ShotPower,44,1
BOSS,ShotPower,45,1
BOSS,ShotPower,46,1
BOSS,ShotPower,47,1
BOSS,ShotPower,48,1
BOSS,ShotPower,49,1
BOSS,ShotPower,50,1
BOSS,ShotPower,51,1
BOSS,ShotPower,52,1
BOSS,ShotPower,53,1
BOSS,ShotPower,54,1
BOSS,ShotPower,55,1
BOSS,ShotPower,56,1
BOSS,ShotPower,57,1
BOSS,ShotPower,58,1
BOSS,ShotPower,59,1
BOSS,ShotPower,60,2
BOSS,ShotPower,61,2
BOSS,ShotPower,62,2
BOSS,ShotPower,63,2
BOSS,ShotPower,64,3
BOSS,ShotPower,65,3
BOSS,ShotPower,66,3
BOSS,ShotPower,67,3
BOSS,ShotPower,68,3
BOSS,ShotPower,69,3
BOSS,ShotPower,70,4
BOSS,ShotPower,71,4
BOSS,ShotPower,72,4
BOSS,ShotPower,73,4
BOSS,ShotPower,74,4
BOSS,ShotPower,75,6
BOSS,ShotPower,76,6
BOSS,ShotPower,77,6
BOSS,ShotPower,78,6
BOSS,ShotPower,79,6
BOSS,ShotPower,80,7
BOSS,ShotPower,81,7
BOSS,ShotPower,82,7
BOSS,ShotPower,83,7
BOSS,ShotPower,84,7
BOSS,ShotPower,85,11
BOSS,ShotPower,86,11
BOSS,ShotPower,87,11
BOSS,ShotPower,88,11
BOSS,ShotPower,89,11
BOSS,ShotPower,90,15
BOSS,ShotPower,91,15
BOSS,ShotPower,92,15
BOSS,ShotPower,93,15
BOSS,ShotPower,94,15
BOSS,ShotPower,95,18
BOSS,ShotPower,96,22
BOSS,ShotPower,97,26
BOSS,ShotPower,98,30
BOSS,ShotPower,99,33
BOSS,LongShots,40,1
BOSS,LongShots,41,1
BOSS,LongShots,42,1
BOSS,LongShots,43,1
BOSS,LongShots,44,1
BOSS,LongShots,45,1
BOSS,LongShots,46,1
BOSS,LongShots,47,1
BOSS,LongShots,48,1
BOSS,LongShots,49,1
BOSS,LongShots,50,1
BOSS,LongShots,51,1
BOSS,LongShots,52,1
BOSS,LongShots,53,1
BOSS,LongShots,54,1
BOSS,LongShots,55,1
BOSS,LongShots,56,1
BOSS,LongShots,57,1
BOSS,LongShots,58,1
BOSS,LongShots,59,1
BOSS,LongShots,60,2
BOSS,LongShots,61,2
BOSS,LongShots,62,2
BOSS,LongShots,63,2
BOSS,LongShots,64,3
BOSS,LongShots,65,3
BOSS,LongShots,66,3
BOSS,LongShots,67,3
BOSS,LongShots,68,3
BOSS,LongShots,69,3
BOSS,LongShots,70,4
BOSS,LongShots,71,4
BOSS,LongShots,72,4
BOSS,LongShots,73,4
BOSS,LongShots,74,4
BOSS,LongShots,75,6
BOSS,LongShots,76,6
BOSS,LongShots,77,6
BOSS,LongShots,78,6
BOSS,LongShots,79,6
BOSS,LongShots,80,7
BOSS,LongShots,81,7
BOSS,LongShots,82,7
BOSS,LongShots,83,7
BOSS,LongShots,84,7
BOSS,LongShots,85,11
BOSS,LongShots,86,11
BOSS,LongShots,87,11
BOSS,LongShots,88,11
BOSS,LongShots,89,11
BOSS,LongShots,90,15
BOSS,LongShots,91,15
BOSS,LongShots,92,15
BOSS,LongShots,93,15
BOSS,LongShots,94,15
BOSS,LongShots,95,18
BOSS,LongShots,96,22
BOSS,LongShots,97,26
BOSS,LongShots,98,30
BOSS,LongShots,99,33
BOSS,Volleys,40,1
BOSS,Volleys,41,1
BOSS,Volleys,42,1
BOSS,Volleys,43,1
BOSS,Volleys,44,1
BOSS,Volleys,45,1
BOSS,Volleys,46,1
BOSS,Volleys,47,1
BOSS,Volleys,48,1
BOSS,Volleys,49,1
BOSS,Volleys,50,1
BOSS,Volleys,51,1
BOSS,Volleys,52,1
BOSS,Volleys,53,1
BOSS,Volleys,54,1
BOSS,Volleys,55,1
BOSS,Volleys,56,1
BOSS,Volleys,57,1
BOSS,Volleys,58,1
BOSS,Volleys,59,1
BOSS,Volleys,60,1
BOSS,Volleys,61,1
BOSS,Volleys,62,1
BOSS,Volleys,63,1
BOSS,Volleys,64,2
BOSS,Volleys,65,2
BOSS,Volleys,66,2
BOSS,Volleys,67,2
BOSS,Volleys,68,2
BOSS,Volleys,69,2
BOSS,Volleys,70,3
BOSS,Volleys,71,3
BOSS,Volleys,72,3
BOSS,Volleys,73,3
BOSS,Volleys,74,3
BOSS,Volleys,75,4
BOSS,Volleys,76,4
BOSS,Volleys,77,4
BOSS,Volleys,78,4
BOSS,Volleys,79,4
BOSS,Volleys,80,5
BOSS,Volleys,81,5
BOSS,Volleys,82,5
BOSS,Volleys,83,5
BOSS,Volleys,84,5
BOSS,Volleys,85,8
BOSS,Volleys,86,8
BOSS,Volleys,87,8
BOSS,Volleys,88,8
BOSS,Volleys,89,8
BOSS,Volleys,90,11
BOSS,Volleys,91,11
BOSS,Volleys,92,11
BOSS,Volleys,93,11
BOSS,Volleys,94,11
BOSS,Volleys,95,13
BOSS,Volleys,96,16
BOSS,Volleys,97,19
BOSS,Volleys,98,22
BOSS,Volleys,99,24
BOSS,Penalties,40,1
BOSS,Penalties,41,1
BOSS,Penalties,42,1
BOSS,Penalties,43,1
BOSS,Penalties,44,1
BOSS,Penalties,45,1
BOSS,Penalties,46,1
BOSS,Penalties,47,1
BOSS,Penalties,48,1
BOSS,Penalties,49,1
BOSS,Penalties,50,1
BOSS,Penalties,51,1
BOSS,Penalties,52,1
BOSS,Penalties,53,1
BOSS,Penalties,54,1
BOSS,Penalties,55,1
BOSS,Penalties,56,1
BOSS,Penalties,57,1
BOSS,Penalties,58,1
BOSS,Penalties,59,1
BOSS,Penalties,60,1
BOSS,Penalties,61,1
BOSS,Penalties,62,1
BOSS,Penalties,63,1
BOSS,Penalties,64,2
BOSS,Penalties,65,2
BOSS,Penalties,66,2
BOSS,Penalties,67,2
BOSS,Penalties,68,2
BOSS,Penalties,69,2
BOSS,Penalties,70,3
BOSS,Penalties,71,3
BOSS,Penalties,72,3
BOSS,Penalties,73,3
BOSS,Penalties,74,3
BOSS,Penalties,75,4
BOSS,Penalties,76,4
BOSS,Penalties,77,4
BOSS,Penalties,78,4
BOSS,Penalties,79,4
BOSS,Penalties,80,5
BOSS,Penalties,81,5
BOSS,Penalties,82,5
BOSS,Penalties,83,5
BOSS,Penalties,84,5
BOSS,Penalties,85,8
BOSS,Penalties,86,8
BOSS,Penalties,87,8
BOSS,Penalties,88,8
BOSS,Penalties,89,8
BOSS,Penalties,90,11
BOSS,Penalties,91,11
BOSS,Penalties,92,11
BOSS,Penalties,93,11
BOSS,Penalties,94,11
BOSS,Penalties,95,13
BOSS,Penalties,96,16
BOSS,Penalties,97,19
BOSS,Penalties,98,22
