Archetype,Attribute,Level,Cost
TARGET,Heading Accuracy,99,24
TARGET,DefAwareness,40,1
TARGET,DefAwareness,41,1
TARGET,DefAwareness,42,1
TARGET,DefAwareness,43,1
TARGET,DefAwareness,44,1
TARGET,DefAwareness,45,1
TARGET,DefAwareness,46,1
TARGET,DefAwareness,47,1
TARGET,DefAwareness,48,1
TARGET,DefAwareness,49,1
TARGET,DefAwareness,50,1
TARGET,DefAwareness,51,1
TARGET,DefAwareness,52,1
TARGET,DefAwareness,53,1
TARGET,DefAwareness,54,1
TARGET,DefAwareness,55,1
TARGET,DefAwareness,56,1
TARGET,DefAwareness,57,1
TARGET,DefAwareness,58,1
TARGET,DefAwareness,59,1
TARGET,DefAwareness,60,2
TARGET,DefAwareness,61,2
TARGET,DefAwareness,62,2
TARGET,DefAwareness,63,2
TARGET,DefAwareness,64,3
TARGET,DefAwareness,65,3
TARGET,DefAwareness,66,3
TARGET,DefAwareness,67,3
TARGET,DefAwareness,68,3
TARGET,DefAwareness,69,3
TARGET,DefAwareness,70,4
TARGET,DefAwareness,71,4
TARGET,DefAwareness,72,4
TARGET,DefAwareness,73,4
TARGET,DefAwareness,74,4
TARGET,DefAwareness,75,6
TARGET,DefAwareness,76,6
TARGET,DefAwareness,77,6
TARGET,DefAwareness,78,6
TARGET,DefAwareness,79,6
TARGET,DefAwareness,80,7
TARGET,DefAwareness,81,7
TARGET,DefAwareness,82,7
TARGET,DefAwareness,83,7
TARGET,DefAwareness,84,7
TARGET,DefAwareness,85,11
TARGET,DefAwareness,86,11
TARGET,DefAwareness,87,11
TARGET,DefAwareness,88,11
TARGET,DefAwareness,89,11
TARGET,DefAwareness,90,15
TARGET,DefAwareness,91,15
TARGET,DefAwareness,92,15
TARGET,DefAwareness,93,15
TARGET,DefAwareness,94,15
TARGET,DefAwareness,95,18
TARGET,DefAwareness,96,22
TARGET,DefAwareness,97,26
TARGET,DefAwareness,98,30
TARGET,DefAwareness,99,33
TARGET,StandingTackle,40,2
TARGET,StandingTackle,41,2
TARGET,StandingTackle,42,2
TARGET,StandingTackle,43,2
TARGET,StandingTackle,44,2
TARGET,StandingTackle,45,2
TARGET,StandingTackle,46,2
TARGET,StandingTackle,47,2
TARGET,StandingTackle,48,2
TARGET,StandingTackle,49,2
TARGET,StandingTackle,50,2
TARGET,StandingTackle,51,2
TARGET,StandingTackle,52,2
TARGET,StandingTackle,53,2
TARGET,StandingTackle,54,2
TARGET,StandingTackle,55,2
TARGET,StandingTackle,56,2
TARGET,StandingTackle,57,2
TARGET,StandingTackle,58,2
TARGET,StandingTackle,59,2
TARGET,StandingTackle,60,3
TARGET,StandingTackle,61,3
TARGET,StandingTackle,62,3
TARGET,StandingTackle,63,3
TARGET,StandingTackle,64,4
TARGET,StandingTackle,65,4
TARGET,StandingTackle,66,4
TARGET,StandingTackle,67,5
TARGET,StandingTackle,68,5
TARGET,StandingTackle,69,5
TARGET,StandingTackle,70,6
TARGET,StandingTackle,71,6
TARGET,StandingTackle,72,6
TARGET,StandingTackle,73,6
TARGET,StandingTackle,74,6
TARGET,StandingTackle,75,8
TARGET,StandingTackle,76,8
TARGET,StandingTackle,77,8
TARGET,StandingTackle,78,8
TARGET,StandingTackle,79,8
TARGET,StandingTackle,80,10
TARGET,StandingTackle,81,10
TARGET,StandingTackle,82,10
TARGET,StandingTackle,83,10
TARGET,StandingTackle,84,10
TARGET,StandingTackle,85,15
TARGET,StandingTackle,86,15
TARGET,StandingTackle,87,15
TARGET,StandingTackle,88,15
TARGET,StandingTackle,89,15
TARGET,StandingTackle,90,20
TARGET,StandingTackle,91,20
TARGET,StandingTackle,92,20
TARGET,StandingTackle,93,20
TARGET,StandingTackle,94,20
TARGET,StandingTackle,95,25
TARGET,StandingTackle,96,30
TARGET,StandingTackle,97,35
TARGET,StandingTackle,98,40
TARGET,StandingTackle,99,45
TARGET,SlidingTackle,40,1
TARGET,SlidingTackle,41,1
TARGET,SlidingTackle,42,1
TARGET,SlidingTackle,43,1
TARGET,SlidingTackle,44,1
TARGET,SlidingTackle,45,1
TARGET,SlidingTackle,46,1
TARGET,SlidingTackle,47,1
TARGET,SlidingTackle,48,1
TARGET,SlidingTackle,49,1
TARGET,SlidingTackle,50,1
TARGET,SlidingTackle,51,1
TARGET,SlidingTackle,52,1
TARGET,SlidingTackle,53,1
TARGET,SlidingTackle,54,1
TARGET,SlidingTackle,55,1
TARGET,SlidingTackle,56,1
TARGET,SlidingTackle,57,1
TARGET,SlidingTackle,58,1
TARGET,SlidingTackle,59,1
TARGET,SlidingTackle,60,2
TARGET,SlidingTackle,61,2
TARGET,SlidingTackle,62,2
TARGET,SlidingTackle,63,2
TARGET,SlidingTackle,64,3
TARGET,SlidingTackle,65,3
TARGET,SlidingTackle,66,3
TARGET,SlidingTackle,67,3
TARGET,SlidingTackle,68,3
TARGET,SlidingTackle,69,3
TARGET,SlidingTackle,70,4
TARGET,SlidingTackle,71,4
TARGET,SlidingTackle,72,4
TARGET,SlidingTackle,73,4
TARGET,SlidingTackle,74,4
TARGET,SlidingTackle,75,6
TARGET,SlidingTackle,76,6
TARGET,SlidingTackle,77,6
TARGET,SlidingTackle,78,6
TARGET,SlidingTackle,79,6
TARGET,SlidingTackle,80,7
TARGET,SlidingTackle,81,7
TARGET,SlidingTackle,82,7
TARGET,SlidingTackle,83,7
TARGET,SlidingTackle,84,7
TARGET,SlidingTackle,85,11
TARGET,SlidingTackle,86,11
TARGET,SlidingTackle,87,11
TARGET,SlidingTackle,88,11
TARGET,SlidingTackle,89,11
TARGET,SlidingTackle,90,15
TARGET,SlidingTackle,91,15
TARGET,SlidingTackle,92,15
TARGET,SlidingTackle,93,15
TARGET,SlidingTackle,94,15
TARGET,SlidingTackle,95,18
TARGET,SlidingTackle,96,22
TARGET,SlidingTackle,97,26
TARGET,SlidingTackle,98,30
TARGET,SlidingTackle,99,33
TARGET,Jumping,40,1
TARGET,Jumping,41,1
TARGET,Jumping,42,1
TARGET,Jumping,43,1
TARGET,Jumping,44,1
TARGET,Jumping,45,1
TARGET,Jumping,46,1
TARGET,Jumping,47,1
TARGET,Jumping,48,1
TARGET,Jumping,49,1
TARGET,Jumping,50,1
TARGET,Jumping,51,1
TARGET,Jumping,52,1
TARGET,Jumping,53,1
TARGET,Jumping,54,1
TARGET,Jumping,55,1
TARGET,Jumping,56,1
TARGET,Jumping,57,1
TARGET,Jumping,58,1
TARGET,Jumping,59,1
TARGET,Jumping,60,1
TARGET,Jumping,61,1
TARGET,Jumping,62,1
TARGET,Jumping,63,1
TARGET,Jumping,64,1
TARGET,Jumping,65,1
TARGET,Jumping,66,1
TARGET,Jumping,67,2
TARGET,Jumping,68,2
TARGET,Jumping,69,2
TARGET,Jumping,70,2
TARGET,Jumping,71,2
TARGET,Jumping,72,2
TARGET,Jumping,73,2
TARGET,Jumping,74,2
TARGET,Jumping,75,3
TARGET,Jumping,76,3
TARGET,Jumping,77,3
TARGET,Jumping,78,3
TARGET,Jumping,79,3
TARGET,Jumping,80,3
TARGET,Jumping,81,3
TARGET,Jumping,82,3
TARGET,Jumping,83,3
TARGET,Jumping,84,3
TARGET,Jumping,85,6
TARGET,Jumping,86,6
TARGET,Jumping,87,6
TARGET,Jumping,88,6
TARGET,Jumping,89,6
TARGET,Jumping,90,8
TARGET,Jumping,91,8
TARGET,Jumping,92,8
TARGET,Jumping,93,8
TARGET,Jumping,94,8
TARGET,Jumping,95,9
TARGET,Jumping,96,12
TARGET,Jumping,97,14
TARGET,Jumping,98,16
TARGET,Jumping,99,18
TARGET,Stamina,40,1
TARGET,Stamina,41,1
TARGET,Stamina,42,1
TARGET,Stamina,43,1
TARGET,Stamina,44,1
TARGET,Stamina,45,1
TARGET,Stamina,46,1
TARGET,Stamina,47,1
TARGET,Stamina,48,1
TARGET,Stamina,49,1
TARGET,Stamina,50,1
TARGET,Stamina,51,1
TARGET,Stamina,52,1
TARGET,Stamina,53,1
TARGET,Stamina,54,1
TARGET,Stamina,55,1
TARGET,Stamina,56,1
TARGET,Stamina,57,1
TARGET,Stamina,58,1
TARGET,Stamina,59,1
TARGET,Stamina,60,1
TARGET,Stamina,61,1
TARGET,Stamina,62,1
TARGET,Stamina,63,1
TARGET,Stamina,64,2
TARGET,Stamina,65,2
TARGET,Stamina,66,2
TARGET,Stamina,67,2
TARGET,Stamina,68,2
TARGET,Stamina,69,2
TARGET,Stamina,70,3
TARGET,Stamina,71,3
TARGET,Stamina,72,3
TARGET,Stamina,73,3
TARGET,Stamina,74,3
TARGET,Stamina,75,4
TARGET,Stamina,76,4
TARGET,Stamina,77,4
TARGET,Stamina,78,4
TARGET,Stamina,79,4
TARGET,Stamina,80,5
TARGET,Stamina,81,5
TARGET,Stamina,82,5
TARGET,Stamina,83,5
TARGET,Stamina,84,5
TARGET,Stamina,85,8
TARGET,Stamina,86,8
TARGET,Stamina,87,8
TARGET,Stamina,88,8
TARGET,Stamina,89,8
TARGET,Stamina,90,11
TARGET,Stamina,91,11
TARGET,Stamina,92,11
TARGET,Stamina,93,11
TARGET,Stamina,94,11
TARGET,Stamina,95,13
TARGET,Stamina,96,16
TARGET,Stamina,97,19
TARGET,Stamina,98,22
TARGET,Stamina,99,24
TARGET,Strength,40,1
TARGET,Strength,41,1
TARGET,Strength,42,1
TARGET,Strength,43,1
TARGET,Strength,44,1
TARGET,Strength,45,1
TARGET,Strength,46,1
TARGET,Strength,47,1
TARGET,Strength,48,1
TARGET,Strength,49,1
TARGET,Strength,50,1
TARGET,Strength,51,1
TARGET,Strength,52,1
TARGET,Strength,53,1
TARGET,Strength,54,1
TARGET,Strength,55,1
TARGET,Strength,56,1
TARGET,Strength,57,1
TARGET,Strength,58,1
TARGET,Strength,59,1
TARGET,Strength,60,1
TARGET,Strength,61,1
TARGET,Strength,62,1
TARGET,Strength,63,1
TARGET,Strength,64,2
TARGET,Strength,65,2
TARGET,Strength,66,2
TARGET,Strength,67,2
TARGET,Strength,68,2
TARGET,Strength,69,2
TARGET,Strength,70,3
TARGET,Strength,71,3
TARGET,Strength,72,3
TARGET,Strength,73,3
TARGET,Strength,74,3
TARGET,Strength,75,4
TARGET,Strength,76,4
TARGET,Strength,77,4
TARGET,Strength,78,4
TARGET,Strength,79,4
TARGET,Strength,80,5
TARGET,Strength,81,5
TARGET,Strength,82,5
TARGET,Strength,83,5
TARGET,Strength,84,5
TARGET,Strength,85,8
TARGET,Strength,86,8
TARGET,Strength,87,8
TARGET,Strength,88,8
TARGET,Strength,89,8
TARGET,Strength,90,11
TARGET,Strength,91,11
TARGET,Strength,92,11
TARGET,Strength,93,11
TARGET,Strength,94,11
TARGET,Strength,95,13
TARGET,Strength,96,16
TARGET,Strength,97,19
TARGET,Strength,98,22
TARGET,Strength,99,24
TARGET,Aggression,40,1
TARGET,Aggression,41,1
TARGET,Aggression,42,1
TARGET,Aggression,43,1
TARGET,Aggression,44,1
TARGET,Aggression,45,1
TARGET,Aggression,46,1
TARGET,Aggression,47,1
TARGET,Aggression,48,1
TARGET,Aggression,49,1
TARGET,Aggression,50,1
TARGET,Aggression,51,1
TARGET,Aggression,52,1
TARGET,Aggression,53,1
TARGET,Aggression,54,1
TARGET,Aggression,55,1
TARGET,Aggression,56,1
TARGET,Aggression,57,1
TARGET,Aggression,58,1
TARGET,Aggression,59,1
TARGET,Aggression,60,1
TARGET,Aggression,61,1
TARGET,Aggression,62,1
TARGET,Aggression,63,1
TARGET,Aggression,64,2
TARGET,Aggression,65,2
TARGET,Aggression,66,2
TARGET,Aggression,67,2
TARGET,Aggression,68,2
TARGET,Aggression,69,2
TARGET,Aggression,70,3
TARGET,Aggression,71,3
TARGET,Aggression,72,3
TARGET,Aggression,73,3
TARGET,Aggression,74,3
TARGET,Aggression,75,4
TARGET,Aggression,76,4
TARGET,Aggression,77,4
TARGET,Aggression,78,4
TARGET,Aggression,79,4
TARGET,Aggression,80,5
TARGET,Aggression,81,5
TARGET,Aggression,82,5
TARGET,Aggression,83,5
TARGET,Aggression,84,5
TARGET,Aggression,85,8
TARGET,Aggression,86,8
TARGET,Aggression,87,8
TARGET,Aggression,88,8
TARGET,Aggression,89,8
TARGET,Aggression,90,11
TARGET,Aggression,91,11
TARGET,Aggression,92,11
TARGET,Aggression,93,11
TARGET,Aggression,94,11
TARGET,Aggression,95,13
TARGET,Aggression,96,16
TARGET,Aggression,97,19
TARGET,Aggression,98,22
TARGET,Aggression,99,24
RECYCLER,Acceleration,40,2
RECYCLER,Acceleration,41,2
RECYCLER,Acceleration,42,2
RECYCLER,Acceleration,43,2
RECYCLER,Acceleration,44,2
RECYCLER,Acceleration,45,2
RECYCLER,Acceleration,46,2
RECYCLER,Acceleration,47,2
RECYCLER,Acceleration,48,2
RECYCLER,Acceleration,49,2
RECYCLER,Acceleration,50,2
RECYCLER,Acceleration,51,2
RECYCLER,Acceleration,52,2
RECYCLER,Acceleration,53,2
RECYCLER,Acceleration,54,2
RECYCLER,Acceleration,55,2
RECYCLER,Acceleration,56,2
RECYCLER,Acceleration,57,2
RECYCLER,Acceleration,58,2
RECYCLER,Acceleration,59,2
RECYCLER,Acceleration,60,3
RECYCLER,Acceleration,61,3
RECYCLER,Acceleration,62,3
RECYCLER,Acceleration,63,3
RECYCLER,Acceleration,64,4
RECYCLER,Acceleration,65,4
RECYCLER,Acceleration,66,4
RECYCLER,Acceleration,67,5
RECYCLER,Acceleration,68,5
RECYCLER,Acceleration,69,5
RECYCLER,Acceleration,70,6
RECYCLER,Acceleration,71,6
RECYCLER,Acceleration,72,6
RECYCLER,Acceleration,73,6
RECYCLER,Acceleration,74,6
RECYCLER,Acceleration,75,8
RECYCLER,Acceleration,76,8
RECYCLER,Acceleration,77,8
RECYCLER,Acceleration,78,8
RECYCLER,Acceleration,79,8
RECYCLER,Acceleration,80,10
RECYCLER,Acceleration,81,10
RECYCLER,Acceleration,82,10
RECYCLER,Acceleration,83,10
RECYCLER,Acceleration,84,10
RECYCLER,Acceleration,85,15
RECYCLER,Acceleration,86,15
RECYCLER,Acceleration,87,15
RECYCLER,Acceleration,88,15
RECYCLER,Acceleration,89,15
RECYCLER,Acceleration,90,20
RECYCLER,Acceleration,91,20
RECYCLER,Acceleration,92,20
RECYCLER,Acceleration,93,20
RECYCLER,Acceleration,94,20
RECYCLER,Acceleration,95,25
RECYCLER,Acceleration,96,30
RECYCLER,Acceleration,97,35
RECYCLER,Acceleration,98,40
RECYCLER,Acceleration,99,45
RECYCLER,SprintSpeed,40,2
RECYCLER,SprintSpeed,41,2
RECYCLER,SprintSpeed,42,2
RECYCLER,SprintSpeed,43,2
RECYCLER,SprintSpeed,44,2
RECYCLER,SprintSpeed,45,2
RECYCLER,SprintSpeed,46,2
RECYCLER,SprintSpeed,47,2
RECYCLER,SprintSpeed,48,2
RECYCLER,SprintSpeed,49,2
RECYCLER,SprintSpeed,50,2
RECYCLER,SprintSpeed,51,2
RECYCLER,SprintSpeed,52,2
RECYCLER,SprintSpeed,53,2
RECYCLER,SprintSpeed,54,2
RECYCLER,SprintSpeed,55,2
RECYCLER,SprintSpeed,56,2
RECYCLER,SprintSpeed,57,2
RECYCLER,SprintSpeed,58,2
RECYCLER,SprintSpeed,59,2
RECYCLER,SprintSpeed,60,3
RECYCLER,SprintSpeed,61,3
RECYCLER,SprintSpeed,62,3
RECYCLER,SprintSpeed,63,3
RECYCLER,SprintSpeed,64,4
RECYCLER,SprintSpeed,65,4
RECYCLER,SprintSpeed,66,4
RECYCLER,SprintSpeed,67,5
RECYCLER,SprintSpeed,68,5
RECYCLER,SprintSpeed,69,5
RECYCLER,SprintSpeed,70,6
RECYCLER,SprintSpeed,71,6
RECYCLER,SprintSpeed,72,6
RECYCLER,SprintSpeed,73,6
RECYCLER,SprintSpeed,74,6
RECYCLER,SprintSpeed,75,8
RECYCLER,SprintSpeed,76,8
RECYCLER,SprintSpeed,77,8
RECYCLER,SprintSpeed,78,8
RECYCLER,SprintSpeed,79,8
RECYCLER,SprintSpeed,80,10
RECYCLER,SprintSpeed,81,10
RECYCLER,SprintSpeed,82,10
RECYCLER,SprintSpeed,83,10
RECYCLER,SprintSpeed,84,10
RECYCLER,SprintSpeed,85,15
RECYCLER,SprintSpeed,86,15
RECYCLER,SprintSpeed,87,15
RECYCLER,SprintSpeed,88,15
RECYCLER,SprintSpeed,89,15
RECYCLER,SprintSpeed,90,20
RECYCLER,SprintSpeed,91,20
RECYCLER,SprintSpeed,92,20
RECYCLER,SprintSpeed,93,20
RECYCLER,SprintSpeed,94,20
RECYCLER,SprintSpeed,95,25
RECYCLER,SprintSpeed,96,30
RECYCLER,SprintSpeed,97,35
RECYCLER,SprintSpeed,98,40
RECYCLER,SprintSpeed,99,45
RECYCLER,AttackPositioning,40,1
RECYCLER,AttackPositioning,41,1
RECYCLER,AttackPositioning,42,1
RECYCLER,AttackPositioning,43,1
RECYCLER,AttackPositioning,44,1
RECYCLER,AttackPositioning,45,1
RECYCLER,AttackPositioning,46,1
RECYCLER,AttackPositioning,47,1
RECYCLER,AttackPositioning,48,1
RECYCLER,AttackPositioning,49,1
RECYCLER,AttackPositioning,50,1
RECYCLER,AttackPositioning,51,1
RECYCLER,AttackPositioning,52,1
RECYCLER,AttackPositioning,53,1
RECYCLER,AttackPositioning,54,1
RECYCLER,AttackPositioning,55,1
RECYCLER,AttackPositioning,56,1
RECYCLER,AttackPositioning,57,1
RECYCLER,AttackPositioning,58,1
RECYCLER,AttackPositioning,59,1
RECYCLER,AttackPositioning,60,1
RECYCLER,AttackPositioning,61,1
RECYCLER,AttackPositioning,62,1
RECYCLER,AttackPositioning,63,1
RECYCLER,AttackPositioning,64,2
RECYCLER,AttackPositioning,65,2
RECYCLER,AttackPositioning,66,2
RECYCLER,AttackPositioning,67,2
RECYCLER,AttackPositioning,68,2
RECYCLER,AttackPositioning,69,2
RECYCLER,AttackPositioning,70,3
RECYCLER,AttackPositioning,71,3
RECYCLER,AttackPositioning,72,3
RECYCLER,AttackPositioning,73,3
RECYCLER,AttackPositioning,74,3
RECYCLER,AttackPositioning,75,4
RECYCLER,AttackPositioning,76,4
RECYCLER,AttackPositioning,77,4
RECYCLER,AttackPositioning,78,4
RECYCLER,AttackPositioning,79,4
RECYCLER,AttackPositioning,80,5
RECYCLER,AttackPositioning,81,5
RECYCLER,AttackPositioning,82,5
RECYCLER,AttackPositioning,83,5
RECYCLER,AttackPositioning,84,5
RECYCLER,AttackPositioning,85,8
RECYCLER,AttackPositioning,86,8
RECYCLER,AttackPositioning,87,8
RECYCLER,AttackPositioning,88,8
RECYCLER,AttackPositioning,89,8
RECYCLER,AttackPositioning,90,11
RECYCLER,AttackPositioning,91,11
RECYCLER,AttackPositioning,92,11
RECYCLER,AttackPositioning,93,11
RECYCLER,AttackPositioning,94,11
RECYCLER,AttackPositioning,95,13
RECYCLER,AttackPositioning,96,16
RECYCLER,AttackPositioning,97,19
RECYCLER,AttackPositioning,98,22
RECYCLER,AttackPositioning,99,24
RECYCLER,Finishing,40,2
RECYCLER,Finishing,41,2
RECYCLER,Finishing,42,2
RECYCLER,Finishing,43,2
RECYCLER,Finishing,44,2
RECYCLER,Finishing,45,2
RECYCLER,Finishing,46,2
RECYCLER,Finishing,47,2
RECYCLER,Finishing,48,2
RECYCLER,Finishing,49,2
RECYCLER,Finishing,50,2
RECYCLER,Finishing,51,2
RECYCLER,Finishing,52,2
RECYCLER,Finishing,53,2
RECYCLER,Finishing,54,2
RECYCLER,Finishing,55,2
RECYCLER,Finishing,56,2
RECYCLER,Finishing,57,2
RECYCLER,Finishing,58,2
RECYCLER,Finishing,59,2
RECYCLER,Finishing,60,3
RECYCLER,Finishing,61,3
RECYCLER,Finishing,62,3
RECYCLER,Finishing,63,3
RECYCLER,Finishing,64,4
RECYCLER,Finishing,65,4
RECYCLER,Finishing,66,4
RECYCLER,Finishing,67,5
RECYCLER,Finishing,68,5
RECYCLER,Finishing,69,5
RECYCLER,Finishing,70,6
RECYCLER,Finishing,71,6
RECYCLER,Finishing,72,6
RECYCLER,Finishing,73,6
RECYCLER,Finishing,74,6
RECYCLER,Finishing,75,8
RECYCLER,Finishing,76,8
RECYCLER,Finishing,77,8
RECYCLER,Finishing,78,8
RECYCLER,Finishing,79,8
RECYCLER,Finishing,80,10
RECYCLER,Finishing,81,10
RECYCLER,Finishing,82,10
RECYCLER,Finishing,83,10
RECYCLER,Finishing,84,10
RECYCLER,Finishing,85,15
RECYCLER,Finishing,86,15
RECYCLER,Finishing,87,15
RECYCLER,Finishing,88,15
RECYCLER,Finishing,89,15
RECYCLER,Finishing,90,20
RECYCLER,Finishing,91,20
RECYCLER,Finishing,92,20
RECYCLER,Finishing,93,20
RECYCLER,Finishing,94,20
RECYCLER,Finishing,95,25
RECYCLER,Finishing,96,30
RECYCLER,Finishing,97,35
RECYCLER,Finishing,98,40
RECYCLER,Finishing,99,45
RECYCLER,ShotPower,40,1
RECYCLER,ShotPower,41,1
RECYCLER,ShotPower,42,1
RECYCLER,ShotPower,43,1
RECYCLER,ShotPower,44,1
RECYCLER,ShotPower,45,1
RECYCLER,ShotPower,46,1
RECYCLER,ShotPower,47,1
RECYCLER,ShotPower,48,1
RECYCLER,ShotPower,49,1
RECYCLER,ShotPower,50,1
RECYCLER,ShotPower,51,1
RECYCLER,ShotPower,52,1
RECYCLER,ShotPower,53,1
RECYCLER,ShotPower,54,1
RECYCLER,ShotPower,55,1
RECYCLER,ShotPower,56,1
RECYCLER,ShotPower,57,1
RECYCLER,ShotPower,58,1
RECYCLER,ShotPower,59,1
RECYCLER,ShotPower,60,2
RECYCLER,ShotPower,61,2
RECYCLER,ShotPower,62,2
RECYCLER,ShotPower,63,2
RECYCLER,ShotPower,64,3
RECYCLER,ShotPower,65,3
RECYCLER,ShotPower,66,3
RECYCLER,ShotPower,67,3
RECYCLER,ShotPower,68,3
RECYCLER,ShotPower,69,3
RECYCLER,ShotPower,70,4
RECYCLER,ShotPower,71,4
RECYCLER,ShotPower,72,4
RECYCLER,ShotPower,73,4
RECYCLER,ShotPower,74,4
RECYCLER,ShotPower,75,6
RECYCLER,ShotPower,76,6
RECYCLER,ShotPower,77,6
RECYCLER,ShotPower,78,6
RECYCLER,ShotPower,79,6
RECYCLER,ShotPower,80,7
RECYCLER,ShotPower,81,7
RECYCLER,ShotPower,82,7
RECYCLER,ShotPower,83,7
RECYCLER,ShotPower,84,7
RECYCLER,ShotPower,85,11
RECYCLER,ShotPower,86,11
RECYCLER,ShotPower,87,11
RECYCLER,ShotPower,88,11
RECYCLER,ShotPower,89,11
RECYCLER,ShotPower,90,15
RECYCLER,ShotPower,91,15
RECYCLER,ShotPower,92,15
RECYCLER,ShotPower,93,15
RECYCLER,ShotPower,94,15
RECYCLER,ShotPower,95,18
RECYCLER,ShotPower,96,22
RECYCLER,ShotPower,97,26
RECYCLER,ShotPower,98,30
RECYCLER,ShotPower,99,33
RECYCLER,LongShots,40,1
RECYCLER,LongShots,41,1
RECYCLER,LongShots,42,1
RECYCLER,LongShots,43,1
RECYCLER,LongShots,44,1
RECYCLER,LongShots,45,1
RECYCLER,LongShots,46,1
RECYCLER,LongShots,47,1
RECYCLER,LongShots,48,1
RECYCLER,LongShots,49,1
RECYCLER,LongShots,50,1
RECYCLER,LongShots,51,1
RECYCLER,LongShots,52,1
RECYCLER,LongShots,53,1
RECYCLER,LongShots,54,1
RECYCLER,LongShots,55,1
RECYCLER,LongShots,56,1
RECYCLER,LongShots,57,1
RECYCLER,LongShots,58,1
RECYCLER,LongShots,59,1
RECYCLER,LongShots,60,1
RECYCLER,LongShots,61,1
RECYCLER,LongShots,62,1
RECYCLER,LongShots,63,1
RECYCLER,LongShots,64,2
RECYCLER,LongShots,65,2
RECYCLER,LongShots,66,2
RECYCLER,LongShots,67,2
RECYCLER,LongShots,68,2
RECYCLER,LongShots,69,2
RECYCLER,LongShots,70,3
RECYCLER,LongShots,71,3
RECYCLER,LongShots,72,3
RECYCLER,LongShots,73,3
RECYCLER,LongShots,74,3
RECYCLER,LongShots,75,4
RECYCLER,LongShots,76,4
RECYCLER,LongShots,77,4
RECYCLER,LongShots,78,4
RECYCLER,LongShots,79,4
RECYCLER,LongShots,80,5
RECYCLER,LongShots,81,5
RECYCLER,LongShots,82,5
RECYCLER,LongShots,83,5
RECYCLER,LongShots,84,5
RECYCLER,LongShots,85,8
RECYCLER,LongShots,86,8
RECYCLER,LongShots,87,8
RECYCLER,LongShots,88,8
RECYCLER,LongShots,89,8
RECYCLER,LongShots,90,11
RECYCLER,LongShots,91,11
RECYCLER,LongShots,92,11
RECYCLER,LongShots,93,11
RECYCLER,LongShots,94,11
RECYCLER,LongShots,95,13
RECYCLER,LongShots,96,16
RECYCLER,LongShots,97,19
RECYCLER,LongShots,98,22
RECYCLER,LongShots,99,24
RECYCLER,Volleys,40,1
RECYCLER,Volleys,41,1
RECYCLER,Volleys,42,1
RECYCLER,Volleys,43,1
RECYCLER,Volleys,44,1
RECYCLER,Volleys,45,1
RECYCLER,Volleys,46,1
RECYCLER,Volleys,47,1
RECYCLER,Volleys,48,1
RECYCLER,Volleys,49,1
RECYCLER,Volleys,50,1
RECYCLER,Volleys,51,1
RECYCLER,Volleys,52,1
RECYCLER,Volleys,53,1
RECYCLER,Volleys,54,1
RECYCLER,Volleys,55,1
RECYCLER,Volleys,56,1
RECYCLER,Volleys,57,1
RECYCLER,Volleys,58,1
RECYCLER,Volleys,59,1
RECYCLER,Volleys,60,1
RECYCLER,Volleys,61,1
RECYCLER,Volleys,62,1
RECYCLER,Volleys,63,1
RECYCLER,Volleys,64,2
RECYCLER,Volleys,65,2
RECYCLER,Volleys,66,2
RECYCLER,Volleys,67,2
RECYCLER,Volleys,68,2
RECYCLER,Volleys,69,2
RECYCLER,Volleys,70,3
RECYCLER,Volleys,71,3
RECYCLER,Volleys,72,3
RECYCLER,Volleys,73,3
RECYCLER,Volleys,74,3
RECYCLER,Volleys,75,4
RECYCLER,Volleys,76,4
RECYCLER,Volleys,77,4
RECYCLER,Volleys,78,4
RECYCLER,Volleys,79,4
RECYCLER,Volleys,80,5
RECYCLER,Volleys,81,5
RECYCLER,Volleys,82,5
RECYCLER,Volleys,83,5
RECYCLER,Volleys,84,5
RECYCLER,Volleys,85,8
RECYCLER,Volleys,86,8
RECYCLER,Volleys,87,8
RECYCLER,Volleys,88,8
RECYCLER,Volleys,89,8
RECYCLER,Volleys,90,11
RECYCLER,Volleys,91,11
RECYCLER,Volleys,92,11
RECYCLER,Volleys,93,11
RECYCLER,Volleys,94,11
RECYCLER,Volleys,95,13
RECYCLER,Volleys,96,16
RECYCLER,Volleys,97,19
RECYCLER,Volleys,98,22
RECYCLER,Volleys,99,24
RECYCLER,Penalties,40,1
RECYCLER,Penalties,41,1
RECYCLER,Penalties,42,1
RECYCLER,Penalties,43,1
RECYCLER,Penalties,44,1
RECYCLER,Penalties,45,1
RECYCLER,Penalties,46,1
RECYCLER,Penalties,47,1
RECYCLER,Penalties,48,1
RECYCLER,Penalties,49,1
RECYCLER,Penalties,50,1
RECYCLER,Penalties,51,1
RECYCLER,Penalties,52,1
RECYCLER,Penalties,53,1
RECYCLER,Penalties,54,1
RECYCLER,Penalties,55,1
RECYCLER,Penalties,56,1
RECYCLER,Penalties,57,1
RECYCLER,Penalties,58,1
RECYCLER,Penalties,59,1
RECYCLER,Penalties,60,1
RECYCLER,Penalties,61,1
RECYCLER,Penalties,62,1
RECYCLER,Penalties,63,1
RECYCLER,Penalties,64,2
RECYCLER,Penalties,65,2
RECYCLER,Penalties,66,2
RECYCLER,Penalties,67,2
RECYCLER,Penalties,68,2
RECYCLER,Penalties,69,2
RECYCLER,Penalties,70,3
RECYCLER,Penalties,71,3
RECYCLER,Penalties,72,3
RECYCLER,Penalties,73,3
RECYCLER,Penalties,74,3
RECYCLER,Penalties,75,4
RECYCLER,Penalties,76,4
RECYCLER,Penalties,77,4
RECYCLER,Penalties,78,4
RECYCLER,Penalties,79,4
RECYCLER,Penalties,80,5
RECYCLER,Penalties,81,5
RECYCLER,Penalties,82,5
RECYCLER,Penalties,83,5
RECYCLER,Penalties,84,5
RECYCLER,Penalties,85,8
RECYCLER,Penalties,86,8
RECYCLER,Penalties,87,8
RECYCLER,Penalties,88,8
RECYCLER,Penalties,89,8
RECYCLER,Penalties,90,11
RECYCLER,Penalties,91,11
RECYCLER,Penalties,92,11
RECYCLER,Penalties,93,11
RECYCLER,Penalties,94,11
RECYCLER,Penalties,95,13
RECYCLER,Penalties,96,16
RECYCLER,Penalties,97,19
RECYCLER,Penalties,98,22
RECYCLER,Penalties,99,24
RECYCLER,Vision,40,1
RECYCLER,Vision,41,1
RECYCLER,Vision,42,1
RECYCLER,Vision,43,1
RECYCLER,Vision,44,1
RECYCLER,Vision,45,1
RECYCLER,Vision,46,1
RECYCLER,Vision,47,1
RECYCLER,Vision,48,1
RECYCLER,Vision,49,1
RECYCLER,Vision,50,1
RECYCLER,Vision,51,1
RECYCLER,Vision,52,1
RECYCLER,Vision,53,1
RECYCLER,Vision,54,1
RECYCLER,Vision,55,1
RECYCLER,Vision,56,1
RECYCLER,Vision,57,1
RECYCLER,Vision,58,1
RECYCLER,Vision,59,1
RECYCLER,Vision,60,2
RECYCLER,Vision,61,2
RECYCLER,Vision,62,2
RECYCLER,Vision,63,2
RECYCLER,Vision,64,3
RECYCLER,Vision,65,3
RECYCLER,Vision,66,3
RECYCLER,Vision,67,3
RECYCLER,Vision,68,3
RECYCLER,Vision,69,3
RECYCLER,Vision,70,4
RECYCLER,Vision,71,4
RECYCLER,Vision,72,4
RECYCLER,Vision,73,4
RECYCLER,Vision,74,4
RECYCLER,Vision,75,6
RECYCLER,Vision,76,6
RECYCLER,Vision,77,6
RECYCLER,Vision,78,6
RECYCLER,Vision,79,6
RECYCLER,Vision,80,7
RECYCLER,Vision,81,7
RECYCLER,Vision,82,7
RECYCLER,Vision,83,7
RECYCLER,Vision,84,7
RECYCLER,Vision,85,11
RECYCLER,Vision,86,11
RECYCLER,Vision,87,11
RECYCLER,Vision,88,11
RECYCLER,Vision,89,11
RECYCLER,Vision,90,15
RECYCLER,Vision,91,15
RECYCLER,Vision,92,15
RECYCLER,Vision,93,15
RECYCLER,Vision,94,15
RECYCLER,Vision,95,18
RECYCLER,Vision,96,22
RECYCLER,Vision,97,26
RECYCLER,Vision,98,30
RECYCLER,Vision,99,33
RECYCLER,Crossing,40,1
RECYCLER,Crossing,41,1
RECYCLER,Crossing,42,1
RECYCLER,Crossing,43,1
RECYCLER,Crossing,44,1
RECYCLER,Crossing,45,1
RECYCLER,Crossing,46,1
RECYCLER,Crossing,47,1
RECYCLER,Crossing,48,1
RECYCLER,Crossing,49,1
RECYCLER,Crossing,50,1
RECYCLER,Crossing,51,1
RECYCLER,Crossing,52,1
RECYCLER,Crossing,53,1
RECYCLER,Crossing,54,1
RECYCLER,Crossing,55,1
RECYCLER,Crossing,56,1
RECYCLER,Crossing,57,1
RECYCLER,Crossing,58,1
RECYCLER,Crossing,59,1
RECYCLER,Crossing,60,2
RECYCLER,Crossing,61,2
RECYCLER,Crossing,62,2
RECYCLER,Crossing,63,2
RECYCLER,Crossing,64,3
RECYCLER,Crossing,65,3
RECYCLER,Crossing,66,3
RECYCLER,Crossing,67,3
RECYCLER,Crossing,68,3
RECYCLER,Crossing,69,3
RECYCLER,Crossing,70,4
RECYCLER,Crossing,71,4
RECYCLER,Crossing,72,4
RECYCLER,Crossing,73,4
RECYCLER,Crossing,74,4
RECYCLER,Crossing,75,6
RECYCLER,Crossing,76,6
RECYCLER,Crossing,77,6
RECYCLER,Crossing,78,6
RECYCLER,Crossing,79,6
RECYCLER,Crossing,80,7
RECYCLER,Crossing,81,7
RECYCLER,Crossing,82,7
RECYCLER,Crossing,83,7
RECYCLER,Crossing,84,7
RECYCLER,Crossing,85,11
RECYCLER,Crossing,86,11
RECYCLER,Crossing,87,11
RECYCLER,Crossing,88,11
RECYCLER,Crossing,89,11
RECYCLER,Crossing,90,15
RECYCLER,Crossing,91,15
RECYCLER,Crossing,92,15
RECYCLER,Crossing,93,15
RECYCLER,Crossing,94,15
RECYCLER,Crossing,95,18
RECYCLER,Crossing,96,22
RECYCLER,Crossing,97,26
RECYCLER,Crossing,98,30
RECYCLER,Crossing,99,33
RECYCLER,FKAccuracy,40,1
RECYCLER,FKAccuracy,41,1
RECYCLER,FKAccuracy,42,1
RECYCLER,FKAccuracy,43,1
RECYCLER,FKAccuracy,44,1
RECYCLER,FKAccuracy,45,1
RECYCLER,FKAccuracy,46,1
RECYCLER,FKAccuracy,47,1
RECYCLER,FKAccuracy,48,1
RECYCLER,FKAccuracy,49,1
RECYCLER,FKAccuracy,50,1
RECYCLER,FKAccuracy,51,1
RECYCLER,FKAccuracy,52,1
RECYCLER,FKAccuracy,53,1
RECYCLER,FKAccuracy,54,1
RECYCLER,FKAccuracy,55,1
RECYCLER,FKAccuracy,56,1
RECYCLER,FKAccuracy,57,1
RECYCLER,FKAccuracy,58,1
RECYCLER,FKAccuracy,59,1
RECYCLER,FKAccuracy,60,1
RECYCLER,FKAccuracy,61,1
RECYCLER,FKAccuracy,62,1
RECYCLER,FKAccuracy,63,1
RECYCLER,FKAccuracy,64,2
RECYCLER,FKAccuracy,65,2
RECYCLER,FKAccuracy,66,2
RECYCLER,FKAccuracy,67,2
RECYCLER,FKAccuracy,68,2
RECYCLER,FKAccuracy,69,2
RECYCLER,FKAccuracy,70,3
RECYCLER,FKAccuracy,71,3
RECYCLER,FKAccuracy,72,3
RECYCLER,FKAccuracy,73,3
RECYCLER,FKAccuracy,74,3
RECYCLER,FKAccuracy,75,4
RECYCLER,FKAccuracy,76,4
RECYCLER,FKAccuracy,77,4
RECYCLER,FKAccuracy,78,4
RECYCLER,FKAccuracy,79,4
RECYCLER,FKAccuracy,80,5
RECYCLER,FKAccuracy,81,5
RECYCLER,FKAccuracy,82,5
RECYCLER,FKAccuracy,83,5
RECYCLER,FKAccuracy,84,5
RECYCLER,FKAccuracy,85,8
RECYCLER,FKAccuracy,86,8
RECYCLER,FKAccuracy,87,8
RECYCLER,FKAccuracy,88,8
RECYCLER,FKAccuracy,89,8
RECYCLER,FKAccuracy,90,11
RECYCLER,FKAccuracy,91,11
RECYCLER,FKAccuracy,92,11
RECYCLER,FKAccuracy,93,11
RECYCLER,FKAccuracy,94,11
RECYCLER,FKAccuracy,95,13
RECYCLER,FKAccuracy,96,16
RECYCLER,FKAccuracy,97,19
RECYCLER,FKAccuracy,98,22
RECYCLER,FKAccuracy,99,24
RECYCLER,ShortPassing,40,2
RECYCLER,ShortPassing,41,2
RECYCLER,ShortPassing,42,2
RECYCLER,ShortPassing,43,2
RECYCLER,ShortPassing,44,2
RECYCLER,ShortPassing,45,2
RECYCLER,ShortPassing,46,2
RECYCLER,ShortPassing,47,2
RECYCLER,ShortPassing,48,2
RECYCLER,ShortPassing,49,2
RECYCLER,ShortPassing,50,2
RECYCLER,ShortPassing,51,2
RECYCLER,ShortPassing,52,2
RECYCLER,ShortPassing,53,2
RECYCLER,ShortPassing,54,2
RECYCLER,ShortPassing,55,2
RECYCLER,ShortPassing,56,2
RECYCLER,ShortPassing,57,2
RECYCLER,ShortPassing,58,2
RECYCLER,ShortPassing,59,2
RECYCLER,ShortPassing,60,3
RECYCLER,ShortPassing,61,3
RECYCLER,ShortPassing,62,3
RECYCLER,ShortPassing,63,3
RECYCLER,ShortPassing,64,4
RECYCLER,ShortPassing,65,4
RECYCLER,ShortPassing,66,4
RECYCLER,ShortPassing,67,5
RECYCLER,ShortPassing,68,5
RECYCLER,ShortPassing,69,5
RECYCLER,ShortPassing,70,6
RECYCLER,ShortPassing,71,6
RECYCLER,ShortPassing,72,6
RECYCLER,ShortPassing,73,6
RECYCLER,ShortPassing,74,6
RECYCLER,ShortPassing,75,8
RECYCLER,ShortPassing,76,8
RECYCLER,ShortPassing,77,8
RECYCLER,ShortPassing,78,8
RECYCLER,ShortPassing,79,8
RECYCLER,ShortPassing,80,10
RECYCLER,ShortPassing,81,10
RECYCLER,ShortPassing,82,10
RECYCLER,ShortPassing,83,10
RECYCLER,ShortPassing,84,10
RECYCLER,ShortPassing,85,15
RECYCLER,ShortPassing,86,15
RECYCLER,ShortPassing,87,15
RECYCLER,ShortPassing,88,15
RECYCLER,ShortPassing,89,15
RECYCLER,ShortPassing,90,20
RECYCLER,ShortPassing,91,20
RECYCLER,ShortPassing,92,20
RECYCLER,ShortPassing,93,20
RECYCLER,ShortPassing,94,20
RECYCLER,ShortPassing,95,25
RECYCLER,ShortPassing,96,30
RECYCLER,ShortPassing,97,35
RECYCLER,ShortPassing,98,40
RECYCLER,ShortPassing,99,45
RECYCLER,LongPassing,40,1
RECYCLER,LongPassing,41,1
RECYCLER,LongPassing,42,1
RECYCLER,LongPassing,43,1
RECYCLER,LongPassing,44,1
RECYCLER,LongPassing,45,1
RECYCLER,LongPassing,46,1
RECYCLER,LongPassing,47,1
RECYCLER,LongPassing,48,1
RECYCLER,LongPassing,49,1
RECYCLER,LongPassing,50,1
RECYCLER,LongPassing,51,1
RECYCLER,LongPassing,52,1
RECYCLER,LongPassing,53,1
RECYCLER,LongPassing,54,1
RECYCLER,LongPassing,55,1
RECYCLER,LongPassing,56,1
RECYCLER,LongPassing,57,1
RECYCLER,LongPassing,58,1
RECYCLER,LongPassing,59,1
RECYCLER,LongPassing,60,2
RECYCLER,LongPassing,61,2
RECYCLER,LongPassing,62,2
RECYCLER,LongPassing,63,2
RECYCLER,LongPassing,64,3
RECYCLER,LongPassing,65,3
RECYCLER,LongPassing,66,3
RECYCLER,LongPassing,67,3
RECYCLER,LongPassing,68,3
RECYCLER,LongPassing,69,3
RECYCLER,LongPassing,70,4
RECYCLER,LongPassing,71,4
RECYCLER,LongPassing,72,4
RECYCLER,LongPassing,73,4
RECYCLER,LongPassing,74,4
RECYCLER,LongPassing,75,6
RECYCLER,LongPassing,76,6
RECYCLER,LongPassing,77,6
RECYCLER,LongPassing,78,6
RECYCLER,LongPassing,79,6
RECYCLER,LongPassing,80,7
RECYCLER,LongPassing,81,7
RECYCLER,LongPassing,82,7
RECYCLER,LongPassing,83,7
RECYCLER,LongPassing,84,7
RECYCLER,LongPassing,85,11
RECYCLER,LongPassing,86,11
RECYCLER,LongPassing,87,11
RECYCLER,LongPassing,88,11
RECYCLER,LongPassing,89,11
RECYCLER,LongPassing,90,15
RECYCLER,LongPassing,91,15
RECYCLER,LongPassing,92,15
RECYCLER,LongPassing,93,15
RECYCLER,LongPassing,94,15
RECYCLER,LongPassing,95,18
RECYCLER,LongPassing,96,22
RECYCLER,LongPassing,97,26
RECYCLER,LongPassing,98,30
RECYCLER,LongPassing,99,33
RECYCLER,Curve,40,1
RECYCLER,Curve,41,1
RECYCLER,Curve,42,1
RECYCLER,Curve,43,1
RECYCLER,Curve,44,1
RECYCLER,Curve,45,1
RECYCLER,Curve,46,1
RECYCLER,Curve,47,1
RECYCLER,Curve,48,1
RECYCLER,Curve,49,1
RECYCLER,Curve,50,1
RECYCLER,Curve,51,1
RECYCLER,Curve,52,1
RECYCLER,Curve,53,1
RECYCLER,Curve,54,1
RECYCLER,Curve,55,1
RECYCLER,Curve,56,1
RECYCLER,Curve,57,1
RECYCLER,Curve,58,1
RECYCLER,Curve,59,1
RECYCLER,Curve,60,1
RECYCLER,Curve,61,1
RECYCLER,Curve,62,1
RECYCLER,Curve,63,1
RECYCLER,Curve,64,2
RECYCLER,Curve,65,2
RECYCLER,Curve,66,2
RECYCLER,Curve,67,2
RECYCLER,Curve,68,2
RECYCLER,Curve,69,2
RECYCLER,Curve,70,3
RECYCLER,Curve,71,3
RECYCLER,Curve,72,3
RECYCLER,Curve,73,3
RECYCLER,Curve,74,3
RECYCLER,Curve,75,4
RECYCLER,Curve,76,4
RECYCLER,Curve,77,4
RECYCLER,Curve,78,4
RECYCLER,Curve,79,4
RECYCLER,Curve,80,5
RECYCLER,Curve,81,5
RECYCLER,Curve,82,5
RECYCLER,Curve,83,5
RECYCLER,Curve,84,5
RECYCLER,Curve,85,8
RECYCLER,Curve,86,8
RECYCLER,Curve,87,8
RECYCLER,Curve,88,8
RECYCLER,Curve,89,8
RECYCLER,Curve,90,11
RECYCLER,Curve,91,11
RECYCLER,Curve,92,11
RECYCLER,Curve,93,11
RECYCLER,Curve,94,11
RECYCLER,Curve,95,13
RECYCLER,Curve,96,16
RECYCLER,Curve,97,19
RECYCLER,Curve,98,22
RECYCLER,Curve,99,24
RECYCLER,Agility,40,2
RECYCLER,Agility,41,2
RECYCLER,Agility,42,2
RECYCLER,Agility,43,2
RECYCLER,Agility,44,2
RECYCLER,Agility,45,2
RECYCLER,Agility,46,2
RECYCLER,Agility,47,2
RECYCLER,Agility,48,2
RECYCLER,Agility,49,2
RECYCLER,Agility,50,2
RECYCLER,Agility,51,2
RECYCLER,Agility,52,2
RECYCLER,Agility,53,2
RECYCLER,Agility,54,2
RECYCLER,Agility,55,2
RECYCLER,Agility,56,2
RECYCLER,Agility,57,2
RECYCLER,Agility,58,2
RECYCLER,Agility,59,2
RECYCLER,Agility,60,3
RECYCLER,Agility,61,3
RECYCLER,Agility,62,3
RECYCLER,Agility,63,3
RECYCLER,Agility,64,4
RECYCLER,Agility,65,4
RECYCLER,Agility,66,4
RECYCLER,Agility,67,5
RECYCLER,Agility,68,5
RECYCLER,Agility,69,5
RECYCLER,Agility,70,6
RECYCLER,Agility,71,6
RECYCLER,Agility,72,6
RECYCLER,Agility,73,6
RECYCLER,Agility,74,6
RECYCLER,Agility,75,8
RECYCLER,Agility,76,8
RECYCLER,Agility,77,8
RECYCLER,Agility,78,8
RECYCLER,Agility,79,8
RECYCLER,Agility,80,10
RECYCLER,Agility,81,10
RECYCLER,Agility,82,10
RECYCLER,Agility,83,10
RECYCLER,Agility,84,10
RECYCLER,Agility,85,15
RECYCLER,Agility,86,15
RECYCLER,Agility,87,15
RECYCLER,Agility,88,15
RECYCLER,Agility,89,15
RECYCLER,Agility,90,20
RECYCLER,Agility,91,20
RECYCLER,Agility,92,20
RECYCLER,Agility,93,20
RECYCLER,Agility,94,20
RECYCLER,Agility,95,25
RECYCLER,Agility,96,30
RECYCLER,Agility,97,35
RECYCLER,Agility,98,40
RECYCLER,Agility,99,45
RECYCLER,Balance,40,1
RECYCLER,Balance,41,1
RECYCLER,Balance,42,1
RECYCLER,Balance,43,1
RECYCLER,Balance,44,1
RECYCLER,Balance,45,1
RECYCLER,Balance,46,1
RECYCLER,Balance,47,1
RECYCLER,Balance,48,1
RECYCLER,Balance,49,1
RECYCLER,Balance,50,1
RECYCLER,Balance,51,1
RECYCLER,Balance,52,1
RECYCLER,Balance,53,1
RECYCLER,Balance,54,1
RECYCLER,Balance,55,1
RECYCLER,Balance,56,1
RECYCLER,Balance,57,1
RECYCLER,Balance,58,1
RECYCLER,Balance,59,1
RECYCLER,Balance,60,2
RECYCLER,Balance,61,2
RECYCLER,Balance,62,2
RECYCLER,Balance,63,2
RECYCLER,Balance,64,3
RECYCLER,Balance,65,3
RECYCLER,Balance,66,3
RECYCLER,Balance,67,3
RECYCLER,Balance,68,3
RECYCLER,Balance,69,3
RECYCLER,Balance,70,4
RECYCLER,Balance,71,4
RECYCLER,Balance,72,4
RECYCLER,Balance,73,4
RECYCLER,Balance,74,4
RECYCLER,Balance,75,6
RECYCLER,Balance,76,6
RECYCLER,Balance,77,6
RECYCLER,Balance,78,6
RECYCLER,Balance,79,6
RECYCLER,Balance,80,7
RECYCLER,Balance,81,7
RECYCLER,Balance,82,7
RECYCLER,Balance,83,7
RECYCLER,Balance,84,7
RECYCLER,Balance,85,11
RECYCLER,Balance,86,11
RECYCLER,Balance,87,11
RECYCLER,Balance,88,11
RECYCLER,Balance,89,11
RECYCLER,Balance,90,15
RECYCLER,Balance,91,15
RECYCLER,Balance,92,15
RECYCLER,Balance,93,15
RECYCLER,Balance,94,15
RECYCLER,Balance,95,18
RECYCLER,Balance,96,22
RECYCLER,Balance,97,26
RECYCLER,Balance,98,30
RECYCLER,Balance,99,33
RECYCLER,Reactions,40,1
RECYCLER,Reactions,41,1
RECYCLER,Reactions,42,1
RECYCLER,Reactions,43,1
RECYCLER,Reactions,44,1
RECYCLER,Reactions,45,1
RECYCLER,Reactions,46,1
RECYCLER,Reactions,47,1
RECYCLER,Reactions,48,1
RECYCLER,Reactions,49,1
RECYCLER,Reactions,50,1
RECYCLER,Reactions,51,1
RECYCLER,Reactions,52,1
RECYCLER,Reactions,53,1
RECYCLER,Reactions,54,1
RECYCLER,Reactions,55,1
RECYCLER,Reactions,56,1
RECYCLER,Reactions,57,1
RECYCLER,Reactions,58,1
RECYCLER,Reactions,59,1
RECYCLER,Reactions,60,1
RECYCLER,Reactions,61,1
RECYCLER,Reactions,62,1
RECYCLER,Reactions,63,1
RECYCLER,Reactions,64,2
RECYCLER,Reactions,65,2
RECYCLER,Reactions,66,2
RECYCLER,Reactions,67,2
RECYCLER,Reactions,68,2
RECYCLER,Reactions,69,2
RECYCLER,Reactions,70,3
RECYCLER,Reactions,71,3
RECYCLER,Reactions,72,3
RECYCLER,Reactions,73,3
RECYCLER,Reactions,74,3
RECYCLER,Reactions,75,4
RECYCLER,Reactions,76,4
RECYCLER,Reactions,77,4
RECYCLER,Reactions,78,4
RECYCLER,Reactions,79,4
RECYCLER,Reactions,80,5
RECYCLER,Reactions,81,5
RECYCLER,Reactions,82,5
RECYCLER,Reactions,83,5
RECYCLER,Reactions,84,5
RECYCLER,Reactions,85,8
RECYCLER,Reactions,86,8
RECYCLER,Reactions,87,8
RECYCLER,Reactions,88,8
RECYCLER,Reactions,89,8
RECYCLER,Reactions,90,11
RECYCLER,Reactions,91,11
RECYCLER,Reactions,92,11
RECYCLER,Reactions,93,11
RECYCLER,Reactions,94,11
RECYCLER,Reactions,95,13
RECYCLER,Reactions,96,16
RECYCLER,Reactions,97,19
RECYCLER,Reactions,98,22
RECYCLER,Reactions,99,24
RECYCLER,BallControl,40,1
RECYCLER,BallControl,41,1
RECYCLER,BallControl,42,1
RECYCLER,BallControl,43,1
RECYCLER,BallControl,44,1
RECYCLER,BallControl,45,1
RECYCLER,BallControl,46,1
RECYCLER,BallControl,47,1
RECYCLER,BallControl,48,1
RECYCLER,BallControl,49,1
RECYCLER,BallControl,50,1
RECYCLER,BallControl,51,1
RECYCLER,BallControl,52,1
RECYCLER,BallControl,53,1
RECYCLER,BallControl,54,1
RECYCLER,BallControl,55,1
RECYCLER,BallControl,56,1
RECYCLER,BallControl,57,1
RECYCLER,BallControl,58,1
RECYCLER,BallControl,59,1
RECYCLER,BallControl,60,2
RECYCLER,BallControl,61,2
RECYCLER,BallControl,62,2
RECYCLER,BallControl,63,2
RECYCLER,BallControl,64,3
RECYCLER,BallControl,65,3
RECYCLER,BallControl,66,3
RECYCLER,BallControl,67,3
RECYCLER,BallControl,68,3
RECYCLER,BallControl,69,3
RECYCLER,BallControl,70,4
RECYCLER,BallControl,71,4
RECYCLER,BallControl,72,4
RECYCLER,BallControl,73,4
RECYCLER,BallControl,74,4
RECYCLER,BallControl,75,6
RECYCLER,BallControl,76,6
RECYCLER,BallControl,77,6
RECYCLER,BallControl,78,6
RECYCLER,BallControl,79,6
RECYCLER,BallControl,80,7
RECYCLER,BallControl,81,7
RECYCLER,BallControl,82,7
RECYCLER,BallControl,83,7
RECYCLER,BallControl,84,7
RECYCLER,BallControl,85,11
RECYCLER,BallControl,86,11
RECYCLER,BallControl,87,11
RECYCLER,BallControl,88,11
RECYCLER,BallControl,89,11
RECYCLER,BallControl,90,15
RECYCLER,BallControl,91,15
RECYCLER,BallControl,92,15
RECYCLER,BallControl,93,15
RECYCLER,BallControl,94,15
RECYCLER,BallControl,95,18
RECYCLER,BallControl,96,22
RECYCLER,BallControl,97,26
RECYCLER,BallControl,98,30
RECYCLER,BallControl,99,33
RECYCLER,Dribbling,40,2
RECYCLER,Dribbling,41,2
RECYCLER,Dribbling,42,2
RECYCLER,Dribbling,43,2
RECYCLER,Dribbling,44,2
RECYCLER,Dribbling,45,2
RECYCLER,Dribbling,46,2
RECYCLER,Dribbling,47,2
RECYCLER,Dribbling,48,2
RECYCLER,Dribbling,49,2
RECYCLER,Dribbling,50,2
RECYCLER,Dribbling,51,2
RECYCLER,Dribbling,52,2
RECYCLER,Dribbling,53,2
RECYCLER,Dribbling,54,2
RECYCLER,Dribbling,55,2
RECYCLER,Dribbling,56,2
RECYCLER,Dribbling,57,2
RECYCLER,Dribbling,58,2
RECYCLER,Dribbling,59,2
RECYCLER,Dribbling,60,3
RECYCLER,Dribbling,61,3
RECYCLER,Dribbling,62,3
RECYCLER,Dribbling,63,3
RECYCLER,Dribbling,64,4
RECYCLER,Dribbling,65,4
RECYCLER,Dribbling,66,4
RECYCLER,Dribbling,67,5
RECYCLER,Dribbling,68,5
RECYCLER,Dribbling,69,5
RECYCLER,Dribbling,70,6
RECYCLER,Dribbling,71,6
RECYCLER,Dribbling,72,6
RECYCLER,Dribbling,73,6
RECYCLER,Dribbling,74,6
RECYCLER,Dribbling,75,8
RECYCLER,Dribbling,76,8
RECYCLER,Dribbling,77,8
RECYCLER,Dribbling,78,8
RECYCLER,Dribbling,79,8
RECYCLER,Dribbling,80,10
RECYCLER,Dribbling,81,10
RECYCLER,Dribbling,82,10
RECYCLER,Dribbling,83,10
RECYCLER,Dribbling,84,10
RECYCLER,Dribbling,85,15
RECYCLER,Dribbling,86,15
RECYCLER,Dribbling,87,15
RECYCLER,Dribbling,88,15
RECYCLER,Dribbling,89,15
RECYCLER,Dribbling,90,20
RECYCLER,Dribbling,91,20
RECYCLER,Dribbling,92,20
RECYCLER,Dribbling,93,20
RECYCLER,Dribbling,94,20
RECYCLER,Dribbling,95,25
RECYCLER,Dribbling,96,30
RECYCLER,Dribbling,97,35
RECYCLER,Dribbling,98,40
RECYCLER,Dribbling,99,45
RECYCLER,Composure,40,1
RECYCLER,Composure,41,1
RECYCLER,Composure,42,1
RECYCLER,Composure,43,1
RECYCLER,Composure,44,1
RECYCLER,Composure,45,1
RECYCLER,Composure,46,1
RECYCLER,Composure,47,1
RECYCLER,Composure,48,1
RECYCLER,Composure,49,1
RECYCLER,Composure,50,1
RECYCLER,Composure,51,1
RECYCLER,Composure,52,1
RECYCLER,Composure,53,1
RECYCLER,Composure,54,1
RECYCLER,Composure,55,1
RECYCLER,Composure,56,1
RECYCLER,Composure,57,1
RECYCLER,Composure,58,1
RECYCLER,Composure,59,1
RECYCLER,Composure,60,2
RECYCLER,Composure,61,2
RECYCLER,Composure,62,2
RECYCLER,Composure,63,2
RECYCLER,Composure,64,3
RECYCLER,Composure,65,3
RECYCLER,Composure,66,3
RECYCLER,Composure,67,3
RECYCLER,Composure,68,3
RECYCLER,Composure,69,3
RECYCLER,Composure,70,4
RECYCLER,Composure,71,4
RECYCLER,Composure,72,4
RECYCLER,Composure,73,4
RECYCLER,Composure,74,4
RECYCLER,Composure,75,6
RECYCLER,Composure,76,6
RECYCLER,Composure,77,6
RECYCLER,Composure,78,6
RECYCLER,Composure,79,6
RECYCLER,Composure,80,7
RECYCLER,Composure,81,7
RECYCLER,Composure,82,7
RECYCLER,Composure,83,7
RECYCLER,Composure,84,7
RECYCLER,Composure,85,11
RECYCLER,Composure,86,11
RECYCLER,Composure,87,11
RECYCLER,Composure,88,11
RECYCLER,Composure,89,11
RECYCLER,Composure,90,15
RECYCLER,Composure,91,15
RECYCLER,Composure,92,15
RECYCLER,Composure,93,15
RECYCLER,Composure,94,15
RECYCLER,Composure,95,18
RECYCLER,Composure,96,22
RECYCLER,Composure,97,26
RECYCLER,Composure,98,30
RECYCLER,Composure,99,33
RECYCLER,Interceptions,40,1
RECYCLER,Interceptions,41,1
RECYCLER,Interceptions,42,1
RECYCLER,Interceptions,43,1
RECYCLER,Interceptions,44,1
RECYCLER,Interceptions,45,1
RECYCLER,Interceptions,46,1
RECYCLER,Interceptions,47,1
RECYCLER,Interceptions,48,1
RECYCLER,Interceptions,49,1
RECYCLER,Interceptions,50,1
RECYCLER,Interceptions,51,1
RECYCLER,Interceptions,52,1
RECYCLER,Interceptions,53,1
RECYCLER,Interceptions,54,1
RECYCLER,Interceptions,55,1
RECYCLER,Interceptions,56,1
RECYCLER,Interceptions,57,1
RECYCLER,Interceptions,58,1
RECYCLER,Interceptions,59,1
RECYCLER,Interceptions,60,2
RECYCLER,Interceptions,61,2
RECYCLER,Interceptions,62,2
RECYCLER,Interceptions,63,2
RECYCLER,Interceptions,64,3
RECYCLER,Interceptions,65,3
RECYCLER,Interceptions,66,3
RECYCLER,Interceptions,67,3
RECYCLER,Interceptions,68,3
RECYCLER,Interceptions,69,3
RECYCLER,Interceptions,70,4
RECYCLER,Interceptions,71,4
RECYCLER,Interceptions,72,4
RECYCLER,Interceptions,73,4
RECYCLER,Interceptions,74,4
RECYCLER,Interceptions,75,6
RECYCLER,Interceptions,76,6
RECYCLER,Interceptions,77,6
RECYCLER,Interceptions,78,6
RECYCLER,Interceptions,79,6
RECYCLER,Interceptions,80,7
RECYCLER,Interceptions,81,7
RECYCLER,Interceptions,82,7
RECYCLER,Interceptions,83,7
RECYCLER,Interceptions,84,7
RECYCLER,Interceptions,85,11
RECYCLER,Interceptions,86,11
RECYCLER,Interceptions,87,11
RECYCLER,Interceptions,88,11
RECYCLER,Interceptions,89,11
RECYCLER,Interceptions,90,15
RECYCLER,Interceptions,91,15
RECYCLER,Interceptions,92,15
RECYCLER,Interceptions,93,15
RECYCLER,Interceptions,94,15
RECYCLER,Interceptions,95,18
RECYCLER,Interceptions,96,22
RECYCLER,Interceptions,97,26
RECYCLER,Interceptions,98,30
RECYCLER,Interceptions,99,33
RECYCLER,Heading Accuracy,40,1
RECYCLER,Heading Accuracy,41,1
RECYCLER,Heading Accuracy,42,1
RECYCLER,Heading Accuracy,43,1
RECYCLER,Heading Accuracy,44,1
RECYCLER,Heading Accuracy,45,1
RECYCLER,Heading Accuracy,46,1
RECYCLER,Heading Accuracy,47,1
RECYCLER,Heading Accuracy,48,1
RECYCLER,Heading Accuracy,49,1
RECYCLER,Heading Accuracy,50,1
RECYCLER,Heading Accuracy,51,1
RECYCLER,Heading Accuracy,52,1
RECYCLER,Heading Accuracy,53,1
RECYCLER,Heading Accuracy,54,1
RECYCLER,Heading Accuracy,55,1
RECYCLER,Heading Accuracy,56,1
RECYCLER,Heading Accuracy,57,1
RECYCLER,Heading Accuracy,58,1
RECYCLER,Heading Accuracy,59,1
RECYCLER,Heading Accuracy,60,2
RECYCLER,Heading Accuracy,61,2
RECYCLER,Heading Accuracy,62,2
RECYCLER,Heading Accuracy,63,2
RECYCLER,Heading Accuracy,64,3
RECYCLER,Heading Accuracy,65,3
RECYCLER,Heading Accuracy,66,3
RECYCLER,Heading Accuracy,67,3
RECYCLER,Heading Accuracy,68,3
RECYCLER,Heading Accuracy,69,3
RECYCLER,Heading Accuracy,70,4
RECYCLER,Heading Accuracy,71,4
RECYCLER,Heading Accuracy,72,4
RECYCLER,Heading Accuracy,73,4
RECYCLER,Heading Accuracy,74,4
RECYCLER,Heading Accuracy,75,6
RECYCLER,Heading Accuracy,76,6
RECYCLER,Heading Accuracy,77,6
RECYCLER,Heading Accuracy,78,6
RECYCLER,Heading Accuracy,79,6
RECYCLER,Heading Accuracy,80,7
RECYCLER,Heading Accuracy,81,7
RECYCLER,Heading Accuracy,82,7
RECYCLER,Heading Accuracy,83,7
RECYCLER,Heading Accuracy,84,7
RECYCLER,Heading Accuracy,85,11
RECYCLER,Heading Accuracy,86,11
RECYCLER,Heading Accuracy,87,11
RECYCLER,Heading Accuracy,88,11
RECYCLER,Heading Accuracy,89,11
RECYCLER,Heading Accuracy,90,15
RECYCLER,Heading Accuracy,91,15
RECYCLER,Heading Accuracy,92,15
RECYCLER,Heading Accuracy,93,15
RECYCLER,Heading Accuracy,94,15
RECYCLER,Heading Accuracy,95,18
RECYCLER,Heading Accuracy,96,22
RECYCLER,Heading Accuracy,97,26
RECYCLER,Heading Accuracy,98,30
RECYCLER,Heading Accuracy,99,33
RECYCLER,DefAwareness,40,1
RECYCLER,DefAwareness,41,1
RECYCLER,DefAwareness,42,1
RECYCLER,DefAwareness,43,1
RECYCLER,DefAwareness,44,1
RECYCLER,DefAwareness,45,1
RECYCLER,DefAwareness,46,1
RECYCLER,DefAwareness,47,1
RECYCLER,DefAwareness,48,1
RECYCLER,DefAwareness,49,1
RECYCLER,DefAwareness,50,1
RECYCLER,DefAwareness,51,1
RECYCLER,DefAwareness,52,1
RECYCLER,DefAwareness,53,1
RECYCLER,DefAwareness,54,1
RECYCLER,DefAwareness,55,1
RECYCLER,DefAwareness,56,1
RECYCLER,DefAwareness,57,1
RECYCLER,DefAwareness,58,1
RECYCLER,DefAwareness,59,1
RECYCLER,DefAwareness,60,1
RECYCLER,DefAwareness,61,1
RECYCLER,DefAwareness,62,1
RECYCLER,DefAwareness,63,1
RECYCLER,DefAwareness,64,2
RECYCLER,DefAwareness,65,2
RECYCLER,DefAwareness,66,2
RECYCLER,DefAwareness,67,2
RECYCLER,DefAwareness,68,2
RECYCLER,DefAwareness,69,2
RECYCLER,DefAwareness,70,3
RECYCLER,DefAwareness,71,3
RECYCLER,DefAwareness,72,3
RECYCLER,DefAwareness,73,3
RECYCLER,DefAwareness,74,3
RECYCLER,DefAwareness,75,4
RECYCLER,DefAwareness,76,4
RECYCLER,DefAwareness,77,4
RECYCLER,DefAwareness,78,4
RECYCLER,DefAwareness,79,4
RECYCLER,DefAwareness,80,5
RECYCLER,DefAwareness,81,5
RECYCLER,DefAwareness,82,5
RECYCLER,DefAwareness,83,5
RECYCLER,DefAwareness,84,5
RECYCLER,DefAwareness,85,8
RECYCLER,DefAwareness,86,8
RECYCLER,DefAwareness,87,8
RECYCLER,DefAwareness,88,8
RECYCLER,DefAwareness,89,8
RECYCLER,DefAwareness,90,11
RECYCLER,DefAwareness,91,11
RECYCLER,DefAwareness,92,11
RECYCLER,DefAwareness,93,11
RECYCLER,DefAwareness,94,11
RECYCLER,DefAwareness,95,13
RECYCLER,DefAwareness,96,16
RECYCLER,DefAwareness,97,19
RECYCLER,DefAwareness,98,22
RECYCLER,DefAwareness,99,24
RECYCLER,StandingTackle,40,2
RECYCLER,StandingTackle,41,2
RECYCLER,StandingTackle,42,2
RECYCLER,StandingTackle,43,2
RECYCLER,StandingTackle,44,2
RECYCLER,StandingTackle,45,2
RECYCLER,StandingTackle,46,2
RECYCLER,StandingTackle,47,2
RECYCLER,StandingTackle,48,2
RECYCLER,StandingTackle,49,2
RECYCLER,StandingTackle,50,2
RECYCLER,StandingTackle,51,2
RECYCLER,StandingTackle,52,2
RECYCLER,StandingTackle,53,2
RECYCLER,StandingTackle,54,2
RECYCLER,StandingTackle,55,2
RECYCLER,StandingTackle,56,2
RECYCLER,StandingTackle,57,2
RECYCLER,StandingTackle,58,2
RECYCLER,StandingTackle,59,2
RECYCLER,StandingTackle,60,3
RECYCLER,StandingTackle,61,3
RECYCLER,StandingTackle,62,3
RECYCLER,StandingTackle,63,3
RECYCLER,StandingTackle,64,4
RECYCLER,StandingTackle,65,4
RECYCLER,StandingTackle,66,4
RECYCLER,StandingTackle,67,5
RECYCLER,StandingTackle,68,5
RECYCLER,StandingTackle,69,5
RECYCLER,StandingTackle,70,6
RECYCLER,StandingTackle,71,6
RECYCLER,StandingTackle,72,6
RECYCLER,StandingTackle,73,6
RECYCLER,StandingTackle,74,6
RECYCLER,StandingTackle,75,8
RECYCLER,StandingTackle,76,8
RECYCLER,StandingTackle,77,8
RECYCLER,StandingTackle,78,8
RECYCLER,StandingTackle,79,8
RECYCLER,StandingTackle,80,10
RECYCLER,StandingTackle,81,10
RECYCLER,StandingTackle,82,10
RECYCLER,StandingTackle,83,10
RECYCLER,StandingTackle,84,10
RECYCLER,StandingTackle,85,15
RECYCLER,StandingTackle,86,15
RECYCLER,StandingTackle,87,15
RECYCLER,StandingTackle,88,15
RECYCLER,StandingTackle,89,15
RECYCLER,StandingTackle,90,20
RECYCLER,StandingTackle,91,20
RECYCLER,StandingTackle,92,20
RECYCLER,StandingTackle,93,20
RECYCLER,StandingTackle,94,20
RECYCLER,StandingTackle,95,25
RECYCLER,StandingTackle,96,30
RECYCLER,StandingTackle,97,35
RECYCLER,StandingTackle,98,40
RECYCLER,StandingTackle,99,45
RECYCLER,SlidingTackle,40,1
RECYCLER,SlidingTackle,41,1
RECYCLER,SlidingTackle,42,1
RECYCLER,SlidingTackle,43,1
RECYCLER,SlidingTackle,44,1
RECYCLER,SlidingTackle,45,1
RECYCLER,SlidingTackle,46,1
RECYCLER,SlidingTackle,47,1
RECYCLER,SlidingTackle,48,1
RECYCLER,SlidingTackle,49,1
RECYCLER,SlidingTackle,50,1
RECYCLER,SlidingTackle,51,1
RECYCLER,SlidingTackle,52,1
RECYCLER,SlidingTackle,53,1
RECYCLER,SlidingTackle,54,1
RECYCLER,SlidingTackle,55,1
RECYCLER,SlidingTackle,56,1
RECYCLER,SlidingTackle,57,1
RECYCLER,SlidingTackle,58,1
RECYCLER,SlidingTackle,59,1
RECYCLER,SlidingTackle,60,2
RECYCLER,SlidingTackle,61,2
RECYCLER,SlidingTackle,62,2
RECYCLER,SlidingTackle,63,2
RECYCLER,SlidingTackle,64,3
RECYCLER,SlidingTackle,65,3
RECYCLER,SlidingTackle,66,3
RECYCLER,SlidingTackle,67,3
RECYCLER,SlidingTackle,68,3
RECYCLER,SlidingTackle,69,3
RECYCLER,SlidingTackle,70,4
RECYCLER,SlidingTackle,71,4
RECYCLER,SlidingTackle,72,4
RECYCLER,SlidingTackle,73,4
RECYCLER,SlidingTackle,74,4
RECYCLER,SlidingTackle,75,6
RECYCLER,SlidingTackle,76,6
RECYCLER,SlidingTackle,77,6
RECYCLER,SlidingTackle,78,6
RECYCLER,SlidingTackle,79,6
RECYCLER,SlidingTackle,80,7
RECYCLER,SlidingTackle,81,7
RECYCLER,SlidingTackle,82,7
RECYCLER,SlidingTackle,83,7
RECYCLER,SlidingTackle,84,7
RECYCLER,SlidingTackle,85,11
RECYCLER,SlidingTackle,86,11
RECYCLER,SlidingTackle,87,11
RECYCLER,SlidingTackle,88,11
RECYCLER,SlidingTackle,89,11
RECYCLER,SlidingTackle,90,15
RECYCLER,SlidingTackle,91,15
RECYCLER,SlidingTackle,92,15
RECYCLER,SlidingTackle,93,15
RECYCLER,SlidingTackle,94,15
RECYCLER,SlidingTackle,95,18
RECYCLER,SlidingTackle,96,22
RECYCLER,SlidingTackle,97,26
RECYCLER,SlidingTackle,98,30
RECYCLER,SlidingTackle,99,33
RECYCLER,Jumping,40,1
RECYCLER,Jumping,41,1
RECYCLER,Jumping,42,1
RECYCLER,Jumping,43,1
RECYCLER,Jumping,44,1
RECYCLER,Jumping,45,1
RECYCLER,Jumping,46,1
RECYCLER,Jumping,47,1
RECYCLER,Jumping,48,1
RECYCLER,Jumping,49,1
RECYCLER,Jumping,50,1
RECYCLER,Jumping,51,1
RECYCLER,Jumping,52,1
RECYCLER,Jumping,53,1
RECYCLER,Jumping,54,1
RECYCLER,Jumping,55,1
RECYCLER,Jumping,56,1
RECYCLER,Jumping,57,1
RECYCLER,Jumping,58,1
RECYCLER,Jumping,59,1
RECYCLER,Jumping,60,1
RECYCLER,Jumping,61,1
RECYCLER,Jumping,62,1
RECYCLER,Jumping,63,1
RECYCLER,Jumping,64,2
RECYCLER,Jumping,65,2
RECYCLER,Jumping,66,2
RECYCLER,Jumping,67,2
RECYCLER,Jumping,68,2
RECYCLER,Jumping,69,2
RECYCLER,Jumping,70,3
RECYCLER,Jumping,71,3
RECYCLER,Jumping,72,3
RECYCLER,Jumping,73,3
RECYCLER,Jumping,74,3
RECYCLER,Jumping,75,4
RECYCLER,Jumping,76,4
RECYCLER,Jumping,77,4
RECYCLER,Jumping,78,4
RECYCLER,Jumping,79,4
RECYCLER,Jumping,80,5
RECYCLER,Jumping,81,5
RECYCLER,Jumping,82,5
RECYCLER,Jumping,83,5
RECYCLER,Jumping,84,5
RECYCLER,Jumping,85,8
RECYCLER,Jumping,86,8
RECYCLER,Jumping,87,8
RECYCLER,Jumping,88,8
RECYCLER,Jumping,89,8
RECYCLER,Jumping,90,11
RECYCLER,Jumping,91,11
RECYCLER,Jumping,92,11
RECYCLER,Jumping,93,11
RECYCLER,Jumping,94,11
RECYCLER,Jumping,95,13
RECYCLER,Jumping,96,16
RECYCLER,Jumping,97,19
RECYCLER,Jumping,98,22
RECYCLER,Jumping,99,24
RECYCLER,Stamina,40,1
RECYCLER,Stamina,41,1
RECYCLER,Stamina,42,1
RECYCLER,Stamina,43,1
RECYCLER,Stamina,44,1
RECYCLER,Stamina,45,1
RECYCLER,Stamina,46,1
RECYCLER,Stamina,47,1
RECYCLER,Stamina,48,1
RECYCLER,Stamina,49,1
RECYCLER,Stamina,50,1
RECYCLER,Stamina,51,1
RECYCLER,Stamina,52,1
RECYCLER,Stamina,53,1
RECYCLER,Stamina,54,1
RECYCLER,Stamina,55,1
RECYCLER,Stamina,56,1
RECYCLER,Stamina,57,1
RECYCLER,Stamina,58,1
RECYCLER,Stamina,59,1
RECYCLER,Stamina,60,1
RECYCLER,Stamina,61,1
RECYCLER,Stamina,62,1
RECYCLER,Stamina,63,1
RECYCLER,Stamina,64,2
RECYCLER,Stamina,65,2
RECYCLER,Stamina,66,2
RECYCLER,Stamina,67,2
RECYCLER,Stamina,68,2
RECYCLER,Stamina,69,2
RECYCLER,Stamina,70,3
RECYCLER,Stamina,71,3
RECYCLER,Stamina,72,3
RECYCLER,Stamina,73,3
RECYCLER,Stamina,74,3
RECYCLER,Stamina,75,4
RECYCLER,Stamina,76,4
RECYCLER,Stamina,77,4
RECYCLER,Stamina,78,4
RECYCLER,Stamina,79,4
RECYCLER,Stamina,80,5
RECYCLER,Stamina,81,5
RECYCLER,Stamina,82,5
RECYCLER,Stamina,83,5
RECYCLER,Stamina,84,5
RECYCLER,Stamina,85,8
RECYCLER,Stamina,86,8
RECYCLER,Stamina,87,8
RECYCLER,Stamina,88,8
RECYCLER,Stamina,89,8
RECYCLER,Stamina,90,11
RECYCLER,Stamina,91,11
RECYCLER,Stamina,92,11
RECYCLER,Stamina,93,11
RECYCLER,Stamina,94,11
RECYCLER,Stamina,95,13
RECYCLER,Stamina,96,16
RECYCLER,Stamina,97,19
RECYCLER,Stamina,98,22
RECYCLER,Stamina,99,24
RECYCLER,Strength,40,1
RECYCLER,Strength,41,1
RECYCLER,Strength,42,1
RECYCLER,Strength,43,1
RECYCLER,Strength,44,1
RECYCLER,Strength,45,1
RECYCLER,Strength,46,1
RECYCLER,Strength,47,1
RECYCLER,Strength,48,1
RECYCLER,Strength,49,1
RECYCLER,Strength,50,1
RECYCLER,Strength,51,1
RECYCLER,Strength,52,1
RECYCLER,Strength,53,1
RECYCLER,Strength,54,1
RECYCLER,Strength,55,1
RECYCLER,Strength,56,1
RECYCLER,Strength,57,1
RECYCLER,Strength,58,1
RECYCLER,Strength,59,1
RECYCLER,Strength,60,1
RECYCLER,Strength,61,1
RECYCLER,Strength,62,1
RECYCLER,Strength,63,1
RECYCLER,Strength,64,2
RECYCLER,Strength,65,2
RECYCLER,Strength,66,2
RECYCLER,Strength,67,2
RECYCLER,Strength,68,2
RECYCLER,Strength,69,2
RECYCLER,Strength,70,3
RECYCLER,Strength,71,3
RECYCLER,Strength,72,3
RECYCLER,Strength,73,3
RECYCLER,Strength,74,3
RECYCLER,Strength,75,4
RECYCLER,Strength,76,4
RECYCLER,Strength,77,4
RECYCLER,Strength,78,4
RECYCLER,Strength,79,4
RECYCLER,Strength,80,5
RECYCLER,Strength,81,5
RECYCLER,Strength,82,5
RECYCLER,Strength,83,5
RECYCLER,Strength,84,5
RECYCLER,Strength,85,8
RECYCLER,Strength,86,8
RECYCLER,Strength,87,8
RECYCLER,Strength,88,8
RECYCLER,Strength,89,8
RECYCLER,Strength,90,11
RECYCLER,Strength,91,11
RECYCLER,Strength,92,11
RECYCLER,Strength,93,11
RECYCLER,Strength,94,11
RECYCLER,Strength,95,13
RECYCLER,Strength,96,16
RECYCLER,Strength,97,19
RECYCLER,Strength,98,22
RECYCLER,Strength,99,24
RECYCLER,Aggression,40,1
RECYCLER,Aggression,41,1
RECYCLER,Aggression,42,1
RECYCLER,Aggression,43,1
RECYCLER,Aggression,44,1
RECYCLER,Aggression,45,1
RECYCLER,Aggression,46,1
RECYCLER,Aggression,47,1
RECYCLER,Aggression,48,1
RECYCLER,Aggression,49,1
RECYCLER,Aggression,50,1
RECYCLER,Aggression,51,1
RECYCLER,Aggression,52,1
RECYCLER,Aggression,53,1
RECYCLER,Aggression,54,1
RECYCLER,Aggression,55,1
RECYCLER,Aggression,56,1
RECYCLER,Aggression,57,1
RECYCLER,Aggression,58,1
RECYCLER,Aggression,59,1
RECYCLER,Aggression,60,1
RECYCLER,Aggression,61,1
RECYCLER,Aggression,62,1
RECYCLER,Aggression,63,1
RECYCLER,Aggression,64,2
RECYCLER,Aggression,65,2
RECYCLER,Aggression,66,2
RECYCLER,Aggression,67,2
RECYCLER,Aggression,68,2
RECYCLER,Aggression,69,2
RECYCLER,Aggression,70,3
RECYCLER,Aggression,71,3
RECYCLER,Aggression,72,3
RECYCLER,Aggression,73,3
RECYCLER,Aggression,74,3
RECYCLER,Aggression,75,4
RECYCLER,Aggression,76,4
RECYCLER,Aggression,77,4
RECYCLER,Aggression,78,4
RECYCLER,Aggression,79,4
RECYCLER,Aggression,80,5
RECYCLER,Aggression,81,5
RECYCLER,Aggression,82,5
RECYCLER,Aggression,83,5
RECYCLER,Aggression,84,5
RECYCLER,Aggression,85,8
RECYCLER,Aggression,86,8
RECYCLER,Aggression,87,8
RECYCLER,Aggression,88,8
RECYCLER,Aggression,89,8
RECYCLER,Aggression,90,11
RECYCLER,Aggression,91,11
RECYCLER,Aggression,92,11
RECYCLER,Aggression,93,11
RECYCLER,Aggression,94,11
RECYCLER,Aggression,95,13
RECYCLER,Aggression,96,16
RECYCLER,Aggression,97,19
RECYCLER,Aggression,98,22
RECYCLER,Aggression,99,24
MAESTRO,Acceleration,40,2
MAESTRO,Acceleration,41,2
MAESTRO,Acceleration,42,2
MAESTRO,Acceleration,43,2
MAESTRO,Acceleration,44,2
MAESTRO,Acceleration,45,2
MAESTRO,Acceleration,46,2
MAESTRO,Acceleration,47,2
MAESTRO,Acceleration,48,2
MAESTRO,Acceleration,49,2
MAESTRO,Acceleration,50,2
MAESTRO,Acceleration,51,2
MAESTRO,Acceleration,52,2
MAESTRO,Acceleration,53,2
MAESTRO,Acceleration,54,2
MAESTRO,Acceleration,55,2
MAESTRO,Acceleration,56,2
MAESTRO,Acceleration,57,2
MAESTRO,Acceleration,58,2
MAESTRO,Acceleration,59,2
MAESTRO,Acceleration,60,3
MAESTRO,Acceleration,61,3
MAESTRO,Acceleration,62,3
MAESTRO,Acceleration,63,3
MAESTRO,Acceleration,64,4
MAESTRO,Acceleration,65,4
MAESTRO,Acceleration,66,4
MAESTRO,Acceleration,67,5
MAESTRO,Acceleration,68,5
MAESTRO,Acceleration,69,5
MAESTRO,Acceleration,70,6
MAESTRO,Acceleration,71,6
MAESTRO,Acceleration,72,6
MAESTRO,Acceleration,73,6
MAESTRO,Acceleration,74,6
MAESTRO,Acceleration,75,8
MAESTRO,Acceleration,76,8
MAESTRO,Acceleration,77,8
MAESTRO,Acceleration,78,8
MAESTRO,Acceleration,79,8
MAESTRO,Acceleration,80,10
MAESTRO,Acceleration,81,10
MAESTRO,Acceleration,82,10
MAESTRO,Acceleration,83,10
MAESTRO,Acceleration,84,10
MAESTRO,Acceleration,85,15
MAESTRO,Acceleration,86,15
MAESTRO,Acceleration,87,15
MAESTRO,Acceleration,88,15
MAESTRO,Acceleration,89,15
MAESTRO,Acceleration,90,20
MAESTRO,Acceleration,91,20
MAESTRO,Acceleration,92,20
MAESTRO,Acceleration,93,20
MAESTRO,Acceleration,94,20
MAESTRO,Acceleration,95,25
MAESTRO,Acceleration,96,30
MAESTRO,Acceleration,97,35
MAESTRO,Acceleration,98,40
MAESTRO,Acceleration,99,45
MAESTRO,SprintSpeed,40,2
MAESTRO,SprintSpeed,41,2
MAESTRO,SprintSpeed,42,2
MAESTRO,SprintSpeed,43,2
MAESTRO,SprintSpeed,44,2
MAESTRO,SprintSpeed,45,2
MAESTRO,SprintSpeed,46,2
MAESTRO,SprintSpeed,47,2
MAESTRO,SprintSpeed,48,2
MAESTRO,SprintSpeed,49,2
MAESTRO,SprintSpeed,50,2
MAESTRO,SprintSpeed,51,2
MAESTRO,SprintSpeed,52,2
MAESTRO,SprintSpeed,53,2
MAESTRO,SprintSpeed,54,2
MAESTRO,SprintSpeed,55,2
MAESTRO,SprintSpeed,56,2
MAESTRO,SprintSpeed,57,2
MAESTRO,SprintSpeed,58,2
MAESTRO,SprintSpeed,59,2
MAESTRO,SprintSpeed,60,3
MAESTRO,SprintSpeed,61,3
MAESTRO,SprintSpeed,62,3
MAESTRO,SprintSpeed,63,3
MAESTRO,SprintSpeed,64,4
MAESTRO,SprintSpeed,65,4
MAESTRO,SprintSpeed,66,4
MAESTRO,SprintSpeed,67,5
MAESTRO,SprintSpeed,68,5
MAESTRO,SprintSpeed,69,5
MAESTRO,SprintSpeed,70,6
MAESTRO,SprintSpeed,71,6
MAESTRO,SprintSpeed,72,6
MAESTRO,SprintSpeed,73,6
MAESTRO,SprintSpeed,74,6
MAESTRO,SprintSpeed,75,8
MAESTRO,SprintSpeed,76,8
MAESTRO,SprintSpeed,77,8
MAESTRO,SprintSpeed,78,8
MAESTRO,SprintSpeed,79,8
MAESTRO,SprintSpeed,80,10
MAESTRO,SprintSpeed,81,10
MAESTRO,SprintSpeed,82,10
MAESTRO,SprintSpeed,83,10
MAESTRO,SprintSpeed,84,10
MAESTRO,SprintSpeed,85,15
MAESTRO,SprintSpeed,86,15
MAESTRO,SprintSpeed,87,15
MAESTRO,SprintSpeed,88,15
MAESTRO,SprintSpeed,89,15
MAESTRO,SprintSpeed,90,20
MAESTRO,SprintSpeed,91,20
MAESTRO,SprintSpeed,92,20
MAESTRO,SprintSpeed,93,20
MAESTRO,SprintSpeed,94,20
MAESTRO,SprintSpeed,95,25
MAESTRO,SprintSpeed,96,30
MAESTRO,SprintSpeed,97,35
MAESTRO,SprintSpeed,98,40
MAESTRO,SprintSpeed,99,45
MAESTRO,AttackPositioning,40,1
MAESTRO,AttackPositioning,41,1
MAESTRO,AttackPositioning,42,1
MAESTRO,AttackPositioning,43,1
MAESTRO,AttackPositioning,44,1
MAESTRO,AttackPositioning,45,1
MAESTRO,AttackPositioning,46,1
MAESTRO,AttackPositioning,47,1
MAESTRO,AttackPositioning,48,1
MAESTRO,AttackPositioning,49,1
MAESTRO,AttackPositioning,50,1
MAESTRO,AttackPositioning,51,1
MAESTRO,AttackPositioning,52,1
MAESTRO,AttackPositioning,53,1
MAESTRO,AttackPositioning,54,1
MAESTRO,AttackPositioning,55,1
MAESTRO,AttackPositioning,56,1
MAESTRO,AttackPositioning,57,1
MAESTRO,AttackPositioning,58,1
MAESTRO,AttackPositioning,59,1
MAESTRO,AttackPositioning,60,1
MAESTRO,AttackPositioning,61,1
MAESTRO,AttackPositioning,62,1
MAESTRO,AttackPositioning,63,1
MAESTRO,AttackPositioning,64,2
MAESTRO,AttackPositioning,65,2
MAESTRO,AttackPositioning,66,2
MAESTRO,AttackPositioning,67,2
MAESTRO,AttackPositioning,68,2
MAESTRO,AttackPositioning,69,2
MAESTRO,AttackPositioning,70,3
MAESTRO,AttackPositioning,71,3
MAESTRO,AttackPositioning,72,3
MAESTRO,AttackPositioning,73,3
MAESTRO,AttackPositioning,74,3
MAESTRO,AttackPositioning,75,4
MAESTRO,AttackPositioning,76,4
MAESTRO,AttackPositioning,77,4
MAESTRO,AttackPositioning,78,4
MAESTRO,AttackPositioning,79,4
MAESTRO,AttackPositioning,80,5
MAESTRO,AttackPositioning,81,5
MAESTRO,AttackPositioning,82,5
MAESTRO,AttackPositioning,83,5
MAESTRO,AttackPositioning,84,5
MAESTRO,AttackPositioning,85,8
MAESTRO,AttackPositioning,86,8
MAESTRO,AttackPositioning,87,8
MAESTRO,AttackPositioning,88,8
MAESTRO,AttackPositioning,89,8
MAESTRO,AttackPositioning,90,11
MAESTRO,AttackPositioning,91,11
MAESTRO,AttackPositioning,92,11
MAESTRO,AttackPositioning,93,11
MAESTRO,AttackPositioning,94,11
MAESTRO,AttackPositioning,95,13
MAESTRO,AttackPositioning,96,16
MAESTRO,AttackPositioning,97,19
MAESTRO,AttackPositioning,98,22
MAESTRO,AttackPositioning,99,24
MAESTRO,Finishing,40,2
MAESTRO,Finishing,41,2
MAESTRO,Finishing,42,2
MAESTRO,Finishing,43,2
MAESTRO,Finishing,44,2
MAESTRO,Finishing,45,2
MAESTRO,Finishing,46,2
MAESTRO,Finishing,47,2
MAESTRO,Finishing,48,2
MAESTRO,Finishing,49,2
MAESTRO,Finishing,50,2
MAESTRO,Finishing,51,2
MAESTRO,Finishing,52,2
MAESTRO,Finishing,53,2
MAESTRO,Finishing,54,2
MAESTRO,Finishing,55,2
MAESTRO,Finishing,56,2
MAESTRO,Finishing,57,2
MAESTRO,Finishing,58,2
MAESTRO,Finishing,59,2
MAESTRO,Finishing,60,3
MAESTRO,Finishing,61,3
MAESTRO,Finishing,62,3
MAESTRO,Finishing,63,3
MAESTRO,Finishing,64,4
MAESTRO,Finishing,65,4
MAESTRO,Finishing,66,4
MAESTRO,Finishing,67,5
MAESTRO,Finishing,68,5
MAESTRO,Finishing,69,5
MAESTRO,Finishing,70,6
MAESTRO,Finishing,71,6
MAESTRO,Finishing,72,6
MAESTRO,Finishing,73,6
MAESTRO,Finishing,74,6
MAESTRO,Finishing,75,8
MAESTRO,Finishing,76,8
MAESTRO,Finishing,77,8
MAESTRO,Finishing,78,8
MAESTRO,Finishing,79,8
MAESTRO,Finishing,80,10
MAESTRO,Finishing,81,10
MAESTRO,Finishing,82,10
MAESTRO,Finishing,83,10
MAESTRO,Finishing,84,10
MAESTRO,Finishing,85,15
MAESTRO,Finishing,86,15
MAESTRO,Finishing,87,15
MAESTRO,Finishing,88,15
MAESTRO,Finishing,89,15
MAESTRO,Finishing,90,20
MAESTRO,Finishing,91,20
MAESTRO,Finishing,92,20
MAESTRO,Finishing,93,20
MAESTRO,Finishing,94,20
MAESTRO,Finishing,95,25
MAESTRO,Finishing,96,30
MAESTRO,Finishing,97,35
MAESTRO,Finishing,98,40
MAESTRO,Finishing,99,45
MAESTRO,ShotPower,40,1
MAESTRO,ShotPower,41,1
MAESTRO,ShotPower,42,1
MAESTRO,ShotPower,43,1
MAESTRO,ShotPower,44,1
MAESTRO,ShotPower,45,1
MAESTRO,ShotPower,46,1
MAESTRO,ShotPower,47,1
MAESTRO,ShotPower,48,1
MAESTRO,ShotPower,49,1
MAESTRO,ShotPower,50,1
MAESTRO,ShotPower,51,1
MAESTRO,ShotPower,52,1
MAESTRO,ShotPower,53,1
MAESTRO,ShotPower,54,1
MAESTRO,ShotPower,55,1
MAESTRO,ShotPower,56,1
MAESTRO,ShotPower,57,1
MAESTRO,ShotPower,58,1
MAESTRO,ShotPower,59,1
MAESTRO,ShotPower,60,2
MAESTRO,ShotPower,61,2
MAESTRO,ShotPower,62,2
MAESTRO,ShotPower,63,2
MAESTRO,ShotPower,64,3
MAESTRO,ShotPower,65,3
MAESTRO,ShotPower,66,3
MAESTRO,ShotPower,67,3
MAESTRO,ShotPower,68,3
MAESTRO,ShotPower,69,3
MAESTRO,ShotPower,70,4
MAESTRO,ShotPower,71,4
MAESTRO,ShotPower,72,4
MAESTRO,ShotPower,73,4
MAESTRO,ShotPower,74,4
MAESTRO,ShotPower,75,6
MAESTRO,ShotPower,76,6
MAESTRO,ShotPower,77,6
MAESTRO,ShotPower,78,6
MAESTRO,ShotPower,79,6
MAESTRO,ShotPower,80,7
MAESTRO,ShotPower,81,7
MAESTRO,ShotPower,82,7
MAESTRO,ShotPower,83,7
MAESTRO,ShotPower,84,7
MAESTRO,ShotPower,85,11
MAESTRO,ShotPower,86,11
MAESTRO,ShotPower,87,11
MAESTRO,ShotPower,88,11
MAESTRO,ShotPower,89,11
MAESTRO,ShotPower,90,15
MAESTRO,ShotPower,91,15
MAESTRO,ShotPower,92,15
MAESTRO,ShotPower,93,15
MAESTRO,ShotPower,94,15
MAESTRO,ShotPower,95,18
MAESTRO,ShotPower,96,22
MAESTRO,ShotPower,97,26
MAESTRO,ShotPower,98,30
MAESTRO,ShotPower,99,33
MAESTRO,LongShots,40,1
MAESTRO,LongShots,41,1
MAESTRO,LongShots,42,1
MAESTRO,LongShots,43,1
MAESTRO,LongShots,44,1
MAESTRO,LongShots,45,1
MAESTRO,LongShots,46,1
MAESTRO,LongShots,47,1
MAESTRO,LongShots,48,1
MAESTRO,LongShots,49,1
MAESTRO,LongShots,50,1
MAESTRO,LongShots,51,1
MAESTRO,LongShots,52,1
MAESTRO,LongShots,53,1
MAESTRO,LongShots,54,1
MAESTRO,LongShots,55,1
MAESTRO,LongShots,56,1
MAESTRO,LongShots,57,1
MAESTRO,LongShots,58,1
MAESTRO,LongShots,59,1
MAESTRO,LongShots,60,2
MAESTRO,LongShots,61,2
MAESTRO,LongShots,62,2
MAESTRO,LongShots,63,2
MAESTRO,LongShots,64,3
MAESTRO,LongShots,65,3
MAESTRO,LongShots,66,3
MAESTRO,LongShots,67,3
MAESTRO,LongShots,68,3
MAESTRO,LongShots,69,3
MAESTRO,LongShots,70,4
MAESTRO,LongShots,71,4
MAESTRO,LongShots,72,4
MAESTRO,LongShots,73,4
MAESTRO,LongShots,74,4
MAESTRO,LongShots,75,6
MAESTRO,LongShots,76,6
MAESTRO,LongShots,77,6
MAESTRO,LongShots,78,6
MAESTRO,LongShots,79,6
MAESTRO,LongShots,80,7
MAESTRO,LongShots,81,7
MAESTRO,LongShots,82,7
MAESTRO,LongShots,83,7
MAESTRO,LongShots,84,7
MAESTRO,LongShots,85,11
MAESTRO,LongShots,86,11
MAESTRO,LongShots,87,11
MAESTRO,LongShots,88,11
MAESTRO,LongShots,89,11
MAESTRO,LongShots,90,15
MAESTRO,LongShots,91,15
MAESTRO,LongShots,92,15
MAESTRO,LongShots,93,15
MAESTRO,LongShots,94,15
MAESTRO,LongShots,95,18
MAESTRO,LongShots,96,22
MAESTRO,LongShots,97,26
MAESTRO,LongShots,98,30
MAESTRO,LongShots,99,33
MAESTRO,Volleys,40,1
MAESTRO,Volleys,41,1
MAESTRO,Volleys,42,1
MAESTRO,Volleys,43,1
MAESTRO,Volleys,44,1
MAESTRO,Volleys,45,1
MAESTRO,Volleys,46,1
MAESTRO,Volleys,47,1
MAESTRO,Volleys,48,1
MAESTRO,Volleys,49,1
MAESTRO,Volleys,50,1
MAESTRO,Volleys,51,1
MAESTRO,Volleys,52,1
MAESTRO,Volleys,53,1
MAESTRO,Volleys,54,1
MAESTRO,Volleys,55,1
MAESTRO,Volleys,56,1
MAESTRO,Volleys,57,1
MAESTRO,Volleys,58,1
MAESTRO,Volleys,59,1
MAESTRO,Volleys,60,1
MAESTRO,Volleys,61,1
MAESTRO,Volleys,62,1
MAESTRO,Volleys,63,1
MAESTRO,Volleys,64,2
MAESTRO,Volleys,65,2
MAESTRO,Volleys,66,2
MAESTRO,Volleys,67,2
MAESTRO,Volleys,68,2
MAESTRO,Volleys,69,2
MAESTRO,Volleys,70,3
MAESTRO,Volleys,71,3
MAESTRO,Volleys,72,3
MAESTRO,Volleys,73,3
MAESTRO,Volleys,74,3
MAESTRO,Volleys,75,4
MAESTRO,Volleys,76,4
MAESTRO,Volleys,77,4
MAESTRO,Volleys,78,4
MAESTRO,Volleys,79,4
MAESTRO,Volleys,80,5
MAESTRO,Volleys,81,5
MAESTRO,Volleys,82,5
MAESTRO,Volleys,83,5
MAESTRO,Volleys,84,5
MAESTRO,Volleys,85,8
MAESTRO,Volleys,86,8
MAESTRO,Volleys,87,8
MAESTRO,Volleys,88,8
MAESTRO,Volleys,89,8
MAESTRO,Volleys,90,11
MAESTRO,Volleys,91,11
MAESTRO,Volleys,92,11
MAESTRO,Volleys,93,11
MAESTRO,Volleys,94,11
MAESTRO,Volleys,95,13
MAESTRO,Volleys,96,16
MAESTRO,Volleys,97,19
MAESTRO,Volleys,98,22
MAESTRO,Volleys,99,24
MAESTRO,Penalties,40,1
MAESTRO,Penalties,41,1
MAESTRO,Penalties,42,1
MAESTRO,Penalties,43,1
MAESTRO,Penalties,44,1
MAESTRO,Penalties,45,1
MAESTRO,Penalties,46,1
MAESTRO,Penalties,47,1
MAESTRO,Penalties,48,1
MAESTRO,Penalties,49,1
MAESTRO,Penalties,50,1
MAESTRO,Penalties,51,1
MAESTRO,Penalties,52,1
MAESTRO,Penalties,53,1
MAESTRO,Penalties,54,1
MAESTRO,Penalties,55,1
MAESTRO,Penalties,56,1
MAESTRO,Penalties,57,1
MAESTRO,Penalties,58,1
MAESTRO,Penalties,59,1
MAESTRO,Penalties,60,1
MAESTRO,Penalties,61,1
MAESTRO,Penalties,62,1
MAESTRO,Penalties,63,1
MAESTRO,Penalties,64,2
MAESTRO,Penalties,65,2
MAESTRO,Penalties,66,2
MAESTRO,Penalties,67,2
MAESTRO,Penalties,68,2
MAESTRO,Penalties,69,2
MAESTRO,Penalties,70,3
MAESTRO,Penalties,71,3
MAESTRO,Penalties,72,3
MAESTRO,Penalties,73,3
MAESTRO,Penalties,74,3
MAESTRO,Penalties,75,4
MAESTRO,Penalties,76,4
MAESTRO,Penalties,77,4
MAESTRO,Penalties,78,4
MAESTRO,Penalties,79,4
MAESTRO,Penalties,80,5
MAESTRO,Penalties,81,5
MAESTRO,Penalties,82,5
MAESTRO,Penalties,83,5
MAESTRO,Penalties,84,5
MAESTRO,Penalties,85,8
MAESTRO,Penalties,86,8
MAESTRO,Penalties,87,8
MAESTRO,Penalties,88,8
MAESTRO,Penalties,89,8
MAESTRO,Penalties,90,11
MAESTRO,Penalties,91,11
MAESTRO,Penalties,92,11
MAESTRO,Penalties,93,11
MAESTRO,Penalties,94,11
MAESTRO,Penalties,95,13
MAESTRO,Penalties,96,16
MAESTRO,Penalties,97,19
MAESTRO,Penalties,98,22
MAESTRO,Penalties,99,24
MAESTRO,Vision,40,1
MAESTRO,Vision,41,1
MAESTRO,Vision,42,1
MAESTRO,Vision,43,1
MAESTRO,Vision,44,1
MAESTRO,Vision,45,1
MAESTRO,Vision,46,1
MAESTRO,Vision,47,1
MAESTRO,Vision,48,1
MAESTRO,Vision,49,1
MAESTRO,Vision,50,1
MAESTRO,Vision,51,1
MAESTRO,Vision,52,1
MAESTRO,Vision,53,1
MAESTRO,Vision,54,1
MAESTRO,Vision,55,1
MAESTRO,Vision,56,1
MAESTRO,Vision,57,1
MAESTRO,Vision,58,1
MAESTRO,Vision,59,1
MAESTRO,Vision,60,1
MAESTRO,Vision,61,1
MAESTRO,Vision,62,1
MAESTRO,Vision,63,1
MAESTRO,Vision,64,2
MAESTRO,Vision,65,2
MAESTRO,Vision,66,2
MAESTRO,Vision,67,2
MAESTRO,Vision,68,2
MAESTRO,Vision,69,2
MAESTRO,Vision,70,3
MAESTRO,Vision,71,3
MAESTRO,Vision,72,3
MAESTRO,Vision,73,3
MAESTRO,Vision,74,3
MAESTRO,Vision,75,4
MAESTRO,Vision,76,4
MAESTRO,Vision,77,4
MAESTRO,Vision,78,4
MAESTRO,Vision,79,4
MAESTRO,Vision,80,5
MAESTRO,Vision,81,5
MAESTRO,Vision,82,5
MAESTRO,Vision,83,5
MAESTRO,Vision,84,5
MAESTRO,Vision,85,8
MAESTRO,Vision,86,8
MAESTRO,Vision,87,8
MAESTRO,Vision,88,8
MAESTRO,Vision,89,8
MAESTRO,Vision,90,11
MAESTRO,Vision,91,11
MAESTRO,Vision,92,11
MAESTRO,Vision,93,11
MAESTRO,Vision,94,11
MAESTRO,Vision,95,13
MAESTRO,Vision,96,16
MAESTRO,Vision,97,19
MAESTRO,Vision,98,22
MAESTRO,Vision,99,24
MAESTRO,Crossing,40,1
MAESTRO,Crossing,41,1
MAESTRO,Crossing,42,1
MAESTRO,Crossing,43,1
MAESTRO,Crossing,44,1
MAESTRO,Crossing,45,1
MAESTRO,Crossing,46,1
MAESTRO,Crossing,47,1
MAESTRO,Crossing,48,1
MAESTRO,Crossing,49,1
MAESTRO,Crossing,50,1
MAESTRO,Crossing,51,1
MAESTRO,Crossing,52,1
MAESTRO,Crossing,53,1
MAESTRO,Crossing,54,1
MAESTRO,Crossing,55,1
MAESTRO,Crossing,56,1
MAESTRO,Crossing,57,1
MAESTRO,Crossing,58,1
MAESTRO,Crossing,59,1
MAESTRO,Crossing,60,2
MAESTRO,Crossing,61,2
MAESTRO,Crossing,62,2
MAESTRO,Crossing,63,2
MAESTRO,Crossing,64,3
MAESTRO,Crossing,65,3
MAESTRO,Crossing,66,3
MAESTRO,Crossing,67,3
MAESTRO,Crossing,68,3
MAESTRO,Crossing,69,3
MAESTRO,Crossing,70,4
MAESTRO,Crossing,71,4
MAESTRO,Crossing,72,4
MAESTRO,Crossing,73,4
MAESTRO,Crossing,74,4
MAESTRO,Crossing,75,6
MAESTRO,Crossing,76,6
MAESTRO,Crossing,77,6
MAESTRO,Crossing,78,6
MAESTRO,Crossing,79,6
MAESTRO,Crossing,80,7
MAESTRO,Crossing,81,7
MAESTRO,Crossing,82,7
MAESTRO,Crossing,83,7
MAESTRO,Crossing,84,7
MAESTRO,Crossing,85,11
MAESTRO,Crossing,86,11
MAESTRO,Crossing,87,11
MAESTRO,Crossing,88,11
MAESTRO,Crossing,89,11
MAESTRO,Crossing,90,15
MAESTRO,Crossing,91,15
MAESTRO,Crossing,92,15
MAESTRO,Crossing,93,15
MAESTRO,Crossing,94,15
MAESTRO,Crossing,95,18
MAESTRO,Crossing,96,22
MAESTRO,Crossing,97,26
MAESTRO,Crossing,98,30
MAESTRO,Crossing,99,33
MAESTRO,FKAccuracy,40,1
MAESTRO,FKAccuracy,41,1
MAESTRO,FKAccuracy,42,1
MAESTRO,FKAccuracy,43,1
MAESTRO,FKAccuracy,44,1
MAESTRO,FKAccuracy,45,1
MAESTRO,FKAccuracy,46,1
MAESTRO,FKAccuracy,47,1
MAESTRO,FKAccuracy,48,1
MAESTRO,FKAccuracy,49,1
MAESTRO,FKAccuracy,50,1
MAESTRO,FKAccuracy,51,1
MAESTRO,FKAccuracy,52,1
MAESTRO,FKAccuracy,53,1
MAESTRO,FKAccuracy,54,1
MAESTRO,FKAccuracy,55,1
MAESTRO,FKAccuracy,56,1
MAESTRO,FKAccuracy,57,1
MAESTRO,FKAccuracy,58,1
MAESTRO,FKAccuracy,59,1
MAESTRO,FKAccuracy,60,1
MAESTRO,FKAccuracy,61,1
MAESTRO,FKAccuracy,62,1
MAESTRO,FKAccuracy,63,1
MAESTRO,FKAccuracy,64,2
MAESTRO,FKAccuracy,65,2
MAESTRO,FKAccuracy,66,2
MAESTRO,FKAccuracy,67,2
MAESTRO,FKAccuracy,68,2
MAESTRO,FKAccuracy,69,2
MAESTRO,FKAccuracy,70,3
MAESTRO,FKAccuracy,71,3
MAESTRO,FKAccuracy,72,3
MAESTRO,FKAccuracy,73,3
MAESTRO,FKAccuracy,74,3
MAESTRO,FKAccuracy,75,4
MAESTRO,FKAccuracy,76,4
MAESTRO,FKAccuracy,77,4
MAESTRO,FKAccuracy,78,4
MAESTRO,FKAccuracy,79,4
MAESTRO,FKAccuracy,80,5
MAESTRO,FKAccuracy,81,5
MAESTRO,FKAccuracy,82,5
MAESTRO,FKAccuracy,83,5
MAESTRO,FKAccuracy,84,5
MAESTRO,FKAccuracy,85,8
MAESTRO,FKAccuracy,86,8
MAESTRO,FKAccuracy,87,8
MAESTRO,FKAccuracy,88,8
MAESTRO,FKAccuracy,89,8
MAESTRO,FKAccuracy,90,11
MAESTRO,FKAccuracy,91,11
MAESTRO,FKAccuracy,92,11
MAESTRO,FKAccuracy,93,11
MAESTRO,FKAccuracy,94,11
MAESTRO,FKAccuracy,95,13
MAESTRO,FKAccuracy,96,16
MAESTRO,FKAccuracy,97,19
MAESTRO,FKAccuracy,98,22
MAESTRO,FKAccuracy,99,24
MAESTRO,ShortPassing,40,2
MAESTRO,ShortPassing,41,2
MAESTRO,ShortPassing,42,2
MAESTRO,ShortPassing,43,2
MAESTRO,ShortPassing,44,2
MAESTRO,ShortPassing,45,2
MAESTRO,ShortPassing,46,2
MAESTRO,ShortPassing,47,2
MAESTRO,ShortPassing,48,2
MAESTRO,ShortPassing,49,2
MAESTRO,ShortPassing,50,2
MAESTRO,ShortPassing,51,2
MAESTRO,ShortPassing,52,2
MAESTRO,ShortPassing,53,2
MAESTRO,ShortPassing,54,2
MAESTRO,ShortPassing,55,2
MAESTRO,ShortPassing,56,2
MAESTRO,ShortPassing,57,2
MAESTRO,ShortPassing,58,2
MAESTRO,ShortPassing,59,2
MAESTRO,ShortPassing,60,3
MAESTRO,ShortPassing,61,3
MAESTRO,ShortPassing,62,3
MAESTRO,ShortPassing,63,3
MAESTRO,ShortPassing,64,4
MAESTRO,ShortPassing,65,4
MAESTRO,ShortPassing,66,4
MAESTRO,ShortPassing,67,5
MAESTRO,ShortPassing,68,5
MAESTRO,ShortPassing,69,5
MAESTRO,ShortPassing,70,6
MAESTRO,ShortPassing,71,6
MAESTRO,ShortPassing,72,6
MAESTRO,ShortPassing,73,6
MAESTRO,ShortPassing,74,6
MAESTRO,ShortPassing,75,8
MAESTRO,ShortPassing,76,8
MAESTRO,ShortPassing,77,8
MAESTRO,ShortPassing,78,8
MAESTRO,ShortPassing,79,8
MAESTRO,ShortPassing,80,10
MAESTRO,ShortPassing,81,10
MAESTRO,ShortPassing,82,10
MAESTRO,ShortPassing,83,10
MAESTRO,ShortPassing,84,10
MAESTRO,ShortPassing,85,15
MAESTRO,ShortPassing,86,15
MAESTRO,ShortPassing,87,15
MAESTRO,ShortPassing,88,15
MAESTRO,ShortPassing,89,15
MAESTRO,ShortPassing,90,20
MAESTRO,ShortPassing,91,20
MAESTRO,ShortPassing,92,20
MAESTRO,ShortPassing,93,20
MAESTRO,ShortPassing,94,20
MAESTRO,ShortPassing,95,25
MAESTRO,ShortPassing,96,30
MAESTRO,ShortPassing,97,35
MAESTRO,ShortPassing,98,40
MAESTRO,ShortPassing,99,45
MAESTRO,LongPassing,40,1
MAESTRO,LongPassing,41,1
MAESTRO,LongPassing,42,1
MAESTRO,LongPassing,43,1
MAESTRO,LongPassing,44,1
MAESTRO,LongPassing,45,1
MAESTRO,LongPassing,46,1
MAESTRO,LongPassing,47,1
MAESTRO,LongPassing,48,1
MAESTRO,LongPassing,49,1
MAESTRO,LongPassing,50,1
MAESTRO,LongPassing,51,1
MAESTRO,LongPassing,52,1
MAESTRO,LongPassing,53,1
MAESTRO,LongPassing,54,1
MAESTRO,LongPassing,55,1
MAESTRO,LongPassing,56,1
MAESTRO,LongPassing,57,1
MAESTRO,LongPassing,58,1
MAESTRO,LongPassing,59,1
MAESTRO,LongPassing,60,1
MAESTRO,LongPassing,61,1
MAESTRO,LongPassing,62,1
MAESTRO,LongPassing,63,1
MAESTRO,LongPassing,64,2
MAESTRO,LongPassing,65,2
MAESTRO,LongPassing,66,2
MAESTRO,LongPassing,67,2
MAESTRO,LongPassing,68,2
MAESTRO,LongPassing,69,2
MAESTRO,LongPassing,70,3
MAESTRO,LongPassing,71,3
MAESTRO,LongPassing,72,3
MAESTRO,LongPassing,73,3
MAESTRO,LongPassing,74,3
MAESTRO,LongPassing,75,4
MAESTRO,LongPassing,76,4
MAESTRO,LongPassing,77,4
MAESTRO,LongPassing,78,4
MAESTRO,LongPassing,79,4
MAESTRO,LongPassing,80,5
MAESTRO,LongPassing,81,5
MAESTRO,LongPassing,82,5
MAESTRO,LongPassing,83,5
MAESTRO,LongPassing,84,5
MAESTRO,LongPassing,85,8
MAESTRO,LongPassing,86,8
MAESTRO,LongPassing,87,8
MAESTRO,LongPassing,88,8
MAESTRO,LongPassing,89,8
MAESTRO,LongPassing,90,11
MAESTRO,LongPassing,91,11
MAESTRO,LongPassing,92,11
MAESTRO,LongPassing,93,11
MAESTRO,LongPassing,94,11
MAESTRO,LongPassing,95,13
MAESTRO,LongPassing,96,16
MAESTRO,LongPassing,97,19
MAESTRO,LongPassing,98,22
MAESTRO,LongPassing,99,24
MAESTRO,Curve,40,1
MAESTRO,Curve,41,1
MAESTRO,Curve,42,1
MAESTRO,Curve,43,1
MAESTRO,Curve,44,1
MAESTRO,Curve,45,1
MAESTRO,Curve,46,1
MAESTRO,Curve,47,1
MAESTRO,Curve,48,1
MAESTRO,Curve,49,1
MAESTRO,Curve,50,1
MAESTRO,Curve,51,1
MAESTRO,Curve,52,1
MAESTRO,Curve,53,1
MAESTRO,Curve,54,1
MAESTRO,Curve,55,1
MAESTRO,Curve,56,1
MAESTRO,Curve,57,1
MAESTRO,Curve,58,1
MAESTRO,Curve,59,1
MAESTRO,Curve,60,1
MAESTRO,Curve,61,1
MAESTRO,Curve,62,1
MAESTRO,Curve,63,1
MAESTRO,Curve,64,2
MAESTRO,Curve,65,2
MAESTRO,Curve,66,2
MAESTRO,Curve,67,2
MAESTRO,Curve,68,2
MAESTRO,Curve,69,2
MAESTRO,Curve,70,3
MAESTRO,Curve,71,3
MAESTRO,Curve,72,3
MAESTRO,Curve,73,3
MAESTRO,Curve,74,3
MAESTRO,Curve,75,4
MAESTRO,Curve,76,4
MAESTRO,Curve,77,4
MAESTRO,Curve,78,4
MAESTRO,Curve,79,4
MAESTRO,Curve,80,5
MAESTRO,Curve,81,5
MAESTRO,Curve,82,5
MAESTRO,Curve,83,5
MAESTRO,Curve,84,5
MAESTRO,Curve,85,8
MAESTRO,Curve,86,8
MAESTRO,Curve,87,8
MAESTRO,Curve,88,8
MAESTRO,Curve,89,8
MAESTRO,Curve,90,11
MAESTRO,Curve,91,11
MAESTRO,Curve,92,11
MAESTRO,Curve,93,11
MAESTRO,Curve,94,11
MAESTRO,Curve,95,13
MAESTRO,Curve,96,16
MAESTRO,Curve,97,19
MAESTRO,Curve,98,22
MAESTRO,Curve,99,24
MAESTRO,Agility,40,2
MAESTRO,Agility,41,2
MAESTRO,Agility,42,2
MAESTRO,Agility,43,2
MAESTRO,Agility,44,2
MAESTRO,Agility,45,2
MAESTRO,Agility,46,2
MAESTRO,Agility,47,2
MAESTRO,Agility,48,2
MAESTRO,Agility,49,2
MAESTRO,Agility,50,2
MAESTRO,Agility,51,2
MAESTRO,Agility,52,2
MAESTRO,Agility,53,2
MAESTRO,Agility,54,2
MAESTRO,Agility,55,2
MAESTRO,Agility,56,2
MAESTRO,Agility,57,2
MAESTRO,Agility,58,2
MAESTRO,Agility,59,2
MAESTRO,Agility,60,3
MAESTRO,Agility,61,3
MAESTRO,Agility,62,3
MAESTRO,Agility,63,3
MAESTRO,Agility,64,4
MAESTRO,Agility,65,4
MAESTRO,Agility,66,4
MAESTRO,Agility,67,5
MAESTRO,Agility,68,5
MAESTRO,Agility,69,5
MAESTRO,Agility,70,6
MAESTRO,Agility,71,6
MAESTRO,Agility,72,6
MAESTRO,Agility,73,6
MAESTRO,Agility,74,6
MAESTRO,Agility,75,8
MAESTRO,Agility,76,8
MAESTRO,Agility,77,8
MAESTRO,Agility,78,8
MAESTRO,Agility,79,8
MAESTRO,Agility,80,10
MAESTRO,Agility,81,10
MAESTRO,Agility,82,10
MAESTRO,Agility,83,10
MAESTRO,Agility,84,10
MAESTRO,Agility,85,15
MAESTRO,Agility,86,15
MAESTRO,Agility,87,15
MAESTRO,Agility,88,15
MAESTRO,Agility,89,15
MAESTRO,Agility,90,20
MAESTRO,Agility,91,20
MAESTRO,Agility,92,20
MAESTRO,Agility,93,20
MAESTRO,Agility,94,20
MAESTRO,Agility,95,25
MAESTRO,Agility,96,30
MAESTRO,Agility,97,35
MAESTRO,Agility,98,40
MAESTRO,Agility,99,45
MAESTRO,Balance,40,1
MAESTRO,Balance,41,1
MAESTRO,Balance,42,1
MAESTRO,Balance,43,1
MAESTRO,Balance,44,1
MAESTRO,Balance,45,1
MAESTRO,Balance,46,1
MAESTRO,Balance,47,1
MAESTRO,Balance,48,1
MAESTRO,Balance,49,1
MAESTRO,Balance,50,1
MAESTRO,Balance,51,1
MAESTRO,Balance,52,1
MAESTRO,Balance,53,1
MAESTRO,Balance,54,1
MAESTRO,Balance,55,1
MAESTRO,Balance,56,1
MAESTRO,Balance,57,1
MAESTRO,Balance,58,1
MAESTRO,Balance,59,1
MAESTRO,Balance,60,2
MAESTRO,Balance,61,2
MAESTRO,Balance,62,2
MAESTRO,Balance,63,2
MAESTRO,Balance,64,3
MAESTRO,Balance,65,3
MAESTRO,Balance,66,3
MAESTRO,Balance,67,3
MAESTRO,Balance,68,3
MAESTRO,Balance,69,3
MAESTRO,Balance,70,4
MAESTRO,Balance,71,4
MAESTRO,Balance,72,4
MAESTRO,Balance,73,4
MAESTRO,Balance,74,4
MAESTRO,Balance,75,6
MAESTRO,Balance,76,6
MAESTRO,Balance,77,6
MAESTRO,Balance,78,6
MAESTRO,Balance,79,6
MAESTRO,Balance,80,7
MAESTRO,Balance,81,7
MAESTRO,Balance,82,7
MAESTRO,Balance,83,7
MAESTRO,Balance,84,7
MAESTRO,Balance,85,11
MAESTRO,Balance,86,11
MAESTRO,Balance,87,11
MAESTRO,Balance,88,11
MAESTRO,Balance,89,11
MAESTRO,Balance,90,15
MAESTRO,Balance,91,15
MAESTRO,Balance,92,15
MAESTRO,Balance,93,15
MAESTRO,Balance,94,15
MAESTRO,Balance,95,18
MAESTRO,Balance,96,22
MAESTRO,Balance,97,26
MAESTRO,Balance,98,30
MAESTRO,Balance,99,33
MAESTRO,Reactions,40,1
MAESTRO,Reactions,41,1
MAESTRO,Reactions,42,1
MAESTRO,Reactions,43,1
MAESTRO,Reactions,44,1
MAESTRO,Reactions,45,1
MAESTRO,Reactions,46,1
MAESTRO,Reactions,47,1
MAESTRO,Reactions,48,1
MAESTRO,Reactions,49,1
MAESTRO,Reactions,50,1
MAESTRO,Reactions,51,1
MAESTRO,Reactions,52,1
MAESTRO,Reactions,53,1
MAESTRO,Reactions,54,1
MAESTRO,Reactions,55,1
MAESTRO,Reactions,56,1
MAESTRO,Reactions,57,1
MAESTRO,Reactions,58,1
MAESTRO,Reactions,59,1
MAESTRO,Reactions,60,1
MAESTRO,Reactions,61,1
MAESTRO,Reactions,62,1
MAESTRO,Reactions,63,1
MAESTRO,Reactions,64,2
MAESTRO,Reactions,65,2
MAESTRO,Reactions,66,2
MAESTRO,Reactions,67,2
MAESTRO,Reactions,68,2
MAESTRO,Reactions,69,2
MAESTRO,Reactions,70,3
MAESTRO,Reactions,71,3
MAESTRO,Reactions,72,3
MAESTRO,Reactions,73,3
MAESTRO,Reactions,74,3
MAESTRO,Reactions,75,4
MAESTRO,Reactions,76,4
MAESTRO,Reactions,77,4
MAESTRO,Reactions,78,4
MAESTRO,Reactions,79,4
MAESTRO,Reactions,80,5
MAESTRO,Reactions,81,5
MAESTRO,Reactions,82,5
MAESTRO,Reactions,83,5
MAESTRO,Reactions,84,5
MAESTRO,Reactions,85,8
MAESTRO,Reactions,86,8
MAESTRO,Reactions,87,8
MAESTRO,Reactions,88,8
MAESTRO,Reactions,89,8
MAESTRO,Reactions,90,11
MAESTRO,Reactions,91,11
MAESTRO,Reactions,92,11
MAESTRO,Reactions,93,11
MAESTRO,Reactions,94,11
MAESTRO,Reactions,95,13
MAESTRO,Reactions,96,16
MAESTRO,Reactions,97,19
MAESTRO,Reactions,98,22
MAESTRO,Reactions,99,24
MAESTRO,BallControl,40,1
MAESTRO,BallControl,41,1
MAESTRO,BallControl,42,1
MAESTRO,BallControl,43,1
MAESTRO,BallControl,44,1
MAESTRO,BallControl,45,1
MAESTRO,BallControl,46,1
MAESTRO,BallControl,47,1
MAESTRO,BallControl,48,1
MAESTRO,BallControl,49,1
MAESTRO,BallControl,50,1
MAESTRO,BallControl,51,1
MAESTRO,BallControl,52,1
MAESTRO,BallControl,53,1
MAESTRO,BallControl,54,1
MAESTRO,BallControl,55,1
MAESTRO,BallControl,56,1
MAESTRO,BallControl,57,1
MAESTRO,BallControl,58,1
MAESTRO,BallControl,59,1
MAESTRO,BallControl,60,1
MAESTRO,BallControl,61,1
MAESTRO,BallControl,62,1
MAESTRO,BallControl,63,1
MAESTRO,BallControl,64,2
MAESTRO,BallControl,65,2
MAESTRO,BallControl,66,2
MAESTRO,BallControl,67,2
MAESTRO,BallControl,68,2
MAESTRO,BallControl,69,2
MAESTRO,BallControl,70,3
MAESTRO,BallControl,71,3
MAESTRO,BallControl,72,3
MAESTRO,BallControl,73,3
MAESTRO,BallControl,74,3
MAESTRO,BallControl,75,4
MAESTRO,BallControl,76,4
MAESTRO,BallControl,77,4
MAESTRO,BallControl,78,4
MAESTRO,BallControl,79,4
MAESTRO,BallControl,80,5
MAESTRO,BallControl,81,5
MAESTRO,BallControl,82,5
MAESTRO,BallControl,83,5
MAESTRO,BallControl,84,5
MAESTRO,BallControl,85,8
MAESTRO,BallControl,86,8
MAESTRO,BallControl,87,8
MAESTRO,BallControl,88,8
MAESTRO,BallControl,89,8
MAESTRO,BallControl,90,11
MAESTRO,BallControl,91,11
MAESTRO,BallControl,92,11
MAESTRO,BallControl,93,11
MAESTRO,BallControl,94,11
MAESTRO,BallControl,95,13
MAESTRO,BallControl,96,16
MAESTRO,BallControl,97,19
MAESTRO,BallControl,98,22
MAESTRO,BallControl,99,24
MAESTRO,Dribbling,40,2
MAESTRO,Dribbling,41,2
MAESTRO,Dribbling,42,2
MAESTRO,Dribbling,43,2
MAESTRO,Dribbling,44,2
MAESTRO,Dribbling,45,2
MAESTRO,Dribbling,46,2
MAESTRO,Dribbling,47,2
MAESTRO,Dribbling,48,2
MAESTRO,Dribbling,49,2
MAESTRO,Dribbling,50,2
MAESTRO,Dribbling,51,2
MAESTRO,Dribbling,52,2
MAESTRO,Dribbling,53,2
MAESTRO,Dribbling,54,2
MAESTRO,Dribbling,55,2
MAESTRO,Dribbling,56,2
MAESTRO,Dribbling,57,2
MAESTRO,Dribbling,58,2
MAESTRO,Dribbling,59,2
MAESTRO,Dribbling,60,3
MAESTRO,Dribbling,61,3
MAESTRO,Dribbling,62,3
MAESTRO,Dribbling,63,3
MAESTRO,Dribbling,64,4
MAESTRO,Dribbling,65,4
MAESTRO,Dribbling,66,4
MAESTRO,Dribbling,67,5
MAESTRO,Dribbling,68,5
MAESTRO,Dribbling,69,5
MAESTRO,Dribbling,70,6
MAESTRO,Dribbling,71,6
MAESTRO,Dribbling,72,6
MAESTRO,Dribbling,73,6
MAESTRO,Dribbling,74,6
MAESTRO,Dribbling,75,8
MAESTRO,Dribbling,76,8
MAESTRO,Dribbling,77,8
MAESTRO,Dribbling,78,8
MAESTRO,Dribbling,79,8
MAESTRO,Dribbling,80,10
MAESTRO,Dribbling,81,10
MAESTRO,Dribbling,82,10
MAESTRO,Dribbling,83,10
MAESTRO,Dribbling,84,10
MAESTRO,Dribbling,85,15
MAESTRO,Dribbling,86,15
MAESTRO,Dribbling,87,15
MAESTRO,Dribbling,88,15
MAESTRO,Dribbling,89,15
MAESTRO,Dribbling,90,20
MAESTRO,Dribbling,91,20
MAESTRO,Dribbling,92,20
MAESTRO,Dribbling,93,20
MAESTRO,Dribbling,94,20
MAESTRO,Dribbling,95,25
MAESTRO,Dribbling,96,30
MAESTRO,Dribbling,97,35
MAESTRO,Dribbling,98,40
MAESTRO,Dribbling,99,45
MAESTRO,Composure,40,1
MAESTRO,Composure,41,1
MAESTRO,Composure,42,1
MAESTRO,Composure,43,1
MAESTRO,Composure,44,1
MAESTRO,Composure,45,1
MAESTRO,Composure,46,1
MAESTRO,Composure,47,1
MAESTRO,Composure,48,1
MAESTRO,Composure,49,1
MAESTRO,Composure,50,1
MAESTRO,Composure,51,1
MAESTRO,Composure,52,1
MAESTRO,Composure,53,1
MAESTRO,Composure,54,1
MAESTRO,Composure,55,1
MAESTRO,Composure,56,1
MAESTRO,Composure,57,1
MAESTRO,Composure,58,1
MAESTRO,Composure,59,1
MAESTRO,Composure,60,1
MAESTRO,Composure,61,1
MAESTRO,Composure,62,1
MAESTRO,Composure,63,1
MAESTRO,Composure,64,2
MAESTRO,Composure,65,2
MAESTRO,Composure,66,2
MAESTRO,Composure,67,2
MAESTRO,Composure,68,2
MAESTRO,Composure,69,2
MAESTRO,Composure,70,3
MAESTRO,Composure,71,3
MAESTRO,Composure,72,3
MAESTRO,Composure,73,3
MAESTRO,Composure,74,3
MAESTRO,Composure,75,4
MAESTRO,Composure,76,4
MAESTRO,Composure,77,4
MAESTRO,Composure,78,4
MAESTRO,Composure,79,4
MAESTRO,Composure,80,5
MAESTRO,Composure,81,5
MAESTRO,Composure,82,5
MAESTRO,Composure,83,5
MAESTRO,Composure,84,5
MAESTRO,Composure,85,8
MAESTRO,Composure,86,8
MAESTRO,Composure,87,8
MAESTRO,Composure,88,8
MAESTRO,Composure,89,8
MAESTRO,Composure,90,11
MAESTRO,Composure,91,11
MAESTRO,Composure,92,11
MAESTRO,Composure,93,11
MAESTRO,Composure,94,11
MAESTRO,Composure,95,13
MAESTRO,Composure,96,16
MAESTRO,Composure,97,19
MAESTRO,Composure,98,22
MAESTRO,Composure,99,24
MAESTRO,Interceptions,40,2
MAESTRO,Interceptions,41,2
MAESTRO,Interceptions,42,2
MAESTRO,Interceptions,43,2
MAESTRO,Interceptions,44,2
MAESTRO,Interceptions,45,2
MAESTRO,Interceptions,46,2
MAESTRO,Interceptions,47,2
MAESTRO,Interceptions,48,2
MAESTRO,Interceptions,49,2
MAESTRO,Interceptions,50,2
MAESTRO,Interceptions,51,2
MAESTRO,Interceptions,52,2
MAESTRO,Interceptions,53,2
MAESTRO,Interceptions,54,2
MAESTRO,Interceptions,55,2
MAESTRO,Interceptions,56,2
MAESTRO,Interceptions,57,2
MAESTRO,Interceptions,58,2
MAESTRO,Interceptions,59,2
MAESTRO,Interceptions,60,3
MAESTRO,Interceptions,61,3
MAESTRO,Interceptions,62,3
MAESTRO,Interceptions,63,3
MAESTRO,Interceptions,64,4
MAESTRO,Interceptions,65,4
MAESTRO,Interceptions,66,4
MAESTRO,Interceptions,67,5
MAESTRO,Interceptions,68,5
MAESTRO,Interceptions,69,5
MAESTRO,Interceptions,70,6
MAESTRO,Interceptions,71,6
MAESTRO,Interceptions,72,6
MAESTRO,Interceptions,73,6
MAESTRO,Interceptions,74,6
MAESTRO,Interceptions,75,8
MAESTRO,Interceptions,76,8
MAESTRO,Interceptions,77,8
MAESTRO,Interceptions,78,8
MAESTRO,Interceptions,79,8
MAESTRO,Interceptions,80,10
MAESTRO,Interceptions,81,10
MAESTRO,Interceptions,82,10
MAESTRO,Interceptions,83,10
MAESTRO,Interceptions,84,10
MAESTRO,Interceptions,85,15
MAESTRO,Interceptions,86,15
MAESTRO,Interceptions,87,15
MAESTRO,Interceptions,88,15
MAESTRO,Interceptions,89,15
MAESTRO,Interceptions,90,20
MAESTRO,Interceptions,91,20
MAESTRO,Interceptions,92,20
MAESTRO,Interceptions,93,20
MAESTRO,Interceptions,94,20
MAESTRO,Interceptions,95,25
MAESTRO,Interceptions,96,30
MAESTRO,Interceptions,97,35
MAESTRO,Interceptions,98,40
MAESTRO,Interceptions,99,45
MAESTRO,Heading Accuracy,40,1
MAESTRO,Heading Accuracy,41,1
MAESTRO,Heading Accuracy,42,1
MAESTRO,Heading Accuracy,43,1
MAESTRO,Heading Accuracy,44,1
MAESTRO,Heading Accuracy,45,1
MAESTRO,Heading Accuracy,46,1
MAESTRO,Heading Accuracy,47,1
MAESTRO,Heading Accuracy,48,1
MAESTRO,Heading Accuracy,49,1
MAESTRO,Heading Accuracy,50,1
MAESTRO,Heading Accuracy,51,1
MAESTRO,Heading Accuracy,52,1
MAESTRO,Heading Accuracy,53,1
MAESTRO,Heading Accuracy,54,1
MAESTRO,Heading Accuracy,55,1
MAESTRO,Heading Accuracy,56,1
MAESTRO,Heading Accuracy,57,1
MAESTRO,Heading Accuracy,58,1
MAESTRO,Heading Accuracy,59,1
MAESTRO,Heading Accuracy,60,2
MAESTRO,Heading Accuracy,61,2
MAESTRO,Heading Accuracy,62,2
MAESTRO,Heading Accuracy,63,2
MAESTRO,Heading Accuracy,64,3
MAESTRO,Heading Accuracy,65,3
MAESTRO,Heading Accuracy,66,3
MAESTRO,Heading Accuracy,67,3
MAESTRO,Heading Accuracy,68,3
MAESTRO,Heading Accuracy,69,3
MAESTRO,Heading Accuracy,70,4
MAESTRO,Heading Accuracy,71,4
MAESTRO,Heading Accuracy,72,4
MAESTRO,Heading Accuracy,73,4
MAESTRO,Heading Accuracy,74,4
MAESTRO,Heading Accuracy,75,6
MAESTRO,Heading Accuracy,76,6
MAESTRO,Heading Accuracy,77,6
MAESTRO,Heading Accuracy,78,6
MAESTRO,Heading Accuracy,79,6
MAESTRO,Heading Accuracy,80,7
MAESTRO,Heading Accuracy,81,7
MAESTRO,Heading Accuracy,82,7
MAESTRO,Heading Accuracy,83,7
MAESTRO,Heading Accuracy,84,7
MAESTRO,Heading Accuracy,85,11
MAESTRO,Heading Accuracy,86,11
MAESTRO,Heading Accuracy,87,11
MAESTRO,Heading Accuracy,88,11
MAESTRO,Heading Accuracy,89,11
MAESTRO,Heading Accuracy,90,15
MAESTRO,Heading Accuracy,91,15
MAESTRO,Heading Accuracy,92,15
MAESTRO,Heading Accuracy,93,15
MAESTRO,Heading Accuracy,94,15
MAESTRO,Heading Accuracy,95,18
MAESTRO,Heading Accuracy,96,22
MAESTRO,Heading Accuracy,97,26
MAESTRO,Heading Accuracy,98,30
MAESTRO,Heading Accuracy,99,33
MAESTRO,DefAwareness,40,1
MAESTRO,DefAwareness,41,1
MAESTRO,DefAwareness,42,1
MAESTRO,DefAwareness,43,1
MAESTRO,DefAwareness,44,1
MAESTRO,DefAwareness,45,1
MAESTRO,DefAwareness,46,1
MAESTRO,DefAwareness,47,1
MAESTRO,DefAwareness,48,1
MAESTRO,DefAwareness,49,1
MAESTRO,DefAwareness,50,1
MAESTRO,DefAwareness,51,1
MAESTRO,DefAwareness,52,1
MAESTRO,DefAwareness,53,1
MAESTRO,DefAwareness,54,1
MAESTRO,DefAwareness,55,1
MAESTRO,DefAwareness,56,1
MAESTRO,DefAwareness,57,1
MAESTRO,DefAwareness,58,1
MAESTRO,DefAwareness,59,1
MAESTRO,DefAwareness,60,2
MAESTRO,DefAwareness,61,2
MAESTRO,DefAwareness,62,2
MAESTRO,DefAwareness,63,2
MAESTRO,DefAwareness,64,3
MAESTRO,DefAwareness,65,3
MAESTRO,DefAwareness,66,3
MAESTRO,DefAwareness,67,3
MAESTRO,DefAwareness,68,3
MAESTRO,DefAwareness,69,3
MAESTRO,DefAwareness,70,4
MAESTRO,DefAwareness,71,4
MAESTRO,DefAwareness,72,4
MAESTRO,DefAwareness,73,4
MAESTRO,DefAwareness,74,4
MAESTRO,DefAwareness,75,6
MAESTRO,DefAwareness,76,6
MAESTRO,DefAwareness,77,6
MAESTRO,DefAwareness,78,6
MAESTRO,DefAwareness,79,6
MAESTRO,DefAwareness,80,7
MAESTRO,DefAwareness,81,7
MAESTRO,DefAwareness,82,7
MAESTRO,DefAwareness,83,7
MAESTRO,DefAwareness,84,7
MAESTRO,DefAwareness,85,11
MAESTRO,DefAwareness,86,11
MAESTRO,DefAwareness,87,11
MAESTRO,DefAwareness,88,11
MAESTRO,DefAwareness,89,11
MAESTRO,DefAwareness,90,15
MAESTRO,DefAwareness,91,15
MAESTRO,DefAwareness,92,15
MAESTRO,DefAwareness,93,15
MAESTRO,DefAwareness,94,15
MAESTRO,DefAwareness,95,18
MAESTRO,DefAwareness,96,22
MAESTRO,DefAwareness,97,26
MAESTRO,DefAwareness,98,30
MAESTRO,DefAwareness,99,33
MAESTRO,StandingTackle,40,2
MAESTRO,StandingTackle,41,2
MAESTRO,StandingTackle,42,2
MAESTRO,StandingTackle,43,2
MAESTRO,StandingTackle,44,2
MAESTRO,StandingTackle,45,2
MAESTRO,StandingTackle,46,2
MAESTRO,StandingTackle,47,2
MAESTRO,StandingTackle,48,2
MAESTRO,StandingTackle,49,2
MAESTRO,StandingTackle,50,2
MAESTRO,StandingTackle,51,2
MAESTRO,StandingTackle,52,2
MAESTRO,StandingTackle,53,2
MAESTRO,StandingTackle,54,2
MAESTRO,StandingTackle,55,2
MAESTRO,StandingTackle,56,2
MAESTRO,StandingTackle,57,2
MAESTRO,StandingTackle,58,2
MAESTRO,StandingTackle,59,2
MAESTRO,StandingTackle,60,3
MAESTRO,StandingTackle,61,3
MAESTRO,StandingTackle,62,3
MAESTRO,StandingTackle,63,3
MAESTRO,StandingTackle,64,4
MAESTRO,StandingTackle,65,4
MAESTRO,StandingTackle,66,4
MAESTRO,StandingTackle,67,5
MAESTRO,StandingTackle,68,5
MAESTRO,StandingTackle,69,5
MAESTRO,StandingTackle,70,6
MAESTRO,StandingTackle,71,6
MAESTRO,StandingTackle,72,6
MAESTRO,StandingTackle,73,6
MAESTRO,StandingTackle,74,6
MAESTRO,StandingTackle,75,8
MAESTRO,StandingTackle,76,8
MAESTRO,StandingTackle,77,8
MAESTRO,StandingTackle,78,8
MAESTRO,StandingTackle,79,8
MAESTRO,StandingTackle,80,10
MAESTRO,StandingTackle,81,10
MAESTRO,StandingTackle,82,10
MAESTRO,StandingTackle,83,10
MAESTRO,StandingTackle,84,10
MAESTRO,StandingTackle,85,15
MAESTRO,StandingTackle,86,15
MAESTRO,StandingTackle,87,15
MAESTRO,StandingTackle,88,15
MAESTRO,StandingTackle,89,15
MAESTRO,StandingTackle,90,20
MAESTRO,StandingTackle,91,20
MAESTRO,StandingTackle,92,20
MAESTRO,StandingTackle,93,20
MAESTRO,StandingTackle,94,20
MAESTRO,StandingTackle,95,25
MAESTRO,StandingTackle,96,30
MAESTRO,StandingTackle,97,35
MAESTRO,StandingTackle,98,40
MAESTRO,StandingTackle,99,45
MAESTRO,SlidingTackle,40,1
MAESTRO,SlidingTackle,41,1
MAESTRO,SlidingTackle,42,1
MAESTRO,SlidingTackle,43,1
MAESTRO,SlidingTackle,44,1
MAESTRO,SlidingTackle,45,1
MAESTRO,SlidingTackle,46,1
MAESTRO,SlidingTackle,47,1
MAESTRO,SlidingTackle,48,1
MAESTRO,SlidingTackle,49,1
MAESTRO,SlidingTackle,50,1
MAESTRO,SlidingTackle,51,1
MAESTRO,SlidingTackle,52,1
MAESTRO,SlidingTackle,53,1
MAESTRO,SlidingTackle,54,1
MAESTRO,SlidingTackle,55,1
MAESTRO,SlidingTackle,56,1
MAESTRO,SlidingTackle,57,1
MAESTRO,SlidingTackle,58,1
MAESTRO,SlidingTackle,59,1
MAESTRO,SlidingTackle,60,2
MAESTRO,SlidingTackle,61,2
MAESTRO,SlidingTackle,62,2
MAESTRO,SlidingTackle,63,2
MAESTRO,SlidingTackle,64,3
MAESTRO,SlidingTackle,65,3
MAESTRO,SlidingTackle,66,3
MAESTRO,SlidingTackle,67,3
MAESTRO,SlidingTackle,68,3
MAESTRO,SlidingTackle,69,3
MAESTRO,SlidingTackle,70,4
MAESTRO,SlidingTackle,71,4
MAESTRO,SlidingTackle,72,4
MAESTRO,SlidingTackle,73,4
MAESTRO,SlidingTackle,74,4
MAESTRO,SlidingTackle,75,6
MAESTRO,SlidingTackle,76,6
MAESTRO,SlidingTackle,77,6
MAESTRO,SlidingTackle,78,6
MAESTRO,SlidingTackle,79,6
MAESTRO,SlidingTackle,80,7
MAESTRO,SlidingTackle,81,7
MAESTRO,SlidingTackle,82,7
MAESTRO,SlidingTackle,83,7
MAESTRO,SlidingTackle,84,7
MAESTRO,SlidingTackle,85,11
MAESTRO,SlidingTackle,86,11
MAESTRO,SlidingTackle,87,11
MAESTRO,SlidingTackle,88,11
MAESTRO,SlidingTackle,89,11
MAESTRO,SlidingTackle,90,15
MAESTRO,SlidingTackle,91,15
MAESTRO,SlidingTackle,92,15
MAESTRO,SlidingTackle,93,15
MAESTRO,SlidingTackle,94,15
MAESTRO,SlidingTackle,95,18
MAESTRO,SlidingTackle,96,22
MAESTRO,SlidingTackle,97,26
MAESTRO,SlidingTackle,98,30
MAESTRO,SlidingTackle,99,33
MAESTRO,Jumping,40,1
MAESTRO,Jumping,41,1
MAESTRO,Jumping,42,1
MAESTRO,Jumping,43,1
MAESTRO,Jumping,44,1
MAESTRO,Jumping,45,1
MAESTRO,Jumping,46,1
MAESTRO,Jumping,47,1
MAESTRO,Jumping,48,1
MAESTRO,Jumping,49,1
MAESTRO,Jumping,50,1
MAESTRO,Jumping,51,1
MAESTRO,Jumping,52,1
MAESTRO,Jumping,53,1
MAESTRO,Jumping,54,1
MAESTRO,Jumping,55,1
MAESTRO,Jumping,56,1
MAESTRO,Jumping,57,1
MAESTRO,Jumping,58,1
MAESTRO,Jumping,59,1
MAESTRO,Jumping,60,1
MAESTRO,Jumping,61,1
MAESTRO,Jumping,62,1
MAESTRO,Jumping,63,1
MAESTRO,Jumping,64,2
MAESTRO,Jumping,65,2
MAESTRO,Jumping,66,2
MAESTRO,Jumping,67,2
MAESTRO,Jumping,68,2
MAESTRO,Jumping,69,2
MAESTRO,Jumping,70,3
MAESTRO,Jumping,71,3
MAESTRO,Jumping,72,3
MAESTRO,Jumping,73,3
MAESTRO,Jumping,74,3
MAESTRO,Jumping,75,4
MAESTRO,Jumping,76,4
MAESTRO,Jumping,77,4
MAESTRO,Jumping,78,4
MAESTRO,Jumping,79,4
MAESTRO,Jumping,80,5
MAESTRO,Jumping,81,5
MAESTRO,Jumping,82,5
MAESTRO,Jumping,83,5
MAESTRO,Jumping,84,5
MAESTRO,Jumping,85,8
MAESTRO,Jumping,86,8
MAESTRO,Jumping,87,8
MAESTRO,Jumping,88,8
MAESTRO,Jumping,89,8
MAESTRO,Jumping,90,11
MAESTRO,Jumping,91,11
MAESTRO,Jumping,92,11
MAESTRO,Jumping,93,11
MAESTRO,Jumping,94,11
MAESTRO,Jumping,95,13
MAESTRO,Jumping,96,16
MAESTRO,Jumping,97,19
MAESTRO,Jumping,98,22
MAESTRO,Jumping,99,24
MAESTRO,Stamina,40,1
MAESTRO,Stamina,41,1
MAESTRO,Stamina,42,1
MAESTRO,Stamina,43,1
MAESTRO,Stamina,44,1
MAESTRO,Stamina,45,1
MAESTRO,Stamina,46,1
MAESTRO,Stamina,47,1
MAESTRO,Stamina,48,1
MAESTRO,Stamina,49,1
MAESTRO,Stamina,50,1
MAESTRO,Stamina,51,1
MAESTRO,Stamina,52,1
MAESTRO,Stamina,53,1
MAESTRO,Stamina,54,1
MAESTRO,Stamina,55,1
MAESTRO,Stamina,56,1
MAESTRO,Stamina,57,1
MAESTRO,Stamina,58,1
MAESTRO,Stamina,59,1
MAESTRO,Stamina,60,1
MAESTRO,Stamina,61,1
MAESTRO,Stamina,62,1
MAESTRO,Stamina,63,1
MAESTRO,Stamina,64,2
MAESTRO,Stamina,65,2
MAESTRO,Stamina,66,2
MAESTRO,Stamina,67,2
MAESTRO,Stamina,68,2
MAESTRO,Stamina,69,2
MAESTRO,Stamina,70,3
MAESTRO,Stamina,71,3
MAESTRO,Stamina,72,3
MAESTRO,Stamina,73,3
MAESTRO,Stamina,74,3
MAESTRO,Stamina,75,4
MAESTRO,Stamina,76,4
MAESTRO,Stamina,77,4
MAESTRO,Stamina,78,4
MAESTRO,Stamina,79,4
MAESTRO,Stamina,80,5
MAESTRO,Stamina,81,5
MAESTRO,Stamina,82,5
MAESTRO,Stamina,83,5
MAESTRO,Stamina,84,5
MAESTRO,Stamina,85,8
MAESTRO,Stamina,86,8
MAESTRO,Stamina,87,8
MAESTRO,Stamina,88,8
MAESTRO,Stamina,89,8
MAESTRO,Stamina,90,11
MAESTRO,Stamina,91,11
MAESTRO,Stamina,92,11
MAESTRO,Stamina,93,11
MAESTRO,Stamina,94,11
MAESTRO,Stamina,95,13
MAESTRO,Stamina,96,16
MAESTRO,Stamina,97,19
MAESTRO,Stamina,98,22
MAESTRO,Stamina,99,24
MAESTRO,Strength,40,1
MAESTRO,Strength,41,1
MAESTRO,Strength,42,1
MAESTRO,Strength,43,1
MAESTRO,Strength,44,1
MAESTRO,Strength,45,1
MAESTRO,Strength,46,1
MAESTRO,Strength,47,1
MAESTRO,Strength,48,1
MAESTRO,Strength,49,1
MAESTRO,Strength,50,1
MAESTRO,Strength,51,1
MAESTRO,Strength,52,1
MAESTRO,Strength,53,1
MAESTRO,Strength,54,1
MAESTRO,Strength,55,1
MAESTRO,Strength,56,1
MAESTRO,Strength,57,1
MAESTRO,Strength,58,1
MAESTRO,Strength,59,1
MAESTRO,Strength,60,2
MAESTRO,Strength,61,2
MAESTRO,Strength,62,2
MAESTRO,Strength,63,2
MAESTRO,Strength,64,3
MAESTRO,Strength,65,3
MAESTRO,Strength,66,3
MAESTRO,Strength,67,3
MAESTRO,Strength,68,3
MAESTRO,Strength,69,3
MAESTRO,Strength,70,4
MAESTRO,Strength,71,4
MAESTRO,Strength,72,4
MAESTRO,Strength,73,4
MAESTRO,Strength,74,4
MAESTRO,Strength,75,6
MAESTRO,Strength,76,6
MAESTRO,Strength,77,6
MAESTRO,Strength,78,6
MAESTRO,Strength,79,6
MAESTRO,Strength,80,7
MAESTRO,Strength,81,7
MAESTRO,Strength,82,7
MAESTRO,Strength,83,7
MAESTRO,Strength,84,7
MAESTRO,Strength,85,11
MAESTRO,Strength,86,11
MAESTRO,Strength,87,11
MAESTRO,Strength,88,11
MAESTRO,Strength,89,11
MAESTRO,Strength,90,15
MAESTRO,Strength,91,15
MAESTRO,Strength,92,15
MAESTRO,Strength,93,15
MAESTRO,Strength,94,15
MAESTRO,Strength,95,18
MAESTRO,Strength,96,22
MAESTRO,Strength,97,26
MAESTRO,Strength,98,30
MAESTRO,Strength,99,33
MAESTRO,Aggression,40,1
MAESTRO,Aggression,41,1
MAESTRO,Aggression,42,1
MAESTRO,Aggression,43,1
MAESTRO,Aggression,44,1
MAESTRO,Aggression,45,1
MAESTRO,Aggression,46,1
MAESTRO,Aggression,47,1
MAESTRO,Aggression,48,1
MAESTRO,Aggression,49,1
MAESTRO,Aggression,50,1
MAESTRO,Aggression,51,1
MAESTRO,Aggression,52,1
MAESTRO,Aggression,53,1
MAESTRO,Aggression,54,1
MAESTRO,Aggression,55,1
MAESTRO,Aggression,56,1
MAESTRO,Aggression,57,1
MAESTRO,Aggression,58,1
MAESTRO,Aggression,59,1
MAESTRO,Aggression,60,1
MAESTRO,Aggression,61,1
MAESTRO,Aggression,62,1
MAESTRO,Aggression,63,1
MAESTRO,Aggression,64,2
MAESTRO,Aggression,65,2
MAESTRO,Aggression,66,2
MAESTRO,Aggression,67,2
MAESTRO,Aggression,68,2
MAESTRO,Aggression,69,2
MAESTRO,Aggression,70,3
MAESTRO,Aggression,71,3
MAESTRO,Aggression,72,3
MAESTRO,Aggression,73,3
MAESTRO,Aggression,74,3
MAESTRO,Aggression,75,4
MAESTRO,Aggression,76,4
MAESTRO,Aggression,77,4
MAESTRO,Aggression,78,4
MAESTRO,Aggression,79,4
MAESTRO,Aggression,80,5
MAESTRO,Aggression,81,5
MAESTRO,Aggression,82,5
MAESTRO,Aggression,83,5
MAESTRO,Aggression,84,5
MAESTRO,Aggression,85,8
MAESTRO,Aggression,86,8
MAESTRO,Aggression,87,8
MAESTRO,Aggression,88,8
MAESTRO,Aggression,89,8
MAESTRO,Aggression,90,11
MAESTRO,Aggression,91,11
MAESTRO,Aggression,92,11
MAESTRO,Aggression,93,11
MAESTRO,Aggression,94,11
MAESTRO,Aggression,95,13
MAESTRO,Aggression,96,16
MAESTRO,Aggression,97,19
MAESTRO,Aggression,98,22
MAESTRO,Aggression,99,24
CREATOR,Acceleration,40,2
CREATOR,Acceleration,41,2
CREATOR,Acceleration,42,2
CREATOR,Acceleration,43,2
CREATOR,Acceleration,44,2
CREATOR,Acceleration,45,2
CREATOR,Acceleration,46,2
CREATOR,Acceleration,47,2
CREATOR,Acceleration,48,2
CREATOR,Acceleration,49,2
CREATOR,Acceleration,50,2
CREATOR,Acceleration,51,2
CREATOR,Acceleration,52,2
CREATOR,Acceleration,53,2
CREATOR,Acceleration,54,2
CREATOR,Acceleration,55,2
CREATOR,Acceleration,56,2
CREATOR,Acceleration,57,2
CREATOR,Acceleration,58,2
CREATOR,Acceleration,59,2
CREATOR,Acceleration,60,3
CREATOR,Acceleration,61,3
CREATOR,Acceleration,62,3
CREATOR,Acceleration,63,3
CREATOR,Acceleration,64,4
CREATOR,Acceleration,65,4
CREATOR,Acceleration,66,4
CREATOR,Acceleration,67,5
CREATOR,Acceleration,68,5
CREATOR,Acceleration,69,5
CREATOR,Acceleration,70,6
CREATOR,Acceleration,71,6
CREATOR,Acceleration,72,6
CREATOR,Acceleration,73,6
CREATOR,Acceleration,74,6
CREATOR,Acceleration,75,8
CREATOR,Acceleration,76,8
CREATOR,Acceleration,77,8
CREATOR,Acceleration,78,8
CREATOR,Acceleration,79,8
CREATOR,Acceleration,80,10
CREATOR,Acceleration,81,10
CREATOR,Acceleration,82,10
CREATOR,Acceleration,83,10
CREATOR,Acceleration,84,10
CREATOR,Acceleration,85,15
CREATOR,Acceleration,86,15
CREATOR,Acceleration,87,15
CREATOR,Acceleration,88,15
CREATOR,Acceleration,89,15
CREATOR,Acceleration,90,20
CREATOR,Acceleration,91,20
CREATOR,Acceleration,92,20
CREATOR,Acceleration,93,20
CREATOR,Acceleration,94,20
CREATOR,Acceleration,95,25
CREATOR,Acceleration,96,30
CREATOR,Acceleration,97,35
CREATOR,Acceleration,98,40
CREATOR,Acceleration,99,45
CREATOR,SprintSpeed,40,2
CREATOR,SprintSpeed,41,2
CREATOR,SprintSpeed,42,2
CREATOR,SprintSpeed,43,2
CREATOR,SprintSpeed,44,2
CREATOR,SprintSpeed,45,2
CREATOR,SprintSpeed,46,2
CREATOR,SprintSpeed,47,2
CREATOR,SprintSpeed,48,2
CREATOR,SprintSpeed,49,2
CREATOR,SprintSpeed,50,2
CREATOR,SprintSpeed,51,2
CREATOR,SprintSpeed,52,2
CREATOR,SprintSpeed,53,2
CREATOR,SprintSpeed,54,2
CREATOR,SprintSpeed,55,2
CREATOR,SprintSpeed,56,2
CREATOR,SprintSpeed,57,2
CREATOR,SprintSpeed,58,2
CREATOR,SprintSpeed,59,2
CREATOR,SprintSpeed,60,3
CREATOR,SprintSpeed,61,3
CREATOR,SprintSpeed,62,3
CREATOR,SprintSpeed,63,3
CREATOR,SprintSpeed,64,4
CREATOR,SprintSpeed,65,4
CREATOR,SprintSpeed,66,4
CREATOR,SprintSpeed,67,5
CREATOR,SprintSpeed,68,5
CREATOR,SprintSpeed,69,5
CREATOR,SprintSpeed,70,6
CREATOR,SprintSpeed,71,6
CREATOR,SprintSpeed,72,6
CREATOR,SprintSpeed,73,6
CREATOR,SprintSpeed,74,6
CREATOR,SprintSpeed,75,8
CREATOR,SprintSpeed,76,8
CREATOR,SprintSpeed,77,8
CREATOR,SprintSpeed,78,8
CREATOR,SprintSpeed,79,8
CREATOR,SprintSpeed,80,10
CREATOR,SprintSpeed,81,10
CREATOR,SprintSpeed,82,10
CREATOR,SprintSpeed,83,10
CREATOR,SprintSpeed,84,10
CREATOR,SprintSpeed,85,15
CREATOR,SprintSpeed,86,15
CREATOR,SprintSpeed,87,15
CREATOR,SprintSpeed,88,15
CREATOR,SprintSpeed,89,15
CREATOR,SprintSpeed,90,20
CREATOR,SprintSpeed,91,20
CREATOR,SprintSpeed,92,20
CREATOR,SprintSpeed,93,20
CREATOR,SprintSpeed,94,20
CREATOR,SprintSpeed,95,25
CREATOR,SprintSpeed,96,30
CREATOR,SprintSpeed,97,35
CREATOR,SprintSpeed,98,40
CREATOR,SprintSpeed,99,45
CREATOR,AttackPositioning,40,1
CREATOR,AttackPositioning,41,1
CREATOR,AttackPositioning,42,1
CREATOR,AttackPositioning,43,1
CREATOR,AttackPositioning,44,1
CREATOR,AttackPositioning,45,1
CREATOR,AttackPositioning,46,1
CREATOR,AttackPositioning,47,1
CREATOR,AttackPositioning,48,1
CREATOR,AttackPositioning,49,1
CREATOR,AttackPositioning,50,1
CREATOR,AttackPositioning,51,1
CREATOR,AttackPositioning,52,1
CREATOR,AttackPositioning,53,1
CREATOR,AttackPositioning,54,1
CREATOR,AttackPositioning,55,1
CREATOR,AttackPositioning,56,1
CREATOR,AttackPositioning,57,1
CREATOR,AttackPositioning,58,1
CREATOR,AttackPositioning,59,1
CREATOR,AttackPositioning,60,1
CREATOR,AttackPositioning,61,1
CREATOR,AttackPositioning,62,1
CREATOR,AttackPositioning,63,1
CREATOR,AttackPositioning,64,2
CREATOR,AttackPositioning,65,2
CREATOR,AttackPositioning,66,2
CREATOR,AttackPositioning,67,2
CREATOR,AttackPositioning,68,2
CREATOR,AttackPositioning,69,2
CREATOR,AttackPositioning,70,3
CREATOR,AttackPositioning,71,3
CREATOR,AttackPositioning,72,3
CREATOR,AttackPositioning,73,3
CREATOR,AttackPositioning,74,3
CREATOR,AttackPositioning,75,4
CREATOR,AttackPositioning,76,4
CREATOR,AttackPositioning,77,4
CREATOR,AttackPositioning,78,4
CREATOR,AttackPositioning,79,4
CREATOR,AttackPositioning,80,5
CREATOR,AttackPositioning,81,5
CREATOR,AttackPositioning,82,5
CREATOR,AttackPositioning,83,5
CREATOR,AttackPositioning,84,5
CREATOR,AttackPositioning,85,8
CREATOR,AttackPositioning,86,8
CREATOR,AttackPositioning,87,8
CREATOR,AttackPositioning,88,8
CREATOR,AttackPositioning,89,8
CREATOR,AttackPositioning,90,11
CREATOR,AttackPositioning,91,11
CREATOR,AttackPositioning,92,11
CREATOR,AttackPositioning,93,11
CREATOR,AttackPositioning,94,11
CREATOR,AttackPositioning,95,13
CREATOR,AttackPositioning,96,16
CREATOR,AttackPositioning,97,19
CREATOR,AttackPositioning,98,22
CREATOR,AttackPositioning,99,24
CREATOR,Finishing,40,2
CREATOR,Finishing,41,2
CREATOR,Finishing,42,2
CREATOR,Finishing,43,2
CREATOR,Finishing,44,2
CREATOR,Finishing,45,2
CREATOR,Finishing,46,2
CREATOR,Finishing,47,2
CREATOR,Finishing,48,2
CREATOR,Finishing,49,2
CREATOR,Finishing,50,2
CREATOR,Finishing,51,2
CREATOR,Finishing,52,2
CREATOR,Finishing,53,2
CREATOR,Finishing,54,2
CREATOR,Finishing,55,2
CREATOR,Finishing,56,2
CREATOR,Finishing,57,2
CREATOR,Finishing,58,2
CREATOR,Finishing,59,2
CREATOR,Finishing,60,3
CREATOR,Finishing,61,3
CREATOR,Finishing,62,3
CREATOR,Finishing,63,3
CREATOR,Finishing,64,4
CREATOR,Finishing,65,4
CREATOR,Finishing,66,4
CREATOR,Finishing,67,5
CREATOR,Finishing,68,5
CREATOR,Finishing,69,5
CREATOR,Finishing,70,6
CREATOR,Finishing,71,6
CREATOR,Finishing,72,6
CREATOR,Finishing,73,6
CREATOR,Finishing,74,6
CREATOR,Finishing,75,8
CREATOR,Finishing,76,8
CREATOR,Finishing,77,8
CREATOR,Finishing,78,8
CREATOR,Finishing,79,8
CREATOR,Finishing,80,10
CREATOR,Finishing,81,10
CREATOR,Finishing,82,10
CREATOR,Finishing,83,10
CREATOR,Finishing,84,10
CREATOR,Finishing,85,15
CREATOR,Finishing,86,15
CREATOR,Finishing,87,15
CREATOR,Finishing,88,15
CREATOR,Finishing,89,15
CREATOR,Finishing,90,20
CREATOR,Finishing,91,20
CREATOR,Finishing,92,20
CREATOR,Finishing,93,20
CREATOR,Finishing,94,20
CREATOR,Finishing,95,25
CREATOR,Finishing,96,30
CREATOR,Finishing,97,35
CREATOR,Finishing,98,40
CREATOR,Finishing,99,45
CREATOR,ShotPower,40,1
CREATOR,ShotPower,41,1
CREATOR,ShotPower,42,1
CREATOR,ShotPower,43,1
CREATOR,ShotPower,44,1
CREATOR,ShotPower,45,1
CREATOR,ShotPower,46,1
CREATOR,ShotPower,47,1
CREATOR,ShotPower,48,1
CREATOR,ShotPower,49,1
CREATOR,ShotPower,50,1
CREATOR,ShotPower,51,1
CREATOR,ShotPower,52,1
CREATOR,ShotPower,53,1
CREATOR,ShotPower,54,1
CREATOR,ShotPower,55,1
CREATOR,ShotPower,56,1
CREATOR,ShotPower,57,1
CREATOR,ShotPower,58,1
CREATOR,ShotPower,59,1
CREATOR,ShotPower,60,2
CREATOR,ShotPower,61,2
CREATOR,ShotPower,62,2
CREATOR,ShotPower,63,2
CREATOR,ShotPower,64,3
CREATOR,ShotPower,65,3
CREATOR,ShotPower,66,3
CREATOR,ShotPower,67,3
CREATOR,ShotPower,68,3
CREATOR,ShotPower,69,3
CREATOR,ShotPower,70,4
CREATOR,ShotPower,71,4
CREATOR,ShotPower,72,4
CREATOR,ShotPower,73,4
CREATOR,ShotPower,74,4
CREATOR,ShotPower,75,6
CREATOR,ShotPower,76,6
CREATOR,ShotPower,77,6
CREATOR,ShotPower,78,6
CREATOR,ShotPower,79,6
CREATOR,ShotPower,80,7
CREATOR,ShotPower,81,7
CREATOR,ShotPower,82,7
CREATOR,ShotPower,83,7
CREATOR,ShotPower,84,7
CREATOR,ShotPower,85,11
CREATOR,ShotPower,86,11
CREATOR,ShotPower,87,11
CREATOR,ShotPower,88,11
CREATOR,ShotPower,89,11
CREATOR,ShotPower,90,15
CREATOR,ShotPower,91,15
CREATOR,ShotPower,92,15
CREATOR,ShotPower,93,15
CREATOR,ShotPower,94,15
CREATOR,ShotPower,95,18
CREATOR,ShotPower,96,22
CREATOR,ShotPower,97,26
CREATOR,ShotPower,98,30
CREATOR,ShotPower,99,33
CREATOR,LongShots,40,1
CREATOR,LongShots,41,1
CREATOR,LongShots,42,1
CREATOR,LongShots,43,1
CREATOR,LongShots,44,1
CREATOR,LongShots,45,1
CREATOR,LongShots,46,1
CREATOR,LongShots,47,1
CREATOR,LongShots,48,1
CREATOR,LongShots,49,1
CREATOR,LongShots,50,1
CREATOR,LongShots,51,1
CREATOR,LongShots,52,1
CREATOR,LongShots,53,1
CREATOR,LongShots,54,1
CREATOR,LongShots,55,1
CREATOR,LongShots,56,1
CREATOR,LongShots,57,1
CREATOR,LongShots,58,1
CREATOR,LongShots,59,1
CREATOR,LongShots,60,1
CREATOR,LongShots,61,1
CREATOR,LongShots,62,1
CREATOR,LongShots,63,1
CREATOR,LongShots,64,2
CREATOR,LongShots,65,2
CREATOR,LongShots,66,2
CREATOR,LongShots,67,2
CREATOR,LongShots,68,2
CREATOR,LongShots,69,2
CREATOR,LongShots,70,3
CREATOR,LongShots,71,3
CREATOR,LongShots,72,3
CREATOR,LongShots,73,3
CREATOR,LongShots,74,3
CREATOR,LongShots,75,4
CREATOR,LongShots,76,4
CREATOR,LongShots,77,4
CREATOR,LongShots,78,4
CREATOR,LongShots,79,4
CREATOR,LongShots,80,5
CREATOR,LongShots,81,5
CREATOR,LongShots,82,5
CREATOR,LongShots,83,5
CREATOR,LongShots,84,5
CREATOR,LongShots,85,8
CREATOR,LongShots,86,8
CREATOR,LongShots,87,8
CREATOR,LongShots,88,8
CREATOR,LongShots,89,8
CREATOR,LongShots,90,11
CREATOR,LongShots,91,11
CREATOR,LongShots,92,11
CREATOR,LongShots,93,11
CREATOR,LongShots,94,11
CREATOR,LongShots,95,13
CREATOR,LongShots,96,16
CREATOR,LongShots,97,19
CREATOR,LongShots,98,22
CREATOR,LongShots,99,24
CREATOR,Volleys,40,1
CREATOR,Volleys,41,1
CREATOR,Volleys,42,1
CREATOR,Volleys,43,1
CREATOR,Volleys,44,1
CREATOR,Volleys,45,1
CREATOR,Volleys,46,1
CREATOR,Volleys,47,1
CREATOR,Volleys,48,1
CREATOR,Volleys,49,1
CREATOR,Volleys,50,1
CREATOR,Volleys,51,1
CREATOR,Volleys,52,1
CREATOR,Volleys,53,1
CREATOR,Volleys,54,1
CREATOR,Volleys,55,1
CREATOR,Volleys,56,1
CREATOR,Volleys,57,1
CREATOR,Volleys,58,1
CREATOR,Volleys,59,1
CREATOR,Volleys,60,1
CREATOR,Volleys,61,1
CREATOR,Volleys,62,1
CREATOR,Volleys,63,1
CREATOR,Volleys,64,2
CREATOR,Volleys,65,2
CREATOR,Volleys,66,2
CREATOR,Volleys,67,2
CREATOR,Volleys,68,2
CREATOR,Volleys,69,2
CREATOR,Volleys,70,3
CREATOR,Volleys,71,3
CREATOR,Volleys,72,3
CREATOR,Volleys,73,3
CREATOR,Volleys,74,3
CREATOR,Volleys,75,4
CREATOR,Volleys,76,4
CREATOR,Volleys,77,4
CREATOR,Volleys,78,4
CREATOR,Volleys,79,4
CREATOR,Volleys,80,5
CREATOR,Volleys,81,5
CREATOR,Volleys,82,5
CREATOR,Volleys,83,5
CREATOR,Volleys,84,5
CREATOR,Volleys,85,8
CREATOR,Volleys,86,8
CREATOR,Volleys,87,8
CREATOR,Volleys,88,8
CREATOR,Volleys,89,8
CREATOR,Volleys,90,11
CREATOR,Volleys,91,11
CREATOR,Volleys,92,11
CREATOR,Volleys,93,11
CREATOR,Volleys,94,11
CREATOR,Volleys,95,13
CREATOR,Volleys,96,16
CREATOR,Volleys,97,19
CREATOR,Volleys,98,22
CREATOR,Volleys,99,24
CREATOR,Penalties,40,1
CREATOR,Penalties,41,1
CREATOR,Penalties,42,1
CREATOR,Penalties,43,1
CREATOR,Penalties,44,1
CREATOR,Penalties,45,1
CREATOR,Penalties,46,1
CREATOR,Penalties,47,1
CREATOR,Penalties,48,1
CREATOR,Penalties,49,1
CREATOR,Penalties,50,1
CREATOR,Penalties,51,1
CREATOR,Penalties,52,1
CREATOR,Penalties,53,1
CREATOR,Penalties,54,1
CREATOR,Penalties,55,1
CREATOR,Penalties,56,1
CREATOR,Penalties,57,1
CREATOR,Penalties,58,1
CREATOR,Penalties,59,1
CREATOR,Penalties,60,1
CREATOR,Penalties,61,1
CREATOR,Penalties,62,1
CREATOR,Penalties,63,1
CREATOR,Penalties,64,2
CREATOR,Penalties,65,2
CREATOR,Penalties,66,2
CREATOR,Penalties,67,2
CREATOR,Penalties,68,2
CREATOR,Penalties,69,2
CREATOR,Penalties,70,3
CREATOR,Penalties,71,3
CREATOR,Penalties,72,3
CREATOR,Penalties,73,3
CREATOR,Penalties,74,3
CREATOR,Penalties,75,4
CREATOR,Penalties,76,4
CREATOR,Penalties,77,4
CREATOR,Penalties,78,4
CREATOR,Penalties,79,4
CREATOR,Penalties,80,5
CREATOR,Penalties,81,5
CREATOR,Penalties,82,5
CREATOR,Penalties,83,5
CREATOR,Penalties,84,5
CREATOR,Penalties,85,8
CREATOR,Penalties,86,8
CREATOR,Penalties,87,8
CREATOR,Penalties,88,8
CREATOR,Penalties,89,8
CREATOR,Penalties,90,11
CREATOR,Penalties,91,11
CREATOR,Penalties,92,11
CREATOR,Penalties,93,11
CREATOR,Penalties,94,11
CREATOR,Penalties,95,13
CREATOR,Penalties,96,16
CREATOR,Penalties,97,19
CREATOR,Penalties,98,22
CREATOR,Penalties,99,24
CREATOR,Vision,40,1
CREATOR,Vision,41,1
CREATOR,Vision,42,1
CREATOR,Vision,43,1
CREATOR,Vision,44,1
CREATOR,Vision,45,1
CREATOR,Vision,46,1
CREATOR,Vision,47,1
CREATOR,Vision,48,1
CREATOR,Vision,49,1
CREATOR,Vision,50,1
CREATOR,Vision,51,1
CREATOR,Vision,52,1
CREATOR,Vision,53,1
CREATOR,Vision,54,1
CREATOR,Vision,55,1
CREATOR,Vision,56,1
CREATOR,Vision,57,1
CREATOR,Vision,58,1
CREATOR,Vision,59,1
CREATOR,Vision,60,1
CREATOR,Vision,61,1
CREATOR,Vision,62,1
CREATOR,Vision,63,1
CREATOR,Vision,64,2
CREATOR,Vision,65,2
CREATOR,Vision,66,2
CREATOR,Vision,67,2
CREATOR,Vision,68,2
CREATOR,Vision,69,2
CREATOR,Vision,70,3
CREATOR,Vision,71,3
CREATOR,Vision,72,3
CREATOR,Vision,73,3
CREATOR,Vision,74,3
CREATOR,Vision,75,4
CREATOR,Vision,76,4
CREATOR,Vision,77,4
CREATOR,Vision,78,4
CREATOR,Vision,79,4
CREATOR,Vision,80,5
CREATOR,Vision,81,5
CREATOR,Vision,82,5
CREATOR,Vision,83,5
CREATOR,Vision,84,5
CREATOR,Vision,85,8
CREATOR,Vision,86,8
CREATOR,Vision,87,8
CREATOR,Vision,88,8
CREATOR,Vision,89,8
CREATOR,Vision,90,11
CREATOR,Vision,91,11
CREATOR,Vision,92,11
CREATOR,Vision,93,11
CREATOR,Vision,94,11
CREATOR,Vision,95,13
CREATOR,Vision,96,16
CREATOR,Vision,97,19
CREATOR,Vision,98,22
CREATOR,Vision,99,24
CREATOR,Crossing,40,1
CREATOR,Crossing,41,1
CREATOR,Crossing,42,1
CREATOR,Crossing,43,1
CREATOR,Crossing,44,1
CREATOR,Crossing,45,1
CREATOR,Crossing,46,1
CREATOR,Crossing,47,1
CREATOR,Crossing,48,1
CREATOR,Crossing,49,1
CREATOR,Crossing,50,1
CREATOR,Crossing,51,1
CREATOR,Crossing,52,1
CREATOR,Crossing,53,1
CREATOR,Crossing,54,1
CREATOR,Crossing,55,1
CREATOR,Crossing,56,1
CREATOR,Crossing,57,1
CREATOR,Crossing,58,1
CREATOR,Crossing,59,1
CREATOR,Crossing,60,2
CREATOR,Crossing,61,2
CREATOR,Crossing,62,2
CREATOR,Crossing,63,2
CREATOR,Crossing,64,3
CREATOR,Crossing,65,3
CREATOR,Crossing,66,3
CREATOR,Crossing,67,3
CREATOR,Crossing,68,3
CREATOR,Crossing,69,3
CREATOR,Crossing,70,4
CREATOR,Crossing,71,4
CREATOR,Crossing,72,4
CREATOR,Crossing,73,4
CREATOR,Crossing,74,4
CREATOR,Crossing,75,6
CREATOR,Crossing,76,6
CREATOR,Crossing,77,6
CREATOR,Crossing,78,6
CREATOR,Crossing,79,6
CREATOR,Crossing,80,7
CREATOR,Crossing,81,7
CREATOR,Crossing,82,7
CREATOR,Crossing,83,7
CREATOR,Crossing,84,7
CREATOR,Crossing,85,11
CREATOR,Crossing,86,11
CREATOR,Crossing,87,11
CREATOR,Crossing,88,11
CREATOR,Crossing,89,11
CREATOR,Crossing,90,15
CREATOR,Crossing,91,15
CREATOR,Crossing,92,15
CREATOR,Crossing,93,15
CREATOR,Crossing,94,15
CREATOR,Crossing,95,18
CREATOR,Crossing,96,22
CREATOR,Crossing,97,26
CREATOR,Crossing,98,30
CREATOR,Crossing,99,33
CREATOR,FKAccuracy,40,1
CREATOR,FKAccuracy,41,1
CREATOR,FKAccuracy,42,1
CREATOR,FKAccuracy,43,1
CREATOR,FKAccuracy,44,1
CREATOR,FKAccuracy,45,1
CREATOR,FKAccuracy,46,1
CREATOR,FKAccuracy,47,1
CREATOR,FKAccuracy,48,1
CREATOR,FKAccuracy,49,1
CREATOR,FKAccuracy,50,1
CREATOR,FKAccuracy,51,1
CREATOR,FKAccuracy,52,1
CREATOR,FKAccuracy,53,1
CREATOR,FKAccuracy,54,1
CREATOR,FKAccuracy,55,1
CREATOR,FKAccuracy,56,1
CREATOR,FKAccuracy,57,1
CREATOR,FKAccuracy,58,1
CREATOR,FKAccuracy,59,1
CREATOR,FKAccuracy,60,1
CREATOR,FKAccuracy,61,1
CREATOR,FKAccuracy,62,1
CREATOR,FKAccuracy,63,1
CREATOR,FKAccuracy,64,2
CREATOR,FKAccuracy,65,2
CREATOR,FKAccuracy,66,2
CREATOR,FKAccuracy,67,2
CREATOR,FKAccuracy,68,2
CREATOR,FKAccuracy,69,2
CREATOR,FKAccuracy,70,3
CREATOR,FKAccuracy,71,3
CREATOR,FKAccuracy,72,3
CREATOR,FKAccuracy,73,3
CREATOR,FKAccuracy,74,3
CREATOR,FKAccuracy,75,4
CREATOR,FKAccuracy,76,4
CREATOR,FKAccuracy,77,4
CREATOR,FKAccuracy,78,4
CREATOR,FKAccuracy,79,4
CREATOR,FKAccuracy,80,5
CREATOR,FKAccuracy,81,5
CREATOR,FKAccuracy,82,5
CREATOR,FKAccuracy,83,5
CREATOR,FKAccuracy,84,5
CREATOR,FKAccuracy,85,8
CREATOR,FKAccuracy,86,8
CREATOR,FKAccuracy,87,8
CREATOR,FKAccuracy,88,8
CREATOR,FKAccuracy,89,8
CREATOR,FKAccuracy,90,11
CREATOR,FKAccuracy,91,11
CREATOR,FKAccuracy,92,11
CREATOR,FKAccuracy,93,11
CREATOR,FKAccuracy,94,11
CREATOR,FKAccuracy,95,13
CREATOR,FKAccuracy,96,16
CREATOR,FKAccuracy,97,19
CREATOR,FKAccuracy,98,22
CREATOR,FKAccuracy,99,24
CREATOR,ShortPassing,40,1
CREATOR,ShortPassing,41,1
CREATOR,ShortPassing,42,1
CREATOR,ShortPassing,43,1
CREATOR,ShortPassing,44,1
CREATOR,ShortPassing,45,1
CREATOR,ShortPassing,46,1
CREATOR,ShortPassing,47,1
CREATOR,ShortPassing,48,1
CREATOR,ShortPassing,49,1
CREATOR,ShortPassing,50,1
CREATOR,ShortPassing,51,1
CREATOR,ShortPassing,52,1
CREATOR,ShortPassing,53,1
CREATOR,ShortPassing,54,1
CREATOR,ShortPassing,55,1
CREATOR,ShortPassing,56,1
CREATOR,ShortPassing,57,1
CREATOR,ShortPassing,58,1
CREATOR,ShortPassing,59,1
CREATOR,ShortPassing,60,2
CREATOR,ShortPassing,61,2
CREATOR,ShortPassing,62,2
CREATOR,ShortPassing,63,2
CREATOR,ShortPassing,64,3
CREATOR,ShortPassing,65,3
CREATOR,ShortPassing,66,3
CREATOR,ShortPassing,67,3
CREATOR,ShortPassing,68,3
CREATOR,ShortPassing,69,3
CREATOR,ShortPassing,70,4
CREATOR,ShortPassing,71,4
CREATOR,ShortPassing,72,4
CREATOR,ShortPassing,73,4
CREATOR,ShortPassing,74,4
CREATOR,ShortPassing,75,6
CREATOR,ShortPassing,76,6
CREATOR,ShortPassing,77,6
CREATOR,ShortPassing,78,6
CREATOR,ShortPassing,79,6
CREATOR,ShortPassing,80,7
CREATOR,ShortPassing,81,7
CREATOR,ShortPassing,82,7
CREATOR,ShortPassing,83,7
CREATOR,ShortPassing,84,7
CREATOR,ShortPassing,85,11
CREATOR,ShortPassing,86,11
CREATOR,ShortPassing,87,11
CREATOR,ShortPassing,88,11
CREATOR,ShortPassing,89,11
CREATOR,ShortPassing,90,15
CREATOR,ShortPassing,91,15
CREATOR,ShortPassing,92,15
CREATOR,ShortPassing,93,15
CREATOR,ShortPassing,94,15
CREATOR,ShortPassing,95,18
CREATOR,ShortPassing,96,22
CREATOR,ShortPassing,97,26
CREATOR,ShortPassing,98,30
CREATOR,ShortPassing,99,33
CREATOR,LongPassing,40,1
CREATOR,LongPassing,41,1
CREATOR,LongPassing,42,1
CREATOR,LongPassing,43,1
CREATOR,LongPassing,44,1
CREATOR,LongPassing,45,1
CREATOR,LongPassing,46,1
CREATOR,LongPassing,47,1
CREATOR,LongPassing,48,1
CREATOR,LongPassing,49,1
CREATOR,LongPassing,50,1
CREATOR,LongPassing,51,1
CREATOR,LongPassing,52,1
CREATOR,LongPassing,53,1
CREATOR,LongPassing,54,1
CREATOR,LongPassing,55,1
CREATOR,LongPassing,56,1
CREATOR,LongPassing,57,1
CREATOR,LongPassing,58,1
CREATOR,LongPassing,59,1
CREATOR,LongPassing,60,2
CREATOR,LongPassing,61,2
CREATOR,LongPassing,62,2
CREATOR,LongPassing,63,2
CREATOR,LongPassing,64,3
CREATOR,LongPassing,65,3
CREATOR,LongPassing,66,3
CREATOR,LongPassing,67,3
CREATOR,LongPassing,68,3
CREATOR,LongPassing,69,3
CREATOR,LongPassing,70,4
CREATOR,LongPassing,71,4
CREATOR,LongPassing,72,4
CREATOR,LongPassing,73,4
CREATOR,LongPassing,74,4
CREATOR,LongPassing,75,6
CREATOR,LongPassing,76,6
CREATOR,LongPassing,77,6
CREATOR,LongPassing,78,6
CREATOR,LongPassing,79,6
CREATOR,LongPassing,80,7
CREATOR,LongPassing,81,7
CREATOR,LongPassing,82,7
CREATOR,LongPassing,83,7
CREATOR,LongPassing,84,7
CREATOR,LongPassing,85,11
CREATOR,LongPassing,86,11
CREATOR,LongPassing,87,11
CREATOR,LongPassing,88,11
CREATOR,LongPassing,89,11
CREATOR,LongPassing,90,15
CREATOR,LongPassing,91,15
CREATOR,LongPassing,92,15
CREATOR,LongPassing,93,15
CREATOR,LongPassing,94,15
CREATOR,LongPassing,95,18
CREATOR,LongPassing,96,22
CREATOR,LongPassing,97,26
CREATOR,LongPassing,98,30
CREATOR,LongPassing,99,33
CREATOR,Curve,40,1
CREATOR,Curve,41,1
CREATOR,Curve,42,1
CREATOR,Curve,43,1
CREATOR,Curve,44,1
CREATOR,Curve,45,1
CREATOR,Curve,46,1
CREATOR,Curve,47,1
CREATOR,Curve,48,1
CREATOR,Curve,49,1
CREATOR,Curve,50,1
CREATOR,Curve,51,1
CREATOR,Curve,52,1
CREATOR,Curve,53,1
CREATOR,Curve,54,1
CREATOR,Curve,55,1
CREATOR,Curve,56,1
CREATOR,Curve,57,1
CREATOR,Curve,58,1
CREATOR,Curve,59,1
CREATOR,Curve,60,1
CREATOR,Curve,61,1
CREATOR,Curve,62,1
CREATOR,Curve,63,1
CREATOR,Curve,64,1
CREATOR,Curve,65,1
CREATOR,Curve,66,1
CREATOR,Curve,67,2
CREATOR,Curve,68,2
CREATOR,Curve,69,2
CREATOR,Curve,70,2
CREATOR,Curve,71,2
CREATOR,Curve,72,2
CREATOR,Curve,73,2
CREATOR,Curve,74,2
CREATOR,Curve,75,3
CREATOR,Curve,76,3
CREATOR,Curve,77,3
CREATOR,Curve,78,3
CREATOR,Curve,79,3
CREATOR,Curve,80,3
CREATOR,Curve,81,3
CREATOR,Curve,82,3
CREATOR,Curve,83,3
CREATOR,Curve,84,3
CREATOR,Curve,85,6
CREATOR,Curve,86,6
CREATOR,Curve,87,6
CREATOR,Curve,88,6
CREATOR,Curve,89,6
CREATOR,Curve,90,8
CREATOR,Curve,91,8
CREATOR,Curve,92,8
CREATOR,Curve,93,8
CREATOR,Curve,94,8
CREATOR,Curve,95,9
CREATOR,Curve,96,12
CREATOR,Curve,97,14
CREATOR,Curve,98,16
CREATOR,Curve,99,18
CREATOR,Agility,40,2
CREATOR,Agility,41,2
CREATOR,Agility,42,2
CREATOR,Agility,43,2
CREATOR,Agility,44,2
CREATOR,Agility,45,2
CREATOR,Agility,46,2
CREATOR,Agility,47,2
CREATOR,Agility,48,2
CREATOR,Agility,49,2
CREATOR,Agility,50,2
CREATOR,Agility,51,2
CREATOR,Agility,52,2
CREATOR,Agility,53,2
CREATOR,Agility,54,2
CREATOR,Agility,55,2
CREATOR,Agility,56,2
CREATOR,Agility,57,2
CREATOR,Agility,58,2
CREATOR,Agility,59,2
CREATOR,Agility,60,3
CREATOR,Agility,61,3
CREATOR,Agility,62,3
CREATOR,Agility,63,3
CREATOR,Agility,64,4
CREATOR,Agility,65,4
CREATOR,Agility,66,4
CREATOR,Agility,67,5
CREATOR,Agility,68,5
CREATOR,Agility,69,5
CREATOR,Agility,70,6
CREATOR,Agility,71,6
CREATOR,Agility,72,6
CREATOR,Agility,73,6
CREATOR,Agility,74,6
CREATOR,Agility,75,8
CREATOR,Agility,76,8
CREATOR,Agility,77,8
CREATOR,Agility,78,8
CREATOR,Agility,79,8
CREATOR,Agility,80,10
CREATOR,Agility,81,10
CREATOR,Agility,82,10
CREATOR,Agility,83,10
CREATOR,Agility,84,10
CREATOR,Agility,85,15
CREATOR,Agility,86,15
CREATOR,Agility,87,15
CREATOR,Agility,88,15
CREATOR,Agility,89,15
CREATOR,Agility,90,20
CREATOR,Agility,91,20
CREATOR,Agility,92,20
CREATOR,Agility,93,20
CREATOR,Agility,94,20
CREATOR,Agility,95,25
CREATOR,Agility,96,30
CREATOR,Agility,97,35
CREATOR,Agility,98,40
