Archetype,Attribute,Level,Cost
MAGICIAN,Acceleration,40,1
MAGICIAN,Acceleration,41,1
MAGICIAN,Acceleration,42,1
MAGICIAN,Acceleration,43,1
MAGICIAN,Acceleration,44,1
MAGICIAN,Acceleration,45,1
MAGICIAN,Acceleration,46,1
MAGICIAN,Acceleration,47,1
MAGICIAN,Acceleration,48,1
MAGICIAN,Acceleration,49,1
MAGICIAN,Acceleration,50,1
MAGICIAN,Acceleration,51,1
MAGICIAN,Acceleration,52,1
MAGICIAN,Acceleration,53,1
MAGICIAN,Acceleration,54,1
MAGICIAN,Acceleration,55,1
MAGICIAN,Acceleration,56,1
MAGICIAN,Acceleration,57,1
MAGICIAN,Acceleration,58,1
MAGICIAN,Acceleration,59,1
MAGICIAN,Acceleration,60,2
MAGICIAN,Acceleration,61,2
MAGICIAN,Acceleration,62,2
MAGICIAN,Acceleration,63,2
MAGICIAN,Acceleration,64,3
MAGICIAN,Acceleration,65,3
MAGICIAN,Acceleration,66,3
MAGICIAN,Acceleration,67,3
MAGICIAN,Acceleration,68,3
MAGICIAN,Acceleration,69,3
MAGICIAN,Acceleration,70,4
MAGICIAN,Acceleration,71,4
MAGICIAN,Acceleration,72,4
MAGICIAN,Acceleration,73,4
MAGICIAN,Acceleration,74,4
MAGICIAN,Acceleration,75,6
MAGICIAN,Acceleration,76,6
MAGICIAN,Acceleration,77,6
MAGICIAN,Acceleration,78,6
MAGICIAN,Acceleration,79,6
MAGICIAN,Acceleration,80,7
MAGICIAN,Acceleration,81,7
MAGICIAN,Acceleration,82,7
MAGICIAN,Acceleration,83,7
MAGICIAN,Acceleration,84,7
MAGICIAN,Acceleration,85,11
MAGICIAN,Acceleration,86,11
MAGICIAN,Acceleration,87,11
MAGICIAN,Acceleration,88,11
MAGICIAN,Acceleration,89,11
MAGICIAN,Acceleration,90,15
MAGICIAN,Acceleration,91,15
MAGICIAN,Acceleration,92,15
MAGICIAN,Acceleration,93,15
MAGICIAN,Acceleration,94,15
MAGICIAN,Acceleration,95,18
MAGICIAN,Acceleration,96,22
MAGICIAN,Acceleration,97,26
MAGICIAN,Acceleration,98,30
MAGICIAN,Acceleration,99,33
MAGICIAN,SprintSpeed,40,2
MAGICIAN,SprintSpeed,41,2
MAGICIAN,SprintSpeed,42,2
MAGICIAN,SprintSpeed,43,2
MAGICIAN,SprintSpeed,44,2
MAGICIAN,SprintSpeed,45,2
MAGICIAN,SprintSpeed,46,2
MAGICIAN,SprintSpeed,47,2
MAGICIAN,SprintSpeed,48,2
MAGICIAN,SprintSpeed,49,2
MAGICIAN,SprintSpeed,50,2
MAGICIAN,SprintSpeed,51,2
MAGICIAN,SprintSpeed,52,2
MAGICIAN,SprintSpeed,53,2
MAGICIAN,SprintSpeed,54,2
MAGICIAN,SprintSpeed,55,2
MAGICIAN,SprintSpeed,56,2
MAGICIAN,SprintSpeed,57,2
MAGICIAN,SprintSpeed,58,2
MAGICIAN,SprintSpeed,59,2
MAGICIAN,SprintSpeed,60,3
MAGICIAN,SprintSpeed,61,3
MAGICIAN,SprintSpeed,62,3
MAGICIAN,SprintSpeed,63,3
MAGICIAN,SprintSpeed,64,4
MAGICIAN,SprintSpeed,65,4
MAGICIAN,SprintSpeed,66,4
MAGICIAN,SprintSpeed,67,5
MAGICIAN,SprintSpeed,68,5
MAGICIAN,SprintSpeed,69,5
MAGICIAN,SprintSpeed,70,6
MAGICIAN,SprintSpeed,71,6
MAGICIAN,SprintSpeed,72,6
MAGICIAN,SprintSpeed,73,6
MAGICIAN,SprintSpeed,74,6
MAGICIAN,SprintSpeed,75,8
MAGICIAN,SprintSpeed,76,8
MAGICIAN,SprintSpeed,77,8
MAGICIAN,SprintSpeed,78,8
MAGICIAN,SprintSpeed,79,8
MAGICIAN,SprintSpeed,80,10
MAGICIAN,SprintSpeed,81,10
MAGICIAN,SprintSpeed,82,10
MAGICIAN,SprintSpeed,83,10
MAGICIAN,SprintSpeed,84,10
MAGICIAN,SprintSpeed,85,15
MAGICIAN,SprintSpeed,86,15
MAGICIAN,SprintSpeed,87,15
MAGICIAN,SprintSpeed,88,15
MAGICIAN,SprintSpeed,89,15
MAGICIAN,SprintSpeed,90,20
MAGICIAN,SprintSpeed,91,20
MAGICIAN,SprintSpeed,92,20
MAGICIAN,SprintSpeed,93,20
MAGICIAN,SprintSpeed,94,20
MAGICIAN,SprintSpeed,95,25
MAGICIAN,SprintSpeed,96,30
MAGICIAN,SprintSpeed,97,35
MAGICIAN,SprintSpeed,98,40
MAGICIAN,SprintSpeed,99,45
MAGICIAN,AttackPositioning,40,1
MAGICIAN,AttackPositioning,41,1
MAGICIAN,AttackPositioning,42,1
MAGICIAN,AttackPositioning,43,1
MAGICIAN,AttackPositioning,44,1
MAGICIAN,AttackPositioning,45,1
MAGICIAN,AttackPositioning,46,1
MAGICIAN,AttackPositioning,47,1
MAGICIAN,AttackPositioning,48,1
MAGICIAN,AttackPositioning,49,1
MAGICIAN,AttackPositioning,50,1
MAGICIAN,AttackPositioning,51,1
MAGICIAN,AttackPositioning,52,1
MAGICIAN,AttackPositioning,53,1
MAGICIAN,AttackPositioning,54,1
MAGICIAN,AttackPositioning,55,1
MAGICIAN,AttackPositioning,56,1
MAGICIAN,AttackPositioning,57,1
MAGICIAN,AttackPositioning,58,1
MAGICIAN,AttackPositioning,59,1
MAGICIAN,AttackPositioning,60,1
MAGICIAN,AttackPositioning,61,1
MAGICIAN,AttackPositioning,62,1
MAGICIAN,AttackPositioning,63,1
MAGICIAN,AttackPositioning,64,2
MAGICIAN,AttackPositioning,65,2
MAGICIAN,AttackPositioning,66,2
MAGICIAN,AttackPositioning,67,2
MAGICIAN,AttackPositioning,68,2
MAGICIAN,AttackPositioning,69,2
MAGICIAN,AttackPositioning,70,3
MAGICIAN,AttackPositioning,71,3
MAGICIAN,AttackPositioning,72,3
MAGICIAN,AttackPositioning,73,3
MAGICIAN,AttackPositioning,74,3
MAGICIAN,AttackPositioning,75,4
MAGICIAN,AttackPositioning,76,4
MAGICIAN,AttackPositioning,77,4
MAGICIAN,AttackPositioning,78,4
MAGICIAN,AttackPositioning,79,4
MAGICIAN,AttackPositioning,80,5
MAGICIAN,AttackPositioning,81,5
MAGICIAN,AttackPositioning,82,5
MAGICIAN,AttackPositioning,83,5
MAGICIAN,AttackPositioning,84,5
MAGICIAN,AttackPositioning,85,8
MAGICIAN,AttackPositioning,86,8
MAGICIAN,AttackPositioning,87,8
MAGICIAN,AttackPositioning,88,8
MAGICIAN,AttackPositioning,89,8
MAGICIAN,AttackPositioning,90,11
MAGICIAN,AttackPositioning,91,11
MAGICIAN,AttackPositioning,92,11
MAGICIAN,AttackPositioning,93,11
MAGICIAN,AttackPositioning,94,11
MAGICIAN,AttackPositioning,95,13
MAGICIAN,AttackPositioning,96,16
MAGICIAN,AttackPositioning,97,19
MAGICIAN,AttackPositioning,98,22
MAGICIAN,AttackPositioning,99,24
MAGICIAN,Finishing,40,1
MAGICIAN,Finishing,41,1
MAGICIAN,Finishing,42,1
MAGICIAN,Finishing,43,1
MAGICIAN,Finishing,44,1
MAGICIAN,Finishing,45,1
MAGICIAN,Finishing,46,1
MAGICIAN,Finishing,47,1
MAGICIAN,Finishing,48,1
MAGICIAN,Finishing,49,1
MAGICIAN,Finishing,50,1
MAGICIAN,Finishing,51,1
MAGICIAN,Finishing,52,1
MAGICIAN,Finishing,53,1
MAGICIAN,Finishing,54,1
MAGICIAN,Finishing,55,1
MAGICIAN,Finishing,56,1
MAGICIAN,Finishing,57,1
MAGICIAN,Finishing,58,1
MAGICIAN,Finishing,59,1
MAGICIAN,Finishing,60,2
MAGICIAN,Finishing,61,2
MAGICIAN,Finishing,62,2
MAGICIAN,Finishing,63,2
MAGICIAN,Finishing,64,3
MAGICIAN,Finishing,65,3
MAGICIAN,Finishing,66,3
MAGICIAN,Finishing,67,3
MAGICIAN,Finishing,68,3
MAGICIAN,Finishing,69,3
MAGICIAN,Finishing,70,4
MAGICIAN,Finishing,71,4
MAGICIAN,Finishing,72,4
MAGICIAN,Finishing,73,4
MAGICIAN,Finishing,74,4
MAGICIAN,Finishing,75,6
MAGICIAN,Finishing,76,6
MAGICIAN,Finishing,77,6
MAGICIAN,Finishing,78,6
MAGICIAN,Finishing,79,6
MAGICIAN,Finishing,80,7
MAGICIAN,Finishing,81,7
MAGICIAN,Finishing,82,7
MAGICIAN,Finishing,83,7
MAGICIAN,Finishing,84,7
MAGICIAN,Finishing,85,11
MAGICIAN,Finishing,86,11
MAGICIAN,Finishing,87,11
MAGICIAN,Finishing,88,11
MAGICIAN,Finishing,89,11
MAGICIAN,Finishing,90,15
MAGICIAN,Finishing,91,15
MAGICIAN,Finishing,92,15
MAGICIAN,Finishing,93,15
MAGICIAN,Finishing,94,15
MAGICIAN,Finishing,95,18
MAGICIAN,Finishing,96,22
MAGICIAN,Finishing,97,26
MAGICIAN,Finishing,98,30
MAGICIAN,Finishing,99,33
MAGICIAN,ShotPower,40,1
MAGICIAN,ShotPower,41,1
MAGICIAN,ShotPower,42,1
MAGICIAN,ShotPower,43,1
MAGICIAN,ShotPower,44,1
MAGICIAN,ShotPower,45,1
MAGICIAN,ShotPower,46,1
MAGICIAN,ShotPower,47,1
MAGICIAN,ShotPower,48,1
MAGICIAN,ShotPower,49,1
MAGICIAN,ShotPower,50,1
MAGICIAN,ShotPower,51,1
MAGICIAN,ShotPower,52,1
MAGICIAN,ShotPower,53,1
MAGICIAN,ShotPower,54,1
MAGICIAN,ShotPower,55,1
MAGICIAN,ShotPower,56,1
MAGICIAN,ShotPower,57,1
MAGICIAN,ShotPower,58,1
MAGICIAN,ShotPower,59,1
MAGICIAN,ShotPower,60,2
MAGICIAN,ShotPower,61,2
MAGICIAN,ShotPower,62,2
MAGICIAN,ShotPower,63,2
MAGICIAN,ShotPower,64,3
MAGICIAN,ShotPower,65,3
MAGICIAN,ShotPower,66,3
MAGICIAN,ShotPower,67,3
MAGICIAN,ShotPower,68,3
MAGICIAN,ShotPower,69,3
MAGICIAN,ShotPower,70,4
MAGICIAN,ShotPower,71,4
MAGICIAN,ShotPower,72,4
MAGICIAN,ShotPower,73,4
MAGICIAN,ShotPower,74,4
MAGICIAN,ShotPower,75,6
MAGICIAN,ShotPower,76,6
MAGICIAN,ShotPower,77,6
MAGICIAN,ShotPower,78,6
MAGICIAN,ShotPower,79,6
MAGICIAN,ShotPower,80,7
MAGICIAN,ShotPower,81,7
MAGICIAN,ShotPower,82,7
MAGICIAN,ShotPower,83,7
MAGICIAN,ShotPower,84,7
MAGICIAN,ShotPower,85,11
MAGICIAN,ShotPower,86,11
MAGICIAN,ShotPower,87,11
MAGICIAN,ShotPower,88,11
MAGICIAN,ShotPower,89,11
MAGICIAN,ShotPower,90,15
MAGICIAN,ShotPower,91,15
MAGICIAN,ShotPower,92,15
MAGICIAN,ShotPower,93,15
MAGICIAN,ShotPower,94,15
MAGICIAN,ShotPower,95,18
MAGICIAN,ShotPower,96,22
MAGICIAN,ShotPower,97,26
MAGICIAN,ShotPower,98,30
MAGICIAN,ShotPower,99,33
MAGICIAN,LongShots,40,1
MAGICIAN,LongShots,41,1
MAGICIAN,LongShots,42,1
MAGICIAN,LongShots,43,1
MAGICIAN,LongShots,44,1
MAGICIAN,LongShots,45,1
MAGICIAN,LongShots,46,1
MAGICIAN,LongShots,47,1
MAGICIAN,LongShots,48,1
MAGICIAN,LongShots,49,1
MAGICIAN,LongShots,50,1
MAGICIAN,LongShots,51,1
MAGICIAN,LongShots,52,1
MAGICIAN,LongShots,53,1
MAGICIAN,LongShots,54,1
MAGICIAN,LongShots,55,1
MAGICIAN,LongShots,56,1
MAGICIAN,LongShots,57,1
MAGICIAN,LongShots,58,1
MAGICIAN,LongShots,59,1
MAGICIAN,LongShots,60,2
MAGICIAN,LongShots,61,2
MAGICIAN,LongShots,62,2
MAGICIAN,LongShots,63,2
MAGICIAN,LongShots,64,3
MAGICIAN,LongShots,65,3
MAGICIAN,LongShots,66,3
MAGICIAN,LongShots,67,3
MAGICIAN,LongShots,68,3
MAGICIAN,LongShots,69,3
MAGICIAN,LongShots,70,4
MAGICIAN,LongShots,71,4
MAGICIAN,LongShots,72,4
MAGICIAN,LongShots,73,4
MAGICIAN,LongShots,74,4
MAGICIAN,LongShots,75,6
MAGICIAN,LongShots,76,6
MAGICIAN,LongShots,77,6
MAGICIAN,LongShots,78,6
MAGICIAN,LongShots,79,6
MAGICIAN,LongShots,80,7
MAGICIAN,LongShots,81,7
MAGICIAN,LongShots,82,7
MAGICIAN,LongShots,83,7
MAGICIAN,LongShots,84,7
MAGICIAN,LongShots,85,11
MAGICIAN,LongShots,86,11
MAGICIAN,LongShots,87,11
MAGICIAN,LongShots,88,11
MAGICIAN,LongShots,89,11
MAGICIAN,LongShots,90,15
MAGICIAN,LongShots,91,15
MAGICIAN,LongShots,92,15
MAGICIAN,LongShots,93,15
MAGICIAN,LongShots,94,15
MAGICIAN,LongShots,95,18
MAGICIAN,LongShots,96,22
MAGICIAN,LongShots,97,26
MAGICIAN,LongShots,98,30
MAGICIAN,LongShots,99,33
MAGICIAN,Volleys,40,1
MAGICIAN,Volleys,41,1
MAGICIAN,Volleys,42,1
MAGICIAN,Volleys,43,1
MAGICIAN,Volleys,44,1
MAGICIAN,Volleys,45,1
MAGICIAN,Volleys,46,1
MAGICIAN,Volleys,47,1
MAGICIAN,Volleys,48,1
MAGICIAN,Volleys,49,1
MAGICIAN,Volleys,50,1
MAGICIAN,Volleys,51,1
MAGICIAN,Volleys,52,1
MAGICIAN,Volleys,53,1
MAGICIAN,Volleys,54,1
MAGICIAN,Volleys,55,1
MAGICIAN,Volleys,56,1
MAGICIAN,Volleys,57,1
MAGICIAN,Volleys,58,1
MAGICIAN,Volleys,59,1
MAGICIAN,Volleys,60,1
MAGICIAN,Volleys,61,1
MAGICIAN,Volleys,62,1
MAGICIAN,Volleys,63,1
MAGICIAN,Volleys,64,2
MAGICIAN,Volleys,65,2
MAGICIAN,Volleys,66,2
MAGICIAN,Volleys,67,2
MAGICIAN,Volleys,68,2
MAGICIAN,Volleys,69,2
MAGICIAN,Volleys,70,3
MAGICIAN,Volleys,71,3
MAGICIAN,Volleys,72,3
MAGICIAN,Volleys,73,3
MAGICIAN,Volleys,74,3
MAGICIAN,Volleys,75,4
MAGICIAN,Volleys,76,4
MAGICIAN,Volleys,77,4
MAGICIAN,Volleys,78,4
MAGICIAN,Volleys,79,4
MAGICIAN,Volleys,80,5
MAGICIAN,Volleys,81,5
MAGICIAN,Volleys,82,5
MAGICIAN,Volleys,83,5
MAGICIAN,Volleys,84,5
MAGICIAN,Volleys,85,8
MAGICIAN,Volleys,86,8
MAGICIAN,Volleys,87,8
MAGICIAN,Volleys,88,8
MAGICIAN,Volleys,89,8
MAGICIAN,Volleys,90,11
MAGICIAN,Volleys,91,11
MAGICIAN,Volleys,92,11
MAGICIAN,Volleys,93,11
MAGICIAN,Volleys,94,11
MAGICIAN,Volleys,95,13
MAGICIAN,Volleys,96,16
MAGICIAN,Volleys,97,19
MAGICIAN,Volleys,98,22
MAGICIAN,Volleys,99,24
MAGICIAN,Penalties,40,1
MAGICIAN,Penalties,41,1
MAGICIAN,Penalties,42,1
MAGICIAN,Penalties,43,1
MAGICIAN,Penalties,44,1
MAGICIAN,Penalties,45,1
MAGICIAN,Penalties,46,1
MAGICIAN,Penalties,47,1
MAGICIAN,Penalties,48,1
MAGICIAN,Penalties,49,1
MAGICIAN,Penalties,50,1
MAGICIAN,Penalties,51,1
MAGICIAN,Penalties,52,1
MAGICIAN,Penalties,53,1
MAGICIAN,Penalties,54,1
MAGICIAN,Penalties,55,1
MAGICIAN,Penalties,56,1
MAGICIAN,Penalties,57,1
MAGICIAN,Penalties,58,1
MAGICIAN,Penalties,59,1
MAGICIAN,Penalties,60,1
MAGICIAN,Penalties,61,1
MAGICIAN,Penalties,62,1
MAGICIAN,Penalties,63,1
MAGICIAN,Penalties,64,2
MAGICIAN,Penalties,65,2
MAGICIAN,Penalties,66,2
MAGICIAN,Penalties,67,2
MAGICIAN,Penalties,68,2
MAGICIAN,Penalties,69,2
MAGICIAN,Penalties,70,3
MAGICIAN,Penalties,71,3
MAGICIAN,Penalties,72,3
MAGICIAN,Penalties,73,3
MAGICIAN,Penalties,74,3
MAGICIAN,Penalties,75,4
MAGICIAN,Penalties,76,4
MAGICIAN,Penalties,77,4
MAGICIAN,Penalties,78,4
MAGICIAN,Penalties,79,4
MAGICIAN,Penalties,80,5
MAGICIAN,Penalties,81,5
MAGICIAN,Penalties,82,5
MAGICIAN,Penalties,83,5
MAGICIAN,Penalties,84,5
MAGICIAN,Penalties,85,8
MAGICIAN,Penalties,86,8
MAGICIAN,Penalties,87,8
MAGICIAN,Penalties,88,8
MAGICIAN,Penalties,89,8
MAGICIAN,Penalties,90,11
MAGICIAN,Penalties,91,11
MAGICIAN,Penalties,92,11
MAGICIAN,Penalties,93,11
MAGICIAN,Penalties,94,11
MAGICIAN,Penalties,95,13
MAGICIAN,Penalties,96,16
MAGICIAN,Penalties,97,19
MAGICIAN,Penalties,98,22
MAGICIAN,Penalties,99,24
MAGICIAN,Vision,40,1
MAGICIAN,Vision,41,1
MAGICIAN,Vision,42,1
MAGICIAN,Vision,43,1
MAGICIAN,Vision,44,1
MAGICIAN,Vision,45,1
MAGICIAN,Vision,46,1
MAGICIAN,Vision,47,1
MAGICIAN,Vision,48,1
MAGICIAN,Vision,49,1
MAGICIAN,Vision,50,1
MAGICIAN,Vision,51,1
MAGICIAN,Vision,52,1
MAGICIAN,Vision,53,1
MAGICIAN,Vision,54,1
MAGICIAN,Vision,55,1
MAGICIAN,Vision,56,1
MAGICIAN,Vision,57,1
MAGICIAN,Vision,58,1
MAGICIAN,Vision,59,1
MAGICIAN,Vision,60,2
MAGICIAN,Vision,61,2
MAGICIAN,Vision,62,2
MAGICIAN,Vision,63,2
MAGICIAN,Vision,64,3
MAGICIAN,Vision,65,3
MAGICIAN,Vision,66,3
MAGICIAN,Vision,67,3
MAGICIAN,Vision,68,3
MAGICIAN,Vision,69,3
MAGICIAN,Vision,70,4
MAGICIAN,Vision,71,4
MAGICIAN,Vision,72,4
MAGICIAN,Vision,73,4
MAGICIAN,Vision,74,4
MAGICIAN,Vision,75,6
MAGICIAN,Vision,76,6
MAGICIAN,Vision,77,6
MAGICIAN,Vision,78,6
MAGICIAN,Vision,79,6
MAGICIAN,Vision,80,7
MAGICIAN,Vision,81,7
MAGICIAN,Vision,82,7
MAGICIAN,Vision,83,7
MAGICIAN,Vision,84,7
MAGICIAN,Vision,85,11
MAGICIAN,Vision,86,11
MAGICIAN,Vision,87,11
MAGICIAN,Vision,88,11
MAGICIAN,Vision,89,11
MAGICIAN,Vision,90,15
MAGICIAN,Vision,91,15
MAGICIAN,Vision,92,15
MAGICIAN,Vision,93,15
MAGICIAN,Vision,94,15
MAGICIAN,Vision,95,18
MAGICIAN,Vision,96,22
MAGICIAN,Vision,97,26
MAGICIAN,Vision,98,30
MAGICIAN,Vision,99,33
MAGICIAN,Crossing,40,1
MAGICIAN,Crossing,41,1
MAGICIAN,Crossing,42,1
MAGICIAN,Crossing,43,1
MAGICIAN,Crossing,44,1
MAGICIAN,Crossing,45,1
MAGICIAN,Crossing,46,1
MAGICIAN,Crossing,47,1
MAGICIAN,Crossing,48,1
MAGICIAN,Crossing,49,1
MAGICIAN,Crossing,50,1
MAGICIAN,Crossing,51,1
MAGICIAN,Crossing,52,1
MAGICIAN,Crossing,53,1
MAGICIAN,Crossing,54,1
MAGICIAN,Crossing,55,1
MAGICIAN,Crossing,56,1
MAGICIAN,Crossing,57,1
MAGICIAN,Crossing,58,1
MAGICIAN,Crossing,59,1
MAGICIAN,Crossing,60,2
MAGICIAN,Crossing,61,2
MAGICIAN,Crossing,62,2
MAGICIAN,Crossing,63,2
MAGICIAN,Crossing,64,3
MAGICIAN,Crossing,65,3
MAGICIAN,Crossing,66,3
MAGICIAN,Crossing,67,3
MAGICIAN,Crossing,68,3
MAGICIAN,Crossing,69,3
MAGICIAN,Crossing,70,4
MAGICIAN,Crossing,71,4
MAGICIAN,Crossing,72,4
MAGICIAN,Crossing,73,4
MAGICIAN,Crossing,74,4
MAGICIAN,Crossing,75,6
MAGICIAN,Crossing,76,6
MAGICIAN,Crossing,77,6
MAGICIAN,Crossing,78,6
MAGICIAN,Crossing,79,6
MAGICIAN,Crossing,80,7
MAGICIAN,Crossing,81,7
MAGICIAN,Crossing,82,7
MAGICIAN,Crossing,83,7
MAGICIAN,Crossing,84,7
MAGICIAN,Crossing,85,11
MAGICIAN,Crossing,86,11
MAGICIAN,Crossing,87,11
MAGICIAN,Crossing,88,11
MAGICIAN,Crossing,89,11
MAGICIAN,Crossing,90,15
MAGICIAN,Crossing,91,15
MAGICIAN,Crossing,92,15
MAGICIAN,Crossing,93,15
MAGICIAN,Crossing,94,15
MAGICIAN,Crossing,95,18
MAGICIAN,Crossing,96,22
MAGICIAN,Crossing,97,26
MAGICIAN,Crossing,98,30
MAGICIAN,Crossing,99,33
MAGICIAN,FKAccuracy,40,1
MAGICIAN,FKAccuracy,41,1
MAGICIAN,FKAccuracy,42,1
MAGICIAN,FKAccuracy,43,1
MAGICIAN,FKAccuracy,44,1
MAGICIAN,FKAccuracy,45,1
MAGICIAN,FKAccuracy,46,1
MAGICIAN,FKAccuracy,47,1
MAGICIAN,FKAccuracy,48,1
MAGICIAN,FKAccuracy,49,1
MAGICIAN,FKAccuracy,50,1
MAGICIAN,FKAccuracy,51,1
MAGICIAN,FKAccuracy,52,1
MAGICIAN,FKAccuracy,53,1
MAGICIAN,FKAccuracy,54,1
MAGICIAN,FKAccuracy,55,1
MAGICIAN,FKAccuracy,56,1
MAGICIAN,FKAccuracy,57,1
MAGICIAN,FKAccuracy,58,1
MAGICIAN,FKAccuracy,59,1
MAGICIAN,FKAccuracy,60,1
MAGICIAN,FKAccuracy,61,1
MAGICIAN,FKAccuracy,62,1
MAGICIAN,FKAccuracy,63,1
MAGICIAN,FKAccuracy,64,2
MAGICIAN,FKAccuracy,65,2
MAGICIAN,FKAccuracy,66,2
MAGICIAN,FKAccuracy,67,2
MAGICIAN,FKAccuracy,68,2
MAGICIAN,FKAccuracy,69,2
MAGICIAN,FKAccuracy,70,3
MAGICIAN,FKAccuracy,71,3
MAGICIAN,FKAccuracy,72,3
MAGICIAN,FKAccuracy,73,3
MAGICIAN,FKAccuracy,74,3
MAGICIAN,FKAccuracy,75,4
MAGICIAN,FKAccuracy,76,4
MAGICIAN,FKAccuracy,77,4
MAGICIAN,FKAccuracy,78,4
MAGICIAN,FKAccuracy,79,4
MAGICIAN,FKAccuracy,80,5
MAGICIAN,FKAccuracy,81,5
MAGICIAN,FKAccuracy,82,5
MAGICIAN,FKAccuracy,83,5
MAGICIAN,FKAccuracy,84,5
MAGICIAN,FKAccuracy,85,8
MAGICIAN,FKAccuracy,86,8
MAGICIAN,FKAccuracy,87,8
MAGICIAN,FKAccuracy,88,8
MAGICIAN,FKAccuracy,89,8
MAGICIAN,FKAccuracy,90,11
MAGICIAN,FKAccuracy,91,11
MAGICIAN,FKAccuracy,92,11
MAGICIAN,FKAccuracy,93,11
MAGICIAN,FKAccuracy,94,11
MAGICIAN,FKAccuracy,95,13
MAGICIAN,FKAccuracy,96,16
MAGICIAN,FKAccuracy,97,19
MAGICIAN,FKAccuracy,98,22
MAGICIAN,FKAccuracy,99,24
MAGICIAN,ShortPassing,40,2
MAGICIAN,ShortPassing,41,2
MAGICIAN,ShortPassing,42,2
MAGICIAN,ShortPassing,43,2
MAGICIAN,ShortPassing,44,2
MAGICIAN,ShortPassing,45,2
MAGICIAN,ShortPassing,46,2
MAGICIAN,ShortPassing,47,2
MAGICIAN,ShortPassing,48,2
MAGICIAN,ShortPassing,49,2
MAGICIAN,ShortPassing,50,2
MAGICIAN,ShortPassing,51,2
MAGICIAN,ShortPassing,52,2
MAGICIAN,ShortPassing,53,2
MAGICIAN,ShortPassing,54,2
MAGICIAN,ShortPassing,55,2
MAGICIAN,ShortPassing,56,2
MAGICIAN,ShortPassing,57,2
MAGICIAN,ShortPassing,58,2
MAGICIAN,ShortPassing,59,2
MAGICIAN,ShortPassing,60,3
MAGICIAN,ShortPassing,61,3
MAGICIAN,ShortPassing,62,3
MAGICIAN,ShortPassing,63,3
MAGICIAN,ShortPassing,64,4
MAGICIAN,ShortPassing,65,4
MAGICIAN,ShortPassing,66,4
MAGICIAN,ShortPassing,67,5
MAGICIAN,ShortPassing,68,5
MAGICIAN,ShortPassing,69,5
MAGICIAN,ShortPassing,70,6
MAGICIAN,ShortPassing,71,6
MAGICIAN,ShortPassing,72,6
MAGICIAN,ShortPassing,73,6
MAGICIAN,ShortPassing,74,6
MAGICIAN,ShortPassing,75,8
MAGICIAN,ShortPassing,76,8
MAGICIAN,ShortPassing,77,8
MAGICIAN,ShortPassing,78,8
MAGICIAN,ShortPassing,79,8
MAGICIAN,ShortPassing,80,10
MAGICIAN,ShortPassing,81,10
MAGICIAN,ShortPassing,82,10
MAGICIAN,ShortPassing,83,10
MAGICIAN,ShortPassing,84,10
MAGICIAN,ShortPassing,85,15
MAGICIAN,ShortPassing,86,15
MAGICIAN,ShortPassing,87,15
MAGICIAN,ShortPassing,88,15
MAGICIAN,ShortPassing,89,15
MAGICIAN,ShortPassing,90,20
MAGICIAN,ShortPassing,91,20
MAGICIAN,ShortPassing,92,20
MAGICIAN,ShortPassing,93,20
MAGICIAN,ShortPassing,94,20
MAGICIAN,ShortPassing,95,25
MAGICIAN,ShortPassing,96,30
MAGICIAN,ShortPassing,97,35
MAGICIAN,ShortPassing,98,40
MAGICIAN,ShortPassing,99,45
MAGICIAN,LongPassing,40,1
MAGICIAN,LongPassing,41,1
MAGICIAN,LongPassing,42,1
MAGICIAN,LongPassing,43,1
MAGICIAN,LongPassing,44,1
MAGICIAN,LongPassing,45,1
MAGICIAN,LongPassing,46,1
MAGICIAN,LongPassing,47,1
MAGICIAN,LongPassing,48,1
MAGICIAN,LongPassing,49,1
MAGICIAN,LongPassing,50,1
MAGICIAN,LongPassing,51,1
MAGICIAN,LongPassing,52,1
MAGICIAN,LongPassing,53,1
MAGICIAN,LongPassing,54,1
MAGICIAN,LongPassing,55,1
MAGICIAN,LongPassing,56,1
MAGICIAN,LongPassing,57,1
MAGICIAN,LongPassing,58,1
MAGICIAN,LongPassing,59,1
MAGICIAN,LongPassing,60,2
MAGICIAN,LongPassing,61,2
MAGICIAN,LongPassing,62,2
MAGICIAN,LongPassing,63,2
MAGICIAN,LongPassing,64,3
MAGICIAN,LongPassing,65,3
MAGICIAN,LongPassing,66,3
MAGICIAN,LongPassing,67,3
MAGICIAN,LongPassing,68,3
MAGICIAN,LongPassing,69,3
MAGICIAN,LongPassing,70,4
MAGICIAN,LongPassing,71,4
MAGICIAN,LongPassing,72,4
MAGICIAN,LongPassing,73,4
MAGICIAN,LongPassing,74,4
MAGICIAN,LongPassing,75,6
MAGICIAN,LongPassing,76,6
MAGICIAN,LongPassing,77,6
MAGICIAN,LongPassing,78,6
MAGICIAN,LongPassing,79,6
MAGICIAN,LongPassing,80,7
MAGICIAN,LongPassing,81,7
MAGICIAN,LongPassing,82,7
MAGICIAN,LongPassing,83,7
MAGICIAN,LongPassing,84,7
MAGICIAN,LongPassing,85,11
MAGICIAN,LongPassing,86,11
MAGICIAN,LongPassing,87,11
MAGICIAN,LongPassing,88,11
MAGICIAN,LongPassing,89,11
MAGICIAN,LongPassing,90,15
MAGICIAN,LongPassing,91,15
MAGICIAN,LongPassing,92,15
MAGICIAN,LongPassing,93,15
MAGICIAN,LongPassing,94,15
MAGICIAN,LongPassing,95,18
MAGICIAN,LongPassing,96,22
MAGICIAN,LongPassing,97,26
MAGICIAN,LongPassing,98,30
MAGICIAN,LongPassing,99,33
MAGICIAN,Curve,40,1
MAGICIAN,Curve,41,1
MAGICIAN,Curve,42,1
MAGICIAN,Curve,43,1
MAGICIAN,Curve,44,1
MAGICIAN,Curve,45,1
MAGICIAN,Curve,46,1
MAGICIAN,Curve,47,1
MAGICIAN,Curve,48,1
MAGICIAN,Curve,49,1
MAGICIAN,Curve,50,1
MAGICIAN,Curve,51,1
MAGICIAN,Curve,52,1
MAGICIAN,Curve,53,1
MAGICIAN,Curve,54,1
MAGICIAN,Curve,55,1
MAGICIAN,Curve,56,1
MAGICIAN,Curve,57,1
MAGICIAN,Curve,58,1
MAGICIAN,Curve,59,1
MAGICIAN,Curve,60,1
MAGICIAN,Curve,61,1
MAGICIAN,Curve,62,1
MAGICIAN,Curve,63,1
MAGICIAN,Curve,64,1
MAGICIAN,Curve,65,1
MAGICIAN,Curve,66,1
MAGICIAN,Curve,67,2
MAGICIAN,Curve,68,2
MAGICIAN,Curve,69,2
MAGICIAN,Curve,70,2
MAGICIAN,Curve,71,2
MAGICIAN,Curve,72,2
MAGICIAN,Curve,73,2
MAGICIAN,Curve,74,2
MAGICIAN,Curve,75,3
MAGICIAN,Curve,76,3
MAGICIAN,Curve,77,3
MAGICIAN,Curve,78,3
MAGICIAN,Curve,79,3
MAGICIAN,Curve,80,3
MAGICIAN,Curve,81,3
MAGICIAN,Curve,82,3
MAGICIAN,Curve,83,3
MAGICIAN,Curve,84,3
MAGICIAN,Curve,85,6
MAGICIAN,Curve,86,6
MAGICIAN,Curve,87,6
MAGICIAN,Curve,88,6
MAGICIAN,Curve,89,6
MAGICIAN,Curve,90,8
MAGICIAN,Curve,91,8
MAGICIAN,Curve,92,8
MAGICIAN,Curve,93,8
MAGICIAN,Curve,94,8
MAGICIAN,Curve,95,9
MAGICIAN,Curve,96,12
MAGICIAN,Curve,97,14
MAGICIAN,Curve,98,16
MAGICIAN,Curve,99,18
MAGICIAN,Agility,40,2
MAGICIAN,Agility,41,2
MAGICIAN,Agility,42,2
MAGICIAN,Agility,43,2
MAGICIAN,Agility,44,2
MAGICIAN,Agility,45,2
MAGICIAN,Agility,46,2
MAGICIAN,Agility,47,2
MAGICIAN,Agility,48,2
MAGICIAN,Agility,49,2
MAGICIAN,Agility,50,2
MAGICIAN,Agility,51,2
MAGICIAN,Agility,52,2
MAGICIAN,Agility,53,2
MAGICIAN,Agility,54,2
MAGICIAN,Agility,55,2
MAGICIAN,Agility,56,2
MAGICIAN,Agility,57,2
MAGICIAN,Agility,58,2
MAGICIAN,Agility,59,2
MAGICIAN,Agility,60,3
MAGICIAN,Agility,61,3
MAGICIAN,Agility,62,3
MAGICIAN,Agility,63,3
MAGICIAN,Agility,64,4
MAGICIAN,Agility,65,4
MAGICIAN,Agility,66,4
MAGICIAN,Agility,67,5
MAGICIAN,Agility,68,5
MAGICIAN,Agility,69,5
MAGICIAN,Agility,70,6
MAGICIAN,Agility,71,6
MAGICIAN,Agility,72,6
MAGICIAN,Agility,73,6
MAGICIAN,Agility,74,6
MAGICIAN,Agility,75,8
MAGICIAN,Agility,76,8
MAGICIAN,Agility,77,8
MAGICIAN,Agility,78,8
MAGICIAN,Agility,79,8
MAGICIAN,Agility,80,10
MAGICIAN,Agility,81,10
MAGICIAN,Agility,82,10
MAGICIAN,Agility,83,10
MAGICIAN,Agility,84,10
MAGICIAN,Agility,85,15
MAGICIAN,Agility,86,15
MAGICIAN,Agility,87,15
MAGICIAN,Agility,88,15
MAGICIAN,Agility,89,15
MAGICIAN,Agility,90,20
MAGICIAN,Agility,91,20
MAGICIAN,Agility,92,20
MAGICIAN,Agility,93,20
MAGICIAN,Agility,94,20
MAGICIAN,Agility,95,25
MAGICIAN,Agility,96,30
MAGICIAN,Agility,97,35
MAGICIAN,Agility,98,40
MAGICIAN,Agility,99,45
MAGICIAN,Balance,40,1
MAGICIAN,Balance,41,1
MAGICIAN,Balance,42,1
MAGICIAN,Balance,43,1
MAGICIAN,Balance,44,1
MAGICIAN,Balance,45,1
MAGICIAN,Balance,46,1
MAGICIAN,Balance,47,1
MAGICIAN,Balance,48,1
MAGICIAN,Balance,49,1
MAGICIAN,Balance,50,1
MAGICIAN,Balance,51,1
MAGICIAN,Balance,52,1
MAGICIAN,Balance,53,1
MAGICIAN,Balance,54,1
MAGICIAN,Balance,55,1
MAGICIAN,Balance,56,1
MAGICIAN,Balance,57,1
MAGICIAN,Balance,58,1
MAGICIAN,Balance,59,1
MAGICIAN,Balance,60,1
MAGICIAN,Balance,61,1
MAGICIAN,Balance,62,1
MAGICIAN,Balance,63,1
MAGICIAN,Balance,64,2
MAGICIAN,Balance,65,2
MAGICIAN,Balance,66,2
MAGICIAN,Balance,67,2
MAGICIAN,Balance,68,2
MAGICIAN,Balance,69,2
MAGICIAN,Balance,70,3
MAGICIAN,Balance,71,3
MAGICIAN,Balance,72,3
MAGICIAN,Balance,73,3
MAGICIAN,Balance,74,3
MAGICIAN,Balance,75,4
MAGICIAN,Balance,76,4
MAGICIAN,Balance,77,4
MAGICIAN,Balance,78,4
MAGICIAN,Balance,79,4
MAGICIAN,Balance,80,5
MAGICIAN,Balance,81,5
MAGICIAN,Balance,82,5
MAGICIAN,Balance,83,5
MAGICIAN,Balance,84,5
MAGICIAN,Balance,85,8
MAGICIAN,Balance,86,8
MAGICIAN,Balance,87,8
MAGICIAN,Balance,88,8
MAGICIAN,Balance,89,8
MAGICIAN,Balance,90,11
MAGICIAN,Balance,91,11
MAGICIAN,Balance,92,11
MAGICIAN,Balance,93,11
MAGICIAN,Balance,94,11
MAGICIAN,Balance,95,13
MAGICIAN,Balance,96,16
MAGICIAN,Balance,97,19
MAGICIAN,Balance,98,22
MAGICIAN,Balance,99,24
MAGICIAN,Reactions,40,1
MAGICIAN,Reactions,41,1
MAGICIAN,Reactions,42,1
MAGICIAN,Reactions,43,1
MAGICIAN,Reactions,44,1
MAGICIAN,Reactions,45,1
MAGICIAN,Reactions,46,1
MAGICIAN,Reactions,47,1
MAGICIAN,Reactions,48,1
MAGICIAN,Reactions,49,1
MAGICIAN,Reactions,50,1
MAGICIAN,Reactions,51,1
MAGICIAN,Reactions,52,1
MAGICIAN,Reactions,53,1
MAGICIAN,Reactions,54,1
MAGICIAN,Reactions,55,1
MAGICIAN,Reactions,56,1
MAGICIAN,Reactions,57,1
MAGICIAN,Reactions,58,1
MAGICIAN,Reactions,59,1
MAGICIAN,Reactions,60,1
MAGICIAN,Reactions,61,1
MAGICIAN,Reactions,62,1
MAGICIAN,Reactions,63,1
MAGICIAN,Reactions,64,2
MAGICIAN,Reactions,65,2
MAGICIAN,Reactions,66,2
MAGICIAN,Reactions,67,2
MAGICIAN,Reactions,68,2
MAGICIAN,Reactions,69,2
MAGICIAN,Reactions,70,3
MAGICIAN,Reactions,71,3
MAGICIAN,Reactions,72,3
MAGICIAN,Reactions,73,3
MAGICIAN,Reactions,74,3
MAGICIAN,Reactions,75,4
MAGICIAN,Reactions,76,4
MAGICIAN,Reactions,77,4
MAGICIAN,Reactions,78,4
MAGICIAN,Reactions,79,4
MAGICIAN,Reactions,80,5
MAGICIAN,Reactions,81,5
MAGICIAN,Reactions,82,5
MAGICIAN,Reactions,83,5
MAGICIAN,Reactions,84,5
MAGICIAN,Reactions,85,8
MAGICIAN,Reactions,86,8
MAGICIAN,Reactions,87,8
MAGICIAN,Reactions,88,8
MAGICIAN,Reactions,89,8
MAGICIAN,Reactions,90,11
MAGICIAN,Reactions,91,11
MAGICIAN,Reactions,92,11
MAGICIAN,Reactions,93,11
MAGICIAN,Reactions,94,11
MAGICIAN,Reactions,95,13
MAGICIAN,Reactions,96,16
MAGICIAN,Reactions,97,19
MAGICIAN,Reactions,98,22
MAGICIAN,Reactions,99,24
MAGICIAN,BallControl,40,1
MAGICIAN,BallControl,41,1
MAGICIAN,BallControl,42,1
MAGICIAN,BallControl,43,1
MAGICIAN,BallControl,44,1
MAGICIAN,BallControl,45,1
MAGICIAN,BallControl,46,1
MAGICIAN,BallControl,47,1
MAGICIAN,BallControl,48,1
MAGICIAN,BallControl,49,1
MAGICIAN,BallControl,50,1
MAGICIAN,BallControl,51,1
MAGICIAN,BallControl,52,1
MAGICIAN,BallControl,53,1
MAGICIAN,BallControl,54,1
MAGICIAN,BallControl,55,1
MAGICIAN,BallControl,56,1
MAGICIAN,BallControl,57,1
MAGICIAN,BallControl,58,1
MAGICIAN,BallControl,59,1
MAGICIAN,BallControl,60,2
MAGICIAN,BallControl,61,2
MAGICIAN,BallControl,62,2
MAGICIAN,BallControl,63,2
MAGICIAN,BallControl,64,3
MAGICIAN,BallControl,65,3
MAGICIAN,BallControl,66,3
MAGICIAN,BallControl,67,3
MAGICIAN,BallControl,68,3
MAGICIAN,BallControl,69,3
MAGICIAN,BallControl,70,4
MAGICIAN,BallControl,71,4
MAGICIAN,BallControl,72,4
MAGICIAN,BallControl,73,4
MAGICIAN,BallControl,74,4
MAGICIAN,BallControl,75,6
MAGICIAN,BallControl,76,6
MAGICIAN,BallControl,77,6
MAGICIAN,BallControl,78,6
MAGICIAN,BallControl,79,6
MAGICIAN,BallControl,80,7
MAGICIAN,BallControl,81,7
MAGICIAN,BallControl,82,7
MAGICIAN,BallControl,83,7
MAGICIAN,BallControl,84,7
MAGICIAN,BallControl,85,11
MAGICIAN,BallControl,86,11
MAGICIAN,BallControl,87,11
MAGICIAN,BallControl,88,11
MAGICIAN,BallControl,89,11
MAGICIAN,BallControl,90,15
MAGICIAN,BallControl,91,15
MAGICIAN,BallControl,92,15
MAGICIAN,BallControl,93,15
MAGICIAN,BallControl,94,15
MAGICIAN,BallControl,95,18
MAGICIAN,BallControl,96,22
MAGICIAN,BallControl,97,26
MAGICIAN,BallControl,98,30
MAGICIAN,BallControl,99,33
MAGICIAN,Dribbling,40,2
MAGICIAN,Dribbling,41,2
MAGICIAN,Dribbling,42,2
MAGICIAN,Dribbling,43,2
MAGICIAN,Dribbling,44,2
MAGICIAN,Dribbling,45,2
MAGICIAN,Dribbling,46,2
MAGICIAN,Dribbling,47,2
MAGICIAN,Dribbling,48,2
MAGICIAN,Dribbling,49,2
MAGICIAN,Dribbling,50,2
MAGICIAN,Dribbling,51,2
MAGICIAN,Dribbling,52,2
MAGICIAN,Dribbling,53,2
MAGICIAN,Dribbling,54,2
MAGICIAN,Dribbling,55,2
MAGICIAN,Dribbling,56,2
MAGICIAN,Dribbling,57,2
MAGICIAN,Dribbling,58,2
MAGICIAN,Dribbling,59,2
MAGICIAN,Dribbling,60,3
MAGICIAN,Dribbling,61,3
MAGICIAN,Dribbling,62,3
MAGICIAN,Dribbling,63,3
MAGICIAN,Dribbling,64,4
MAGICIAN,Dribbling,65,4
MAGICIAN,Dribbling,66,4
MAGICIAN,Dribbling,67,5
MAGICIAN,Dribbling,68,5
MAGICIAN,Dribbling,69,5
MAGICIAN,Dribbling,70,6
MAGICIAN,Dribbling,71,6
MAGICIAN,Dribbling,72,6
MAGICIAN,Dribbling,73,6
MAGICIAN,Dribbling,74,6
MAGICIAN,Dribbling,75,8
MAGICIAN,Dribbling,76,8
MAGICIAN,Dribbling,77,8
MAGICIAN,Dribbling,78,8
MAGICIAN,Dribbling,79,8
MAGICIAN,Dribbling,80,10
MAGICIAN,Dribbling,81,10
MAGICIAN,Dribbling,82,10
MAGICIAN,Dribbling,83,10
MAGICIAN,Dribbling,84,10
MAGICIAN,Dribbling,85,15
MAGICIAN,Dribbling,86,15
MAGICIAN,Dribbling,87,15
MAGICIAN,Dribbling,88,15
MAGICIAN,Dribbling,89,15
MAGICIAN,Dribbling,90,20
MAGICIAN,Dribbling,91,20
MAGICIAN,Dribbling,92,20
MAGICIAN,Dribbling,93,20
MAGICIAN,Dribbling,94,20
MAGICIAN,Dribbling,95,25
MAGICIAN,Dribbling,96,30
MAGICIAN,Dribbling,97,35
MAGICIAN,Dribbling,98,40
MAGICIAN,Dribbling,99,45
MAGICIAN,Composure,40,1
MAGICIAN,Composure,41,1
MAGICIAN,Composure,42,1
MAGICIAN,Composure,43,1
MAGICIAN,Composure,44,1
MAGICIAN,Composure,45,1
MAGICIAN,Composure,46,1
MAGICIAN,Composure,47,1
MAGICIAN,Composure,48,1
MAGICIAN,Composure,49,1
MAGICIAN,Composure,50,1
MAGICIAN,Composure,51,1
MAGICIAN,Composure,52,1
MAGICIAN,Composure,53,1
MAGICIAN,Composure,54,1
MAGICIAN,Composure,55,1
MAGICIAN,Composure,56,1
MAGICIAN,Composure,57,1
MAGICIAN,Composure,58,1
MAGICIAN,Composure,59,1
MAGICIAN,Composure,60,2
MAGICIAN,Composure,61,2
MAGICIAN,Composure,62,2
MAGICIAN,Composure,63,2
MAGICIAN,Composure,64,3
MAGICIAN,Composure,65,3
MAGICIAN,Composure,66,3
MAGICIAN,Composure,67,3
MAGICIAN,Composure,68,3
MAGICIAN,Composure,69,3
MAGICIAN,Composure,70,4
MAGICIAN,Composure,71,4
MAGICIAN,Composure,72,4
MAGICIAN,Composure,73,4
MAGICIAN,Composure,74,4
MAGICIAN,Composure,75,6
MAGICIAN,Composure,76,6
MAGICIAN,Composure,77,6
MAGICIAN,Composure,78,6
MAGICIAN,Composure,79,6
MAGICIAN,Composure,80,7
MAGICIAN,Composure,81,7
MAGICIAN,Composure,82,7
MAGICIAN,Composure,83,7
MAGICIAN,Composure,84,7
MAGICIAN,Composure,85,11
MAGICIAN,Composure,86,11
MAGICIAN,Composure,87,11
MAGICIAN,Composure,88,11
MAGICIAN,Composure,89,11
MAGICIAN,Composure,90,15
MAGICIAN,Composure,91,15
MAGICIAN,Composure,92,15
MAGICIAN,Composure,93,15
MAGICIAN,Composure,94,15
MAGICIAN,Composure,95,18
MAGICIAN,Composure,96,22
MAGICIAN,Composure,97,26
MAGICIAN,Composure,98,30
MAGICIAN,Composure,99,33
MAGICIAN,Interceptions,40,2
MAGICIAN,Interceptions,41,2
MAGICIAN,Interceptions,42,2
MAGICIAN,Interceptions,43,2
MAGICIAN,Interceptions,44,2
MAGICIAN,Interceptions,45,2
MAGICIAN,Interceptions,46,2
MAGICIAN,Interceptions,47,2
MAGICIAN,Interceptions,48,2
MAGICIAN,Interceptions,49,2
MAGICIAN,Interceptions,50,2
MAGICIAN,Interceptions,51,2
MAGICIAN,Interceptions,52,2
MAGICIAN,Interceptions,53,2
MAGICIAN,Interceptions,54,2
MAGICIAN,Interceptions,55,2
MAGICIAN,Interceptions,56,2
MAGICIAN,Interceptions,57,2
MAGICIAN,Interceptions,58,2
MAGICIAN,Interceptions,59,2
MAGICIAN,Interceptions,60,3
MAGICIAN,Interceptions,61,3
MAGICIAN,Interceptions,62,3
MAGICIAN,Interceptions,63,3
MAGICIAN,Interceptions,64,4
MAGICIAN,Interceptions,65,4
MAGICIAN,Interceptions,66,4
MAGICIAN,Interceptions,67,5
MAGICIAN,Interceptions,68,5
MAGICIAN,Interceptions,69,5
MAGICIAN,Interceptions,70,6
MAGICIAN,Interceptions,71,6
MAGICIAN,Interceptions,72,6
MAGICIAN,Interceptions,73,6
MAGICIAN,Interceptions,74,6
MAGICIAN,Interceptions,75,8
MAGICIAN,Interceptions,76,8
MAGICIAN,Interceptions,77,8
MAGICIAN,Interceptions,78,8
MAGICIAN,Interceptions,79,8
MAGICIAN,Interceptions,80,10
MAGICIAN,Interceptions,81,10
MAGICIAN,Interceptions,82,10
MAGICIAN,Interceptions,83,10
MAGICIAN,Interceptions,84,10
MAGICIAN,Interceptions,85,15
MAGICIAN,Interceptions,86,15
MAGICIAN,Interceptions,87,15
MAGICIAN,Interceptions,88,15
MAGICIAN,Interceptions,89,15
MAGICIAN,Interceptions,90,20
MAGICIAN,Interceptions,91,20
MAGICIAN,Interceptions,92,20
MAGICIAN,Interceptions,93,20
MAGICIAN,Interceptions,94,20
MAGICIAN,Interceptions,95,25
MAGICIAN,Interceptions,96,30
MAGICIAN,Interceptions,97,35
MAGICIAN,Interceptions,98,40
MAGICIAN,Interceptions,99,45
MAGICIAN,Heading Accuracy,40,1
MAGICIAN,Heading Accuracy,41,1
MAGICIAN,Heading Accuracy,42,1
MAGICIAN,Heading Accuracy,43,1
MAGICIAN,Heading Accuracy,44,1
MAGICIAN,Heading Accuracy,45,1
MAGICIAN,Heading Accuracy,46,1
MAGICIAN,Heading Accuracy,47,1
MAGICIAN,Heading Accuracy,48,1
MAGICIAN,Heading Accuracy,49,1
MAGICIAN,Heading Accuracy,50,1
MAGICIAN,Heading Accuracy,51,1
MAGICIAN,Heading Accuracy,52,1
MAGICIAN,Heading Accuracy,53,1
MAGICIAN,Heading Accuracy,54,1
MAGICIAN,Heading Accuracy,55,1
MAGICIAN,Heading Accuracy,56,1
MAGICIAN,Heading Accuracy,57,1
MAGICIAN,Heading Accuracy,58,1
MAGICIAN,Heading Accuracy,59,1
MAGICIAN,Heading Accuracy,60,2
MAGICIAN,Heading Accuracy,61,2
MAGICIAN,Heading Accuracy,62,2
MAGICIAN,Heading Accuracy,63,2
MAGICIAN,Heading Accuracy,64,3
MAGICIAN,Heading Accuracy,65,3
MAGICIAN,Heading Accuracy,66,3
MAGICIAN,Heading Accuracy,67,3
MAGICIAN,Heading Accuracy,68,3
MAGICIAN,Heading Accuracy,69,3
MAGICIAN,Heading Accuracy,70,4
MAGICIAN,Heading Accuracy,71,4
MAGICIAN,Heading Accuracy,72,4
MAGICIAN,Heading Accuracy,73,4
MAGICIAN,Heading Accuracy,74,4
MAGICIAN,Heading Accuracy,75,6
MAGICIAN,Heading Accuracy,76,6
MAGICIAN,Heading Accuracy,77,6
MAGICIAN,Heading Accuracy,78,6
MAGICIAN,Heading Accuracy,79,6
MAGICIAN,Heading Accuracy,80,7
MAGICIAN,Heading Accuracy,81,7
MAGICIAN,Heading Accuracy,82,7
MAGICIAN,Heading Accuracy,83,7
MAGICIAN,Heading Accuracy,84,7
MAGICIAN,Heading Accuracy,85,11
MAGICIAN,Heading Accuracy,86,11
MAGICIAN,Heading Accuracy,87,11
MAGICIAN,Heading Accuracy,88,11
MAGICIAN,Heading Accuracy,89,11
MAGICIAN,Heading Accuracy,90,15
MAGICIAN,Heading Accuracy,91,15
MAGICIAN,Heading Accuracy,92,15
MAGICIAN,Heading Accuracy,93,15
MAGICIAN,Heading Accuracy,94,15
MAGICIAN,Heading Accuracy,95,18
MAGICIAN,Heading Accuracy,96,22
MAGICIAN,Heading Accuracy,97,26
MAGICIAN,Heading Accuracy,98,30
MAGICIAN,Heading Accuracy,99,33
MAGICIAN,DefAwareness,40,1
MAGICIAN,DefAwareness,41,1
MAGICIAN,DefAwareness,42,1
MAGICIAN,DefAwareness,43,1
MAGICIAN,DefAwareness,44,1
MAGICIAN,DefAwareness,45,1
MAGICIAN,DefAwareness,46,1
MAGICIAN,DefAwareness,47,1
MAGICIAN,DefAwareness,48,1
MAGICIAN,DefAwareness,49,1
MAGICIAN,DefAwareness,50,1
MAGICIAN,DefAwareness,51,1
MAGICIAN,DefAwareness,52,1
MAGICIAN,DefAwareness,53,1
MAGICIAN,DefAwareness,54,1
MAGICIAN,DefAwareness,55,1
MAGICIAN,DefAwareness,56,1
MAGICIAN,DefAwareness,57,1
MAGICIAN,DefAwareness,58,1
MAGICIAN,DefAwareness,59,1
MAGICIAN,DefAwareness,60,2
MAGICIAN,DefAwareness,61,2
MAGICIAN,DefAwareness,62,2
MAGICIAN,DefAwareness,63,2
MAGICIAN,DefAwareness,64,3
MAGICIAN,DefAwareness,65,3
MAGICIAN,DefAwareness,66,3
MAGICIAN,DefAwareness,67,3
MAGICIAN,DefAwareness,68,3
MAGICIAN,DefAwareness,69,3
MAGICIAN,DefAwareness,70,4
MAGICIAN,DefAwareness,71,4
MAGICIAN,DefAwareness,72,4
MAGICIAN,DefAwareness,73,4
MAGICIAN,DefAwareness,74,4
MAGICIAN,DefAwareness,75,6
MAGICIAN,DefAwareness,76,6
MAGICIAN,DefAwareness,77,6
MAGICIAN,DefAwareness,78,6
MAGICIAN,DefAwareness,79,6
MAGICIAN,DefAwareness,80,7
MAGICIAN,DefAwareness,81,7
MAGICIAN,DefAwareness,82,7
MAGICIAN,DefAwareness,83,7
MAGICIAN,DefAwareness,84,7
MAGICIAN,DefAwareness,85,11
MAGICIAN,DefAwareness,86,11
MAGICIAN,DefAwareness,87,11
MAGICIAN,DefAwareness,88,11
MAGICIAN,DefAwareness,89,11
MAGICIAN,DefAwareness,90,15
MAGICIAN,DefAwareness,91,15
MAGICIAN,DefAwareness,92,15
MAGICIAN,DefAwareness,93,15
MAGICIAN,DefAwareness,94,15
MAGICIAN,DefAwareness,95,18
MAGICIAN,DefAwareness,96,22
MAGICIAN,DefAwareness,97,26
MAGICIAN,DefAwareness,98,30
MAGICIAN,DefAwareness,99,33
MAGICIAN,StandingTackle,40,2
MAGICIAN,StandingTackle,41,2
MAGICIAN,StandingTackle,42,2
MAGICIAN,StandingTackle,43,2
MAGICIAN,StandingTackle,44,2
MAGICIAN,StandingTackle,45,2
MAGICIAN,StandingTackle,46,2
MAGICIAN,StandingTackle,47,2
MAGICIAN,StandingTackle,48,2
MAGICIAN,StandingTackle,49,2
MAGICIAN,StandingTackle,50,2
MAGICIAN,StandingTackle,51,2
MAGICIAN,StandingTackle,52,2
MAGICIAN,StandingTackle,53,2
MAGICIAN,StandingTackle,54,2
MAGICIAN,StandingTackle,55,2
MAGICIAN,StandingTackle,56,2
MAGICIAN,StandingTackle,57,2
MAGICIAN,StandingTackle,58,2
MAGICIAN,StandingTackle,59,2
MAGICIAN,StandingTackle,60,3
MAGICIAN,StandingTackle,61,3
MAGICIAN,StandingTackle,62,3
MAGICIAN,StandingTackle,63,3
MAGICIAN,StandingTackle,64,4
MAGICIAN,StandingTackle,65,4
MAGICIAN,StandingTackle,66,4
MAGICIAN,StandingTackle,67,5
MAGICIAN,StandingTackle,68,5
MAGICIAN,StandingTackle,69,5
MAGICIAN,StandingTackle,70,6
MAGICIAN,StandingTackle,71,6
MAGICIAN,StandingTackle,72,6
MAGICIAN,StandingTackle,73,6
MAGICIAN,StandingTackle,74,6
MAGICIAN,StandingTackle,75,8
MAGICIAN,StandingTackle,76,8
MAGICIAN,StandingTackle,77,8
MAGICIAN,StandingTackle,78,8
MAGICIAN,StandingTackle,79,8
MAGICIAN,StandingTackle,80,10
MAGICIAN,StandingTackle,81,10
MAGICIAN,StandingTackle,82,10
MAGICIAN,StandingTackle,83,10
MAGICIAN,StandingTackle,84,10
MAGICIAN,StandingTackle,85,15
MAGICIAN,StandingTackle,86,15
MAGICIAN,StandingTackle,87,15
MAGICIAN,StandingTackle,88,15
MAGICIAN,StandingTackle,89,15
MAGICIAN,StandingTackle,90,20
MAGICIAN,StandingTackle,91,20
MAGICIAN,StandingTackle,92,20
MAGICIAN,StandingTackle,93,20
MAGICIAN,StandingTackle,94,20
MAGICIAN,StandingTackle,95,25
MAGICIAN,StandingTackle,96,30
MAGICIAN,StandingTackle,97,35
MAGICIAN,StandingTackle,98,40
MAGICIAN,StandingTackle,99,45
MAGICIAN,SlidingTackle,40,1
MAGICIAN,SlidingTackle,41,1
MAGICIAN,SlidingTackle,42,1
MAGICIAN,SlidingTackle,43,1
MAGICIAN,SlidingTackle,44,1
MAGICIAN,SlidingTackle,45,1
MAGICIAN,SlidingTackle,46,1
MAGICIAN,SlidingTackle,47,1
MAGICIAN,SlidingTackle,48,1
MAGICIAN,SlidingTackle,49,1
MAGICIAN,SlidingTackle,50,1
MAGICIAN,SlidingTackle,51,1
MAGICIAN,SlidingTackle,52,1
MAGICIAN,SlidingTackle,53,1
MAGICIAN,SlidingTackle,54,1
MAGICIAN,SlidingTackle,55,1
MAGICIAN,SlidingTackle,56,1
MAGICIAN,SlidingTackle,57,1
MAGICIAN,SlidingTackle,58,1
MAGICIAN,SlidingTackle,59,1
MAGICIAN,SlidingTackle,60,2
MAGICIAN,SlidingTackle,61,2
MAGICIAN,SlidingTackle,62,2
MAGICIAN,SlidingTackle,63,2
MAGICIAN,SlidingTackle,64,3
MAGICIAN,SlidingTackle,65,3
MAGICIAN,SlidingTackle,66,3
MAGICIAN,SlidingTackle,67,3
MAGICIAN,SlidingTackle,68,3
MAGICIAN,SlidingTackle,69,3
MAGICIAN,SlidingTackle,70,4
MAGICIAN,SlidingTackle,71,4
MAGICIAN,SlidingTackle,72,4
MAGICIAN,SlidingTackle,73,4
MAGICIAN,SlidingTackle,74,4
MAGICIAN,SlidingTackle,75,6
MAGICIAN,SlidingTackle,76,6
MAGICIAN,SlidingTackle,77,6
MAGICIAN,SlidingTackle,78,6
MAGICIAN,SlidingTackle,79,6
MAGICIAN,SlidingTackle,80,7
MAGICIAN,SlidingTackle,81,7
MAGICIAN,SlidingTackle,82,7
MAGICIAN,SlidingTackle,83,7
MAGICIAN,SlidingTackle,84,7
MAGICIAN,SlidingTackle,85,11
MAGICIAN,SlidingTackle,86,11
MAGICIAN,SlidingTackle,87,11
MAGICIAN,SlidingTackle,88,11
MAGICIAN,SlidingTackle,89,11
MAGICIAN,SlidingTackle,90,15
MAGICIAN,SlidingTackle,91,15
MAGICIAN,SlidingTackle,92,15
MAGICIAN,SlidingTackle,93,15
MAGICIAN,SlidingTackle,94,15
MAGICIAN,SlidingTackle,95,18
MAGICIAN,SlidingTackle,96,22
MAGICIAN,SlidingTackle,97,26
MAGICIAN,SlidingTackle,98,30
MAGICIAN,SlidingTackle,99,33
MAGICIAN,Jumping,40,1
MAGICIAN,Jumping,41,1
MAGICIAN,Jumping,42,1
MAGICIAN,Jumping,43,1
MAGICIAN,Jumping,44,1
MAGICIAN,Jumping,45,1
MAGICIAN,Jumping,46,1
MAGICIAN,Jumping,47,1
MAGICIAN,Jumping,48,1
MAGICIAN,Jumping,49,1
MAGICIAN,Jumping,50,1
MAGICIAN,Jumping,51,1
MAGICIAN,Jumping,52,1
MAGICIAN,Jumping,53,1
MAGICIAN,Jumping,54,1
MAGICIAN,Jumping,55,1
MAGICIAN,Jumping,56,1
MAGICIAN,Jumping,57,1
MAGICIAN,Jumping,58,1
MAGICIAN,Jumping,59,1
MAGICIAN,Jumping,60,1
MAGICIAN,Jumping,61,1
MAGICIAN,Jumping,62,1
MAGICIAN,Jumping,63,1
MAGICIAN,Jumping,64,2
MAGICIAN,Jumping,65,2
MAGICIAN,Jumping,66,2
MAGICIAN,Jumping,67,2
MAGICIAN,Jumping,68,2
MAGICIAN,Jumping,69,2
MAGICIAN,Jumping,70,3
MAGICIAN,Jumping,71,3
MAGICIAN,Jumping,72,3
MAGICIAN,Jumping,73,3
MAGICIAN,Jumping,74,3
MAGICIAN,Jumping,75,4
MAGICIAN,Jumping,76,4
MAGICIAN,Jumping,77,4
MAGICIAN,Jumping,78,4
MAGICIAN,Jumping,79,4
MAGICIAN,Jumping,80,5
MAGICIAN,Jumping,81,5
MAGICIAN,Jumping,82,5
MAGICIAN,Jumping,83,5
MAGICIAN,Jumping,84,5
MAGICIAN,Jumping,85,8
MAGICIAN,Jumping,86,8
MAGICIAN,Jumping,87,8
MAGICIAN,Jumping,88,8
MAGICIAN,Jumping,89,8
MAGICIAN,Jumping,90,11
MAGICIAN,Jumping,91,11
MAGICIAN,Jumping,92,11
MAGICIAN,Jumping,93,11
MAGICIAN,Jumping,94,11
MAGICIAN,Jumping,95,13
MAGICIAN,Jumping,96,16
MAGICIAN,Jumping,97,19
MAGICIAN,Jumping,98,22
MAGICIAN,Jumping,99,24
MAGICIAN,Stamina,40,1
MAGICIAN,Stamina,41,1
MAGICIAN,Stamina,42,1
MAGICIAN,Stamina,43,1
MAGICIAN,Stamina,44,1
MAGICIAN,Stamina,45,1
MAGICIAN,Stamina,46,1
MAGICIAN,Stamina,47,1
MAGICIAN,Stamina,48,1
MAGICIAN,Stamina,49,1
MAGICIAN,Stamina,50,1
MAGICIAN,Stamina,51,1
MAGICIAN,Stamina,52,1
MAGICIAN,Stamina,53,1
MAGICIAN,Stamina,54,1
MAGICIAN,Stamina,55,1
MAGICIAN,Stamina,56,1
MAGICIAN,Stamina,57,1
MAGICIAN,Stamina,58,1
MAGICIAN,Stamina,59,1
MAGICIAN,Stamina,60,1
MAGICIAN,Stamina,61,1
MAGICIAN,Stamina,62,1
MAGICIAN,Stamina,63,1
MAGICIAN,Stamina,64,2
MAGICIAN,Stamina,65,2
MAGICIAN,Stamina,66,2
MAGICIAN,Stamina,67,2
MAGICIAN,Stamina,68,2
MAGICIAN,Stamina,69,2
MAGICIAN,Stamina,70,3
MAGICIAN,Stamina,71,3
MAGICIAN,Stamina,72,3
MAGICIAN,Stamina,73,3
MAGICIAN,Stamina,74,3
MAGICIAN,Stamina,75,4
MAGICIAN,Stamina,76,4
MAGICIAN,Stamina,77,4
MAGICIAN,Stamina,78,4
MAGICIAN,Stamina,79,4
MAGICIAN,Stamina,80,5
MAGICIAN,Stamina,81,5
MAGICIAN,Stamina,82,5
MAGICIAN,Stamina,83,5
MAGICIAN,Stamina,84,5
MAGICIAN,Stamina,85,8
MAGICIAN,Stamina,86,8
MAGICIAN,Stamina,87,8
MAGICIAN,Stamina,88,8
MAGICIAN,Stamina,89,8
MAGICIAN,Stamina,90,11
MAGICIAN,Stamina,91,11
MAGICIAN,Stamina,92,11
MAGICIAN,Stamina,93,11
MAGICIAN,Stamina,94,11
MAGICIAN,Stamina,95,13
MAGICIAN,Stamina,96,16
MAGICIAN,Stamina,97,19
MAGICIAN,Stamina,98,22
MAGICIAN,Stamina,99,24
MAGICIAN,Strength,40,1
MAGICIAN,Strength,41,1
MAGICIAN,Strength,42,1
MAGICIAN,Strength,43,1
MAGICIAN,Strength,44,1
MAGICIAN,Strength,45,1
MAGICIAN,Strength,46,1
MAGICIAN,Strength,47,1
MAGICIAN,Strength,48,1
MAGICIAN,Strength,49,1
MAGICIAN,Strength,50,1
MAGICIAN,Strength,51,1
MAGICIAN,Strength,52,1
MAGICIAN,Strength,53,1
MAGICIAN,Strength,54,1
MAGICIAN,Strength,55,1
MAGICIAN,Strength,56,1
MAGICIAN,Strength,57,1
MAGICIAN,Strength,58,1
MAGICIAN,Strength,59,1
MAGICIAN,Strength,60,2
MAGICIAN,Strength,61,2
MAGICIAN,Strength,62,2
MAGICIAN,Strength,63,2
MAGICIAN,Strength,64,3
MAGICIAN,Strength,65,3
MAGICIAN,Strength,66,3
MAGICIAN,Strength,67,3
MAGICIAN,Strength,68,3
MAGICIAN,Strength,69,3
MAGICIAN,Strength,70,4
MAGICIAN,Strength,71,4
MAGICIAN,Strength,72,4
MAGICIAN,Strength,73,4
MAGICIAN,Strength,74,4
MAGICIAN,Strength,75,6
MAGICIAN,Strength,76,6
MAGICIAN,Strength,77,6
MAGICIAN,Strength,78,6
MAGICIAN,Strength,79,6
MAGICIAN,Strength,80,7
MAGICIAN,Strength,81,7
MAGICIAN,Strength,82,7
MAGICIAN,Strength,83,7
MAGICIAN,Strength,84,7
MAGICIAN,Strength,85,11
MAGICIAN,Strength,86,11
MAGICIAN,Strength,87,11
MAGICIAN,Strength,88,11
MAGICIAN,Strength,89,11
MAGICIAN,Strength,90,15
MAGICIAN,Strength,91,15
MAGICIAN,Strength,92,15
MAGICIAN,Strength,93,15
MAGICIAN,Strength,94,15
MAGICIAN,Strength,95,18
MAGICIAN,Strength,96,22
MAGICIAN,Strength,97,26
MAGICIAN,Strength,98,30
MAGICIAN,Strength,99,33
MAGICIAN,Aggression,40,1
MAGICIAN,Aggression,41,1
MAGICIAN,Aggression,42,1
MAGICIAN,Aggression,43,1
MAGICIAN,Aggression,44,1
MAGICIAN,Aggression,45,1
MAGICIAN,Aggression,46,1
MAGICIAN,Aggression,47,1
MAGICIAN,Aggression,48,1
MAGICIAN,Aggression,49,1
MAGICIAN,Aggression,50,1
MAGICIAN,Aggression,51,1
MAGICIAN,Aggression,52,1
MAGICIAN,Aggression,53,1
MAGICIAN,Aggression,54,1
MAGICIAN,Aggression,55,1
MAGICIAN,Aggression,56,1
MAGICIAN,Aggression,57,1
MAGICIAN,Aggression,58,1
MAGICIAN,Aggression,59,1
MAGICIAN,Aggression,60,1
MAGICIAN,Aggression,61,1
MAGICIAN,Aggression,62,1
MAGICIAN,Aggression,63,1
MAGICIAN,Aggression,64,2
MAGICIAN,Aggression,65,2
MAGICIAN,Aggression,66,2
MAGICIAN,Aggression,67,2
MAGICIAN,Aggression,68,2
MAGICIAN,Aggression,69,2
MAGICIAN,Aggression,70,3
MAGICIAN,Aggression,71,3
MAGICIAN,Aggression,72,3
MAGICIAN,Aggression,73,3
MAGICIAN,Aggression,74,3
MAGICIAN,Aggression,75,4
MAGICIAN,Aggression,76,4
MAGICIAN,Aggression,77,4
MAGICIAN,Aggression,78,4
MAGICIAN,Aggression,79,4
MAGICIAN,Aggression,80,5
MAGICIAN,Aggression,81,5
MAGICIAN,Aggression,82,5
MAGICIAN,Aggression,83,5
MAGICIAN,Aggression,84,5
MAGICIAN,Aggression,85,8
MAGICIAN,Aggression,86,8
MAGICIAN,Aggression,87,8
MAGICIAN,Aggression,88,8
MAGICIAN,Aggression,89,8
MAGICIAN,Aggression,90,11
MAGICIAN,Aggression,91,11
MAGICIAN,Aggression,92,11
MAGICIAN,Aggression,93,11
MAGICIAN,Aggression,94,11
MAGICIAN,Aggression,95,13
MAGICIAN,Aggression,96,16
MAGICIAN,Aggression,97,19
MAGICIAN,Aggression,98,22
MAGICIAN,Aggression,99,24
FINISHER,Acceleration,40,2
FINISHER,Acceleration,41,2
FINISHER,Acceleration,42,2
FINISHER,Acceleration,43,2
FINISHER,Acceleration,44,2
FINISHER,Acceleration,45,2
FINISHER,Acceleration,46,2
FINISHER,Acceleration,47,2
FINISHER,Acceleration,48,2
FINISHER,Acceleration,49,2
FINISHER,Acceleration,50,2
FINISHER,Acceleration,51,2
FINISHER,Acceleration,52,2
FINISHER,Acceleration,53,2
FINISHER,Acceleration,54,2
FINISHER,Acceleration,55,2
FINISHER,Acceleration,56,2
FINISHER,Acceleration,57,2
FINISHER,Acceleration,58,2
FINISHER,Acceleration,59,2
FINISHER,Acceleration,60,3
FINISHER,Acceleration,61,3
FINISHER,Acceleration,62,3
FINISHER,Acceleration,63,3
FINISHER,Acceleration,64,4
FINISHER,Acceleration,65,4
FINISHER,Acceleration,66,4
FINISHER,Acceleration,67,5
FINISHER,Acceleration,68,5
FINISHER,Acceleration,69,5
FINISHER,Acceleration,70,6
FINISHER,Acceleration,71,6
FINISHER,Acceleration,72,6
FINISHER,Acceleration,73,6
FINISHER,Acceleration,74,6
FINISHER,Acceleration,75,8
FINISHER,Acceleration,76,8
FINISHER,Acceleration,77,8
FINISHER,Acceleration,78,8
FINISHER,Acceleration,79,8
FINISHER,Acceleration,80,10
FINISHER,Acceleration,81,10
FINISHER,Acceleration,82,10
FINISHER,Acceleration,83,10
FINISHER,Acceleration,84,10
FINISHER,Acceleration,85,15
FINISHER,Acceleration,86,15
FINISHER,Acceleration,87,15
FINISHER,Acceleration,88,15
FINISHER,Acceleration,89,15
FINISHER,Acceleration,90,20
FINISHER,Acceleration,91,20
FINISHER,Acceleration,92,20
FINISHER,Acceleration,93,20
FINISHER,Acceleration,94,20
FINISHER,Acceleration,95,25
FINISHER,Acceleration,96,30
FINISHER,Acceleration,97,35
FINISHER,Acceleration,98,40
FINISHER,Acceleration,99,45
FINISHER,SprintSpeed,40,2
FINISHER,SprintSpeed,41,2
FINISHER,SprintSpeed,42,2
FINISHER,SprintSpeed,43,2
FINISHER,SprintSpeed,44,2
FINISHER,SprintSpeed,45,2
FINISHER,SprintSpeed,46,2
FINISHER,SprintSpeed,47,2
FINISHER,SprintSpeed,48,2
FINISHER,SprintSpeed,49,2
FINISHER,SprintSpeed,50,2
FINISHER,SprintSpeed,51,2
FINISHER,SprintSpeed,52,2
FINISHER,SprintSpeed,53,2
FINISHER,SprintSpeed,54,2
FINISHER,SprintSpeed,55,2
FINISHER,SprintSpeed,56,2
FINISHER,SprintSpeed,57,2
FINISHER,SprintSpeed,58,2
FINISHER,SprintSpeed,59,2
FINISHER,SprintSpeed,60,3
FINISHER,SprintSpeed,61,3
FINISHER,SprintSpeed,62,3
FINISHER,SprintSpeed,63,3
FINISHER,SprintSpeed,64,4
FINISHER,SprintSpeed,65,4
FINISHER,SprintSpeed,66,4
FINISHER,SprintSpeed,67,5
FINISHER,SprintSpeed,68,5
FINISHER,SprintSpeed,69,5
FINISHER,SprintSpeed,70,6
FINISHER,SprintSpeed,71,6
FINISHER,SprintSpeed,72,6
FINISHER,SprintSpeed,73,6
FINISHER,SprintSpeed,74,6
FINISHER,SprintSpeed,75,8
FINISHER,SprintSpeed,76,8
FINISHER,SprintSpeed,77,8
FINISHER,SprintSpeed,78,8
FINISHER,SprintSpeed,79,8
FINISHER,SprintSpeed,80,10
FINISHER,SprintSpeed,81,10
FINISHER,SprintSpeed,82,10
FINISHER,SprintSpeed,83,10
FINISHER,SprintSpeed,84,10
FINISHER,SprintSpeed,85,15
FINISHER,SprintSpeed,86,15
FINISHER,SprintSpeed,87,15
FINISHER,SprintSpeed,88,15
FINISHER,SprintSpeed,89,15
FINISHER,SprintSpeed,90,20
FINISHER,SprintSpeed,91,20
FINISHER,SprintSpeed,92,20
FINISHER,SprintSpeed,93,20
FINISHER,SprintSpeed,94,20
FINISHER,SprintSpeed,95,25
FINISHER,SprintSpeed,96,30
FINISHER,SprintSpeed,97,35
FINISHER,SprintSpeed,98,40
FINISHER,SprintSpeed,99,45
FINISHER,AttackPositioning,40,1
FINISHER,AttackPositioning,41,1
FINISHER,AttackPositioning,42,1
FINISHER,AttackPositioning,43,1
FINISHER,AttackPositioning,44,1
FINISHER,AttackPositioning,45,1
FINISHER,AttackPositioning,46,1
FINISHER,AttackPositioning,47,1
FINISHER,AttackPositioning,48,1
FINISHER,AttackPositioning,49,1
FINISHER,AttackPositioning,50,1
FINISHER,AttackPositioning,51,1
FINISHER,AttackPositioning,52,1
FINISHER,AttackPositioning,53,1
FINISHER,AttackPositioning,54,1
FINISHER,AttackPositioning,55,1
FINISHER,AttackPositioning,56,1
FINISHER,AttackPositioning,57,1
FINISHER,AttackPositioning,58,1
FINISHER,AttackPositioning,59,1
FINISHER,AttackPositioning,60,1
FINISHER,AttackPositioning,61,1
FINISHER,AttackPositioning,62,1
FINISHER,AttackPositioning,63,1
FINISHER,AttackPositioning,64,2
FINISHER,AttackPositioning,65,2
FINISHER,AttackPositioning,66,2
FINISHER,AttackPositioning,67,2
FINISHER,AttackPositioning,68,2
FINISHER,AttackPositioning,69,2
FINISHER,AttackPositioning,70,3
FINISHER,AttackPositioning,71,3
FINISHER,AttackPositioning,72,3
FINISHER,AttackPositioning,73,3
FINISHER,AttackPositioning,74,3
FINISHER,AttackPositioning,75,4
FINISHER,AttackPositioning,76,4
FINISHER,AttackPositioning,77,4
FINISHER,AttackPositioning,78,4
FINISHER,AttackPositioning,79,4
FINISHER,AttackPositioning,80,5
FINISHER,AttackPositioning,81,5
FINISHER,AttackPositioning,82,5
FINISHER,AttackPositioning,83,5
FINISHER,AttackPositioning,84,5
FINISHER,AttackPositioning,85,8
FINISHER,AttackPositioning,86,8
FINISHER,AttackPositioning,87,8
FINISHER,AttackPositioning,88,8
FINISHER,AttackPositioning,89,8
FINISHER,AttackPositioning,90,11
FINISHER,AttackPositioning,91,11
FINISHER,AttackPositioning,92,11
FINISHER,AttackPositioning,93,11
FINISHER,AttackPositioning,94,11
FINISHER,AttackPositioning,95,13
FINISHER,AttackPositioning,96,16
FINISHER,AttackPositioning,97,19
FINISHER,AttackPositioning,98,22
FINISHER,AttackPositioning,99,24
FINISHER,Finishing,40,1
FINISHER,Finishing,41,1
FINISHER,Finishing,42,1
FINISHER,Finishing,43,1
FINISHER,Finishing,44,1
FINISHER,Finishing,45,1
FINISHER,Finishing,46,1
FINISHER,Finishing,47,1
FINISHER,Finishing,48,1
FINISHER,Finishing,49,1
FINISHER,Finishing,50,1
FINISHER,Finishing,51,1
FINISHER,Finishing,52,1
FINISHER,Finishing,53,1
FINISHER,Finishing,54,1
FINISHER,Finishing,55,1
FINISHER,Finishing,56,1
FINISHER,Finishing,57,1
FINISHER,Finishing,58,1
FINISHER,Finishing,59,1
FINISHER,Finishing,60,2
FINISHER,Finishing,61,2
FINISHER,Finishing,62,2
FINISHER,Finishing,63,2
FINISHER,Finishing,64,3
FINISHER,Finishing,65,3
FINISHER,Finishing,66,3
FINISHER,Finishing,67,3
FINISHER,Finishing,68,3
FINISHER,Finishing,69,3
FINISHER,Finishing,70,4
FINISHER,Finishing,71,4
FINISHER,Finishing,72,4
FINISHER,Finishing,73,4
FINISHER,Finishing,74,4
FINISHER,Finishing,75,6
FINISHER,Finishing,76,6
FINISHER,Finishing,77,6
FINISHER,Finishing,78,6
FINISHER,Finishing,79,6
FINISHER,Finishing,80,7
FINISHER,Finishing,81,7
FINISHER,Finishing,82,7
FINISHER,Finishing,83,7
FINISHER,Finishing,84,7
FINISHER,Finishing,85,11
FINISHER,Finishing,86,11
FINISHER,Finishing,87,11
FINISHER,Finishing,88,11
FINISHER,Finishing,89,11
FINISHER,Finishing,90,15
FINISHER,Finishing,91,15
FINISHER,Finishing,92,15
FINISHER,Finishing,93,15
FINISHER,Finishing,94,15
FINISHER,Finishing,95,18
FINISHER,Finishing,96,22
FINISHER,Finishing,97,26
FINISHER,Finishing,98,30
FINISHER,Finishing,99,33
FINISHER,ShotPower,40,1
FINISHER,ShotPower,41,1
FINISHER,ShotPower,42,1
FINISHER,ShotPower,43,1
FINISHER,ShotPower,44,1
FINISHER,ShotPower,45,1
FINISHER,ShotPower,46,1
FINISHER,ShotPower,47,1
FINISHER,ShotPower,48,1
FINISHER,ShotPower,49,1
FINISHER,ShotPower,50,1
FINISHER,ShotPower,51,1
FINISHER,ShotPower,52,1
FINISHER,ShotPower,53,1
FINISHER,ShotPower,54,1
FINISHER,ShotPower,55,1
FINISHER,ShotPower,56,1
FINISHER,ShotPower,57,1
FINISHER,ShotPower,58,1
FINISHER,ShotPower,59,1
FINISHER,ShotPower,60,2
FINISHER,ShotPower,61,2
FINISHER,ShotPower,62,2
FINISHER,ShotPower,63,2
FINISHER,ShotPower,64,3
FINISHER,ShotPower,65,3
FINISHER,ShotPower,66,3
FINISHER,ShotPower,67,3
FINISHER,ShotPower,68,3
FINISHER,ShotPower,69,3
FINISHER,ShotPower,70,4
FINISHER,ShotPower,71,4
FINISHER,ShotPower,72,4
FINISHER,ShotPower,73,4
FINISHER,ShotPower,74,4
FINISHER,ShotPower,75,6
FINISHER,ShotPower,76,6
FINISHER,ShotPower,77,6
FINISHER,ShotPower,78,6
FINISHER,ShotPower,79,6
FINISHER,ShotPower,80,7
FINISHER,ShotPower,81,7
FINISHER,ShotPower,82,7
FINISHER,ShotPower,83,7
FINISHER,ShotPower,84,7
FINISHER,ShotPower,85,11
FINISHER,ShotPower,86,11
FINISHER,ShotPower,87,11
FINISHER,ShotPower,88,11
FINISHER,ShotPower,89,11
FINISHER,ShotPower,90,15
FINISHER,ShotPower,91,15
FINISHER,ShotPower,92,15
FINISHER,ShotPower,93,15
FINISHER,ShotPower,94,15
FINISHER,ShotPower,95,18
FINISHER,ShotPower,96,22
FINISHER,ShotPower,97,26
FINISHER,ShotPower,98,30
FINISHER,ShotPower,99,33
FINISHER,LongShots,40,1
FINISHER,LongShots,41,1
FINISHER,LongShots,42,1
FINISHER,LongShots,43,1
FINISHER,LongShots,44,1
FINISHER,LongShots,45,1
FINISHER,LongShots,46,1
FINISHER,LongShots,47,1
FINISHER,LongShots,48,1
FINISHER,LongShots,49,1
FINISHER,LongShots,50,1
FINISHER,LongShots,51,1
FINISHER,LongShots,52,1
FINISHER,LongShots,53,1
FINISHER,LongShots,54,1
FINISHER,LongShots,55,1
FINISHER,LongShots,56,1
FINISHER,LongShots,57,1
FINISHER,LongShots,58,1
FINISHER,LongShots,59,1
FINISHER,LongShots,60,2
FINISHER,LongShots,61,2
FINISHER,LongShots,62,2
FINISHER,LongShots,63,2
FINISHER,LongShots,64,3
FINISHER,LongShots,65,3
FINISHER,LongShots,66,3
FINISHER,LongShots,67,3
FINISHER,LongShots,68,3
FINISHER,LongShots,69,3
FINISHER,LongShots,70,4
FINISHER,LongShots,71,4
FINISHER,LongShots,72,4
FINISHER,LongShots,73,4
FINISHER,LongShots,74,4
FINISHER,LongShots,75,6
FINISHER,LongShots,76,6
FINISHER,LongShots,77,6
FINISHER,LongShots,78,6
FINISHER,LongShots,79,6
FINISHER,LongShots,80,7
FINISHER,LongShots,81,7
FINISHER,LongShots,82,7
FINISHER,LongShots,83,7
FINISHER,LongShots,84,7
FINISHER,LongShots,85,11
FINISHER,LongShots,86,11
FINISHER,LongShots,87,11
FINISHER,LongShots,88,11
FINISHER,LongShots,89,11
FINISHER,LongShots,90,15
FINISHER,LongShots,91,15
FINISHER,LongShots,92,15
FINISHER,LongShots,93,15
FINISHER,LongShots,94,15
FINISHER,LongShots,95,18
FINISHER,LongShots,96,22
FINISHER,LongShots,97,26
FINISHER,LongShots,98,30
FINISHER,LongShots,99,33
FINISHER,Volleys,40,1
FINISHER,Volleys,41,1
FINISHER,Volleys,42,1
FINISHER,Volleys,43,1
FINISHER,Volleys,44,1
FINISHER,Volleys,45,1
FINISHER,Volleys,46,1
FINISHER,Volleys,47,1
FINISHER,Volleys,48,1
FINISHER,Volleys,49,1
FINISHER,Volleys,50,1
FINISHER,Volleys,51,1
FINISHER,Volleys,52,1
FINISHER,Volleys,53,1
FINISHER,Volleys,54,1
FINISHER,Volleys,55,1
FINISHER,Volleys,56,1
FINISHER,Volleys,57,1
FINISHER,Volleys,58,1
FINISHER,Volleys,59,1
FINISHER,Volleys,60,1
FINISHER,Volleys,61,1
FINISHER,Volleys,62,1
FINISHER,Volleys,63,1
FINISHER,Volleys,64,1
FINISHER,Volleys,65,1
FINISHER,Volleys,66,1
FINISHER,Volleys,67,2
FINISHER,Volleys,68,2
FINISHER,Volleys,69,2
FINISHER,Volleys,70,2
FINISHER,Volleys,71,2
FINISHER,Volleys,72,2
FINISHER,Volleys,73,2
FINISHER,Volleys,74,2
FINISHER,Volleys,75,3
FINISHER,Volleys,76,3
FINISHER,Volleys,77,3
FINISHER,Volleys,78,3
FINISHER,Volleys,79,3
FINISHER,Volleys,80,3
FINISHER,Volleys,81,3
FINISHER,Volleys,82,3
FINISHER,Volleys,83,3
FINISHER,Volleys,84,3
FINISHER,Volleys,85,6
FINISHER,Volleys,86,6
FINISHER,Volleys,87,6
FINISHER,Volleys,88,6
FINISHER,Volleys,89,6
FINISHER,Volleys,90,8
FINISHER,Volleys,91,8
FINISHER,Volleys,92,8
FINISHER,Volleys,93,8
FINISHER,Volleys,94,8
FINISHER,Volleys,95,9
FINISHER,Volleys,96,12
FINISHER,Volleys,97,14
FINISHER,Volleys,98,16
FINISHER,Volleys,99,18
FINISHER,Penalties,40,1
FINISHER,Penalties,41,1
FINISHER,Penalties,42,1
FINISHER,Penalties,43,1
FINISHER,Penalties,44,1
FINISHER,Penalties,45,1
FINISHER,Penalties,46,1
FINISHER,Penalties,47,1
FINISHER,Penalties,48,1
FINISHER,Penalties,49,1
FINISHER,Penalties,50,1
FINISHER,Penalties,51,1
FINISHER,Penalties,52,1
FINISHER,Penalties,53,1
FINISHER,Penalties,54,1
FINISHER,Penalties,55,1
FINISHER,Penalties,56,1
FINISHER,Penalties,57,1
FINISHER,Penalties,58,1
FINISHER,Penalties,59,1
FINISHER,Penalties,60,1
FINISHER,Penalties,61,1
FINISHER,Penalties,62,1
FINISHER,Penalties,63,1
FINISHER,Penalties,64,2
FINISHER,Penalties,65,2
FINISHER,Penalties,66,2
FINISHER,Penalties,67,2
FINISHER,Penalties,68,2
FINISHER,Penalties,69,2
FINISHER,Penalties,70,3
FINISHER,Penalties,71,3
FINISHER,Penalties,72,3
FINISHER,Penalties,73,3
FINISHER,Penalties,74,3
FINISHER,Penalties,75,4
FINISHER,Penalties,76,4
FINISHER,Penalties,77,4
FINISHER,Penalties,78,4
FINISHER,Penalties,79,4
FINISHER,Penalties,80,5
FINISHER,Penalties,81,5
FINISHER,Penalties,82,5
FINISHER,Penalties,83,5
FINISHER,Penalties,84,5
FINISHER,Penalties,85,8
FINISHER,Penalties,86,8
FINISHER,Penalties,87,8
FINISHER,Penalties,88,8
FINISHER,Penalties,89,8
FINISHER,Penalties,90,11
FINISHER,Penalties,91,11
FINISHER,Penalties,92,11
FINISHER,Penalties,93,11
FINISHER,Penalties,94,11
FINISHER,Penalties,95,13
FINISHER,Penalties,96,16
FINISHER,Penalties,97,19
FINISHER,Penalties,98,22
FINISHER,Penalties,99,24
FINISHER,Vision,40,1
FINISHER,Vision,41,1
FINISHER,Vision,42,1
FINISHER,Vision,43,1
FINISHER,Vision,44,1
FINISHER,Vision,45,1
FINISHER,Vision,46,1
FINISHER,Vision,47,1
FINISHER,Vision,48,1
FINISHER,Vision,49,1
FINISHER,Vision,50,1
FINISHER,Vision,51,1
FINISHER,Vision,52,1
FINISHER,Vision,53,1
FINISHER,Vision,54,1
FINISHER,Vision,55,1
FINISHER,Vision,56,1
FINISHER,Vision,57,1
FINISHER,Vision,58,1
FINISHER,Vision,59,1
FINISHER,Vision,60,2
FINISHER,Vision,61,2
FINISHER,Vision,62,2
FINISHER,Vision,63,2
FINISHER,Vision,64,3
FINISHER,Vision,65,3
FINISHER,Vision,66,3
FINISHER,Vision,67,3
FINISHER,Vision,68,3
FINISHER,Vision,69,3
FINISHER,Vision,70,4
FINISHER,Vision,71,4
FINISHER,Vision,72,4
FINISHER,Vision,73,4
FINISHER,Vision,74,4
FINISHER,Vision,75,6
FINISHER,Vision,76,6
FINISHER,Vision,77,6
FINISHER,Vision,78,6
FINISHER,Vision,79,6
FINISHER,Vision,80,7
FINISHER,Vision,81,7
FINISHER,Vision,82,7
FINISHER,Vision,83,7
FINISHER,Vision,84,7
FINISHER,Vision,85,11
FINISHER,Vision,86,11
FINISHER,Vision,87,11
FINISHER,Vision,88,11
FINISHER,Vision,89,11
FINISHER,Vision,90,15
FINISHER,Vision,91,15
FINISHER,Vision,92,15
FINISHER,Vision,93,15
FINISHER,Vision,94,15
FINISHER,Vision,95,18
FINISHER,Vision,96,22
FINISHER,Vision,97,26
FINISHER,Vision,98,30
FINISHER,Vision,99,33
FINISHER,Crossing,40,1
FINISHER,Crossing,41,1
FINISHER,Crossing,42,1
FINISHER,Crossing,43,1
FINISHER,Crossing,44,1
FINISHER,Crossing,45,1
FINISHER,Crossing,46,1
FINISHER,Crossing,47,1
FINISHER,Crossing,48,1
FINISHER,Crossing,49,1
FINISHER,Crossing,50,1
FINISHER,Crossing,51,1
FINISHER,Crossing,52,1
FINISHER,Crossing,53,1
FINISHER,Crossing,54,1
FINISHER,Crossing,55,1
FINISHER,Crossing,56,1
FINISHER,Crossing,57,1
FINISHER,Crossing,58,1
FINISHER,Crossing,59,1
FINISHER,Crossing,60,2
FINISHER,Crossing,61,2
FINISHER,Crossing,62,2
FINISHER,Crossing,63,2
FINISHER,Crossing,64,3
FINISHER,Crossing,65,3
FINISHER,Crossing,66,3
FINISHER,Crossing,67,3
FINISHER,Crossing,68,3
FINISHER,Crossing,69,3
FINISHER,Crossing,70,4
FINISHER,Crossing,71,4
FINISHER,Crossing,72,4
FINISHER,Crossing,73,4
FINISHER,Crossing,74,4
FINISHER,Crossing,75,6
FINISHER,Crossing,76,6
FINISHER,Crossing,77,6
FINISHER,Crossing,78,6
FINISHER,Crossing,79,6
FINISHER,Crossing,80,7
FINISHER,Crossing,81,7
FINISHER,Crossing,82,7
FINISHER,Crossing,83,7
FINISHER,Crossing,84,7
FINISHER,Crossing,85,11
FINISHER,Crossing,86,11
FINISHER,Crossing,87,11
FINISHER,Crossing,88,11
FINISHER,Crossing,89,11
FINISHER,Crossing,90,15
FINISHER,Crossing,91,15
FINISHER,Crossing,92,15
FINISHER,Crossing,93,15
FINISHER,Crossing,94,15
FINISHER,Crossing,95,18
FINISHER,Crossing,96,22
FINISHER,Crossing,97,26
FINISHER,Crossing,98,30
FINISHER,Crossing,99,33
FINISHER,FKAccuracy,40,1
FINISHER,FKAccuracy,41,1
FINISHER,FKAccuracy,42,1
FINISHER,FKAccuracy,43,1
FINISHER,FKAccuracy,44,1
FINISHER,FKAccuracy,45,1
FINISHER,FKAccuracy,46,1
FINISHER,FKAccuracy,47,1
FINISHER,FKAccuracy,48,1
FINISHER,FKAccuracy,49,1
FINISHER,FKAccuracy,50,1
FINISHER,FKAccuracy,51,1
FINISHER,FKAccuracy,52,1
FINISHER,FKAccuracy,53,1
FINISHER,FKAccuracy,54,1
FINISHER,FKAccuracy,55,1
FINISHER,FKAccuracy,56,1
FINISHER,FKAccuracy,57,1
FINISHER,FKAccuracy,58,1
FINISHER,FKAccuracy,59,1
FINISHER,FKAccuracy,60,1
FINISHER,FKAccuracy,61,1
FINISHER,FKAccuracy,62,1
FINISHER,FKAccuracy,63,1
FINISHER,FKAccuracy,64,2
FINISHER,FKAccuracy,65,2
FINISHER,FKAccuracy,66,2
FINISHER,FKAccuracy,67,2
FINISHER,FKAccuracy,68,2
FINISHER,FKAccuracy,69,2
FINISHER,FKAccuracy,70,3
FINISHER,FKAccuracy,71,3
FINISHER,FKAccuracy,72,3
FINISHER,FKAccuracy,73,3
FINISHER,FKAccuracy,74,3
FINISHER,FKAccuracy,75,4
FINISHER,FKAccuracy,76,4
FINISHER,FKAccuracy,77,4
FINISHER,FKAccuracy,78,4
FINISHER,FKAccuracy,79,4
FINISHER,FKAccuracy,80,5
FINISHER,FKAccuracy,81,5
FINISHER,FKAccuracy,82,5
FINISHER,FKAccuracy,83,5
FINISHER,FKAccuracy,84,5
FINISHER,FKAccuracy,85,8
FINISHER,FKAccuracy,86,8
FINISHER,FKAccuracy,87,8
FINISHER,FKAccuracy,88,8
FINISHER,FKAccuracy,89,8
FINISHER,FKAccuracy,90,11
FINISHER,FKAccuracy,91,11
FINISHER,FKAccuracy,92,11
FINISHER,FKAccuracy,93,11
FINISHER,FKAccuracy,94,11
FINISHER,FKAccuracy,95,13
FINISHER,FKAccuracy,96,16
FINISHER,FKAccuracy,97,19
FINISHER,FKAccuracy,98,22
FINISHER,FKAccuracy,99,24
FINISHER,ShortPassing,40,2
FINISHER,ShortPassing,41,2
FINISHER,ShortPassing,42,2
FINISHER,ShortPassing,43,2
FINISHER,ShortPassing,44,2
FINISHER,ShortPassing,45,2
FINISHER,ShortPassing,46,2
FINISHER,ShortPassing,47,2
FINISHER,ShortPassing,48,2
FINISHER,ShortPassing,49,2
FINISHER,ShortPassing,50,2
FINISHER,ShortPassing,51,2
FINISHER,ShortPassing,52,2
FINISHER,ShortPassing,53,2
FINISHER,ShortPassing,54,2
FINISHER,ShortPassing,55,2
FINISHER,ShortPassing,56,2
FINISHER,ShortPassing,57,2
FINISHER,ShortPassing,58,2
FINISHER,ShortPassing,59,2
FINISHER,ShortPassing,60,3
FINISHER,ShortPassing,61,3
FINISHER,ShortPassing,62,3
FINISHER,ShortPassing,63,3
FINISHER,ShortPassing,64,4
FINISHER,ShortPassing,65,4
FINISHER,ShortPassing,66,4
FINISHER,ShortPassing,67,5
FINISHER,ShortPassing,68,5
FINISHER,ShortPassing,69,5
FINISHER,ShortPassing,70,6
FINISHER,ShortPassing,71,6
FINISHER,ShortPassing,72,6
FINISHER,ShortPassing,73,6
FINISHER,ShortPassing,74,6
FINISHER,ShortPassing,75,8
FINISHER,ShortPassing,76,8
FINISHER,ShortPassing,77,8
FINISHER,ShortPassing,78,8
FINISHER,ShortPassing,79,8
FINISHER,ShortPassing,80,10
FINISHER,ShortPassing,81,10
FINISHER,ShortPassing,82,10
FINISHER,ShortPassing,83,10
FINISHER,ShortPassing,84,10
FINISHER,ShortPassing,85,15
FINISHER,ShortPassing,86,15
FINISHER,ShortPassing,87,15
FINISHER,ShortPassing,88,15
FINISHER,ShortPassing,89,15
FINISHER,ShortPassing,90,20
FINISHER,ShortPassing,91,20
FINISHER,ShortPassing,92,20
FINISHER,ShortPassing,93,20
FINISHER,ShortPassing,94,20
FINISHER,ShortPassing,95,25
FINISHER,ShortPassing,96,30
FINISHER,ShortPassing,97,35
FINISHER,ShortPassing,98,40
FINISHER,ShortPassing,99,45
FINISHER,LongPassing,40,1
FINISHER,LongPassing,41,1
FINISHER,LongPassing,42,1
FINISHER,LongPassing,43,1
FINISHER,LongPassing,44,1
FINISHER,LongPassing,45,1
FINISHER,LongPassing,46,1
FINISHER,LongPassing,47,1
FINISHER,LongPassing,48,1
FINISHER,LongPassing,49,1
FINISHER,LongPassing,50,1
FINISHER,LongPassing,51,1
FINISHER,LongPassing,52,1
FINISHER,LongPassing,53,1
FINISHER,LongPassing,54,1
FINISHER,LongPassing,55,1
FINISHER,LongPassing,56,1
FINISHER,LongPassing,57,1
FINISHER,LongPassing,58,1
FINISHER,LongPassing,59,1
FINISHER,LongPassing,60,2
FINISHER,LongPassing,61,2
FINISHER,LongPassing,62,2
FINISHER,LongPassing,63,2
FINISHER,LongPassing,64,3
FINISHER,LongPassing,65,3
FINISHER,LongPassing,66,3
FINISHER,LongPassing,67,3
FINISHER,LongPassing,68,3
FINISHER,LongPassing,69,3
FINISHER,LongPassing,70,4
FINISHER,LongPassing,71,4
FINISHER,LongPassing,72,4
FINISHER,LongPassing,73,4
FINISHER,LongPassing,74,4
FINISHER,LongPassing,75,6
FINISHER,LongPassing,76,6
FINISHER,LongPassing,77,6
FINISHER,LongPassing,78,6
FINISHER,LongPassing,79,6
FINISHER,LongPassing,80,7
FINISHER,LongPassing,81,7
FINISHER,LongPassing,82,7
FINISHER,LongPassing,83,7
FINISHER,LongPassing,84,7
FINISHER,LongPassing,85,11
FINISHER,LongPassing,86,11
FINISHER,LongPassing,87,11
FINISHER,LongPassing,88,11
FINISHER,LongPassing,89,11
FINISHER,LongPassing,90,15
FINISHER,LongPassing,91,15
FINISHER,LongPassing,92,15
FINISHER,LongPassing,93,15
FINISHER,LongPassing,94,15
FINISHER,LongPassing,95,18
FINISHER,LongPassing,96,22
FINISHER,LongPassing,97,26
FINISHER,LongPassing,98,30
FINISHER,LongPassing,99,33
FINISHER,Curve,40,1
FINISHER,Curve,41,1
FINISHER,Curve,42,1
FINISHER,Curve,43,1
FINISHER,Curve,44,1
FINISHER,Curve,45,1
FINISHER,Curve,46,1
FINISHER,Curve,47,1
FINISHER,Curve,48,1
FINISHER,Curve,49,1
FINISHER,Curve,50,1
FINISHER,Curve,51,1
FINISHER,Curve,52,1
FINISHER,Curve,53,1
FINISHER,Curve,54,1
FINISHER,Curve,55,1
FINISHER,Curve,56,1
FINISHER,Curve,57,1
FINISHER,Curve,58,1
FINISHER,Curve,59,1
FINISHER,Curve,60,1
FINISHER,Curve,61,1
FINISHER,Curve,62,1
FINISHER,Curve,63,1
FINISHER,Curve,64,2
FINISHER,Curve,65,2
FINISHER,Curve,66,2
FINISHER,Curve,67,2
FINISHER,Curve,68,2
FINISHER,Curve,69,2
FINISHER,Curve,70,3
FINISHER,Curve,71,3
FINISHER,Curve,72,3
FINISHER,Curve,73,3
FINISHER,Curve,74,3
FINISHER,Curve,75,4
FINISHER,Curve,76,4
FINISHER,Curve,77,4
FINISHER,Curve,78,4
FINISHER,Curve,79,4
FINISHER,Curve,80,5
FINISHER,Curve,81,5
FINISHER,Curve,82,5
FINISHER,Curve,83,5
FINISHER,Curve,84,5
FINISHER,Curve,85,8
FINISHER,Curve,86,8
FINISHER,Curve,87,8
FINISHER,Curve,88,8
FINISHER,Curve,89,8
FINISHER,Curve,90,11
FINISHER,Curve,91,11
FINISHER,Curve,92,11
FINISHER,Curve,93,11
FINISHER,Curve,94,11
FINISHER,Curve,95,13
FINISHER,Curve,96,16
FINISHER,Curve,97,19
FINISHER,Curve,98,22
FINISHER,Curve,99,24
FINISHER,Agility,40,2
FINISHER,Agility,41,2
FINISHER,Agility,42,2
FINISHER,Agility,43,2
FINISHER,Agility,44,2
FINISHER,Agility,45,2
FINISHER,Agility,46,2
FINISHER,Agility,47,2
FINISHER,Agility,48,2
FINISHER,Agility,49,2
FINISHER,Agility,50,2
FINISHER,Agility,51,2
FINISHER,Agility,52,2
FINISHER,Agility,53,2
FINISHER,Agility,54,2
FINISHER,Agility,55,2
FINISHER,Agility,56,2
FINISHER,Agility,57,2
FINISHER,Agility,58,2
FINISHER,Agility,59,2
FINISHER,Agility,60,3
FINISHER,Agility,61,3
FINISHER,Agility,62,3
FINISHER,Agility,63,3
FINISHER,Agility,64,4
FINISHER,Agility,65,4
FINISHER,Agility,66,4
FINISHER,Agility,67,5
FINISHER,Agility,68,5
FINISHER,Agility,69,5
FINISHER,Agility,70,6
FINISHER,Agility,71,6
FINISHER,Agility,72,6
FINISHER,Agility,73,6
FINISHER,Agility,74,6
FINISHER,Agility,75,8
FINISHER,Agility,76,8
FINISHER,Agility,77,8
FINISHER,Agility,78,8
FINISHER,Agility,79,8
FINISHER,Agility,80,10
FINISHER,Agility,81,10
FINISHER,Agility,82,10
FINISHER,Agility,83,10
FINISHER,Agility,84,10
FINISHER,Agility,85,15
FINISHER,Agility,86,15
FINISHER,Agility,87,15
FINISHER,Agility,88,15
FINISHER,Agility,89,15
FINISHER,Agility,90,20
FINISHER,Agility,91,20
FINISHER,Agility,92,20
FINISHER,Agility,93,20
FINISHER,Agility,94,20
FINISHER,Agility,95,25
FINISHER,Agility,96,30
FINISHER,Agility,97,35
FINISHER,Agility,98,40
FINISHER,Agility,99,45
FINISHER,Balance,40,1
FINISHER,Balance,41,1
FINISHER,Balance,42,1
FINISHER,Balance,43,1
FINISHER,Balance,44,1
FINISHER,Balance,45,1
FINISHER,Balance,46,1
FINISHER,Balance,47,1
FINISHER,Balance,48,1
FINISHER,Balance,49,1
FINISHER,Balance,50,1
FINISHER,Balance,51,1
FINISHER,Balance,52,1
FINISHER,Balance,53,1
FINISHER,Balance,54,1
FINISHER,Balance,55,1
FINISHER,Balance,56,1
FINISHER,Balance,57,1
FINISHER,Balance,58,1
FINISHER,Balance,59,1
FINISHER,Balance,60,2
FINISHER,Balance,61,2
FINISHER,Balance,62,2
FINISHER,Balance,63,2
FINISHER,Balance,64,3
FINISHER,Balance,65,3
FINISHER,Balance,66,3
FINISHER,Balance,67,3
FINISHER,Balance,68,3
FINISHER,Balance,69,3
FINISHER,Balance,70,4
FINISHER,Balance,71,4
FINISHER,Balance,72,4
FINISHER,Balance,73,4
FINISHER,Balance,74,4
FINISHER,Balance,75,6
FINISHER,Balance,76,6
FINISHER,Balance,77,6
FINISHER,Balance,78,6
FINISHER,Balance,79,6
FINISHER,Balance,80,7
FINISHER,Balance,81,7
FINISHER,Balance,82,7
FINISHER,Balance,83,7
FINISHER,Balance,84,7
FINISHER,Balance,85,11
FINISHER,Balance,86,11
FINISHER,Balance,87,11
FINISHER,Balance,88,11
FINISHER,Balance,89,11
FINISHER,Balance,90,15
FINISHER,Balance,91,15
FINISHER,Balance,92,15
FINISHER,Balance,93,15
FINISHER,Balance,94,15
FINISHER,Balance,95,18
FINISHER,Balance,96,22
FINISHER,Balance,97,26
FINISHER,Balance,98,30
FINISHER,Balance,99,33
FINISHER,Reactions,40,1
FINISHER,Reactions,41,1
FINISHER,Reactions,42,1
FINISHER,Reactions,43,1
FINISHER,Reactions,44,1
FINISHER,Reactions,45,1
FINISHER,Reactions,46,1
FINISHER,Reactions,47,1
FINISHER,Reactions,48,1
FINISHER,Reactions,49,1
FINISHER,Reactions,50,1
FINISHER,Reactions,51,1
FINISHER,Reactions,52,1
FINISHER,Reactions,53,1
FINISHER,Reactions,54,1
FINISHER,Reactions,55,1
FINISHER,Reactions,56,1
FINISHER,Reactions,57,1
FINISHER,Reactions,58,1
FINISHER,Reactions,59,1
FINISHER,Reactions,60,1
FINISHER,Reactions,61,1
FINISHER,Reactions,62,1
FINISHER,Reactions,63,1
FINISHER,Reactions,64,1
FINISHER,Reactions,65,1
FINISHER,Reactions,66,1
FINISHER,Reactions,67,2
FINISHER,Reactions,68,2
FINISHER,Reactions,69,2
FINISHER,Reactions,70,2
FINISHER,Reactions,71,2
FINISHER,Reactions,72,2
FINISHER,Reactions,73,2
FINISHER,Reactions,74,2
FINISHER,Reactions,75,3
FINISHER,Reactions,76,3
FINISHER,Reactions,77,3
FINISHER,Reactions,78,3
FINISHER,Reactions,79,3
FINISHER,Reactions,80,3
FINISHER,Reactions,81,3
FINISHER,Reactions,82,3
FINISHER,Reactions,83,3
FINISHER,Reactions,84,3
FINISHER,Reactions,85,6
FINISHER,Reactions,86,6
FINISHER,Reactions,87,6
FINISHER,Reactions,88,6
FINISHER,Reactions,89,6
FINISHER,Reactions,90,8
FINISHER,Reactions,91,8
FINISHER,Reactions,92,8
FINISHER,Reactions,93,8
FINISHER,Reactions,94,8
FINISHER,Reactions,95,9
FINISHER,Reactions,96,12
FINISHER,Reactions,97,14
FINISHER,Reactions,98,16
FINISHER,Reactions,99,18
FINISHER,BallControl,40,1
FINISHER,BallControl,41,1
FINISHER,BallControl,42,1
FINISHER,BallControl,43,1
FINISHER,BallControl,44,1
FINISHER,BallControl,45,1
FINISHER,BallControl,46,1
FINISHER,BallControl,47,1
FINISHER,BallControl,48,1
FINISHER,BallControl,49,1
FINISHER,BallControl,50,1
FINISHER,BallControl,51,1
FINISHER,BallControl,52,1
FINISHER,BallControl,53,1
FINISHER,BallControl,54,1
FINISHER,BallControl,55,1
FINISHER,BallControl,56,1
FINISHER,BallControl,57,1
FINISHER,BallControl,58,1
FINISHER,BallControl,59,1
FINISHER,BallControl,60,2
FINISHER,BallControl,61,2
FINISHER,BallControl,62,2
FINISHER,BallControl,63,2
FINISHER,BallControl,64,3
FINISHER,BallControl,65,3
FINISHER,BallControl,66,3
FINISHER,BallControl,67,3
FINISHER,BallControl,68,3
FINISHER,BallControl,69,3
FINISHER,BallControl,70,4
FINISHER,BallControl,71,4
FINISHER,BallControl,72,4
FINISHER,BallControl,73,4
FINISHER,BallControl,74,4
FINISHER,BallControl,75,6
FINISHER,BallControl,76,6
FINISHER,BallControl,77,6
FINISHER,BallControl,78,6
FINISHER,BallControl,79,6
FINISHER,BallControl,80,7
FINISHER,BallControl,81,7
FINISHER,BallControl,82,7
FINISHER,BallControl,83,7
FINISHER,BallControl,84,7
FINISHER,BallControl,85,11
FINISHER,BallControl,86,11
FINISHER,BallControl,87,11
FINISHER,BallControl,88,11
FINISHER,BallControl,89,11
FINISHER,BallControl,90,15
FINISHER,BallControl,91,15
FINISHER,BallControl,92,15
FINISHER,BallControl,93,15
FINISHER,BallControl,94,15
FINISHER,BallControl,95,18
FINISHER,BallControl,96,22
FINISHER,BallControl,97,26
FINISHER,BallControl,98,30
FINISHER,BallControl,99,33
FINISHER,Dribbling,40,2
FINISHER,Dribbling,41,2
FINISHER,Dribbling,42,2
FINISHER,Dribbling,43,2
FINISHER,Dribbling,44,2
FINISHER,Dribbling,45,2
FINISHER,Dribbling,46,2
FINISHER,Dribbling,47,2
FINISHER,Dribbling,48,2
FINISHER,Dribbling,49,2
FINISHER,Dribbling,50,2
FINISHER,Dribbling,51,2
FINISHER,Dribbling,52,2
FINISHER,Dribbling,53,2
FINISHER,Dribbling,54,2
FINISHER,Dribbling,55,2
FINISHER,Dribbling,56,2
FINISHER,Dribbling,57,2
FINISHER,Dribbling,58,2
FINISHER,Dribbling,59,2
FINISHER,Dribbling,60,3
FINISHER,Dribbling,61,3
FINISHER,Dribbling,62,3
FINISHER,Dribbling,63,3
FINISHER,Dribbling,64,4
FINISHER,Dribbling,65,4
FINISHER,Dribbling,66,4
FINISHER,Dribbling,67,5
FINISHER,Dribbling,68,5
FINISHER,Dribbling,69,5
FINISHER,Dribbling,70,6
FINISHER,Dribbling,71,6
FINISHER,Dribbling,72,6
FINISHER,Dribbling,73,6
FINISHER,Dribbling,74,6
FINISHER,Dribbling,75,8
FINISHER,Dribbling,76,8
FINISHER,Dribbling,77,8
FINISHER,Dribbling,78,8
FINISHER,Dribbling,79,8
FINISHER,Dribbling,80,10
FINISHER,Dribbling,81,10
FINISHER,Dribbling,82,10
FINISHER,Dribbling,83,10
FINISHER,Dribbling,84,10
FINISHER,Dribbling,85,15
FINISHER,Dribbling,86,15
FINISHER,Dribbling,87,15
FINISHER,Dribbling,88,15
FINISHER,Dribbling,89,15
FINISHER,Dribbling,90,20
FINISHER,Dribbling,91,20
FINISHER,Dribbling,92,20
FINISHER,Dribbling,93,20
FINISHER,Dribbling,94,20
FINISHER,Dribbling,95,25
FINISHER,Dribbling,96,30
FINISHER,Dribbling,97,35
FINISHER,Dribbling,98,40
FINISHER,Dribbling,99,45
FINISHER,Composure,40,1
FINISHER,Composure,41,1
FINISHER,Composure,42,1
FINISHER,Composure,43,1
FINISHER,Composure,44,1
FINISHER,Composure,45,1
FINISHER,Composure,46,1
FINISHER,Composure,47,1
FINISHER,Composure,48,1
FINISHER,Composure,49,1
FINISHER,Composure,50,1
FINISHER,Composure,51,1
FINISHER,Composure,52,1
FINISHER,Composure,53,1
FINISHER,Composure,54,1
FINISHER,Composure,55,1
FINISHER,Composure,56,1
FINISHER,Composure,57,1
FINISHER,Composure,58,1
FINISHER,Composure,59,1
FINISHER,Composure,60,1
FINISHER,Composure,61,1
FINISHER,Composure,62,1
FINISHER,Composure,63,1
FINISHER,Composure,64,2
FINISHER,Composure,65,2
FINISHER,Composure,66,2
FINISHER,Composure,67,2
FINISHER,Composure,68,2
FINISHER,Composure,69,2
FINISHER,Composure,70,3
FINISHER,Composure,71,3
FINISHER,Composure,72,3
FINISHER,Composure,73,3
FINISHER,Composure,74,3
FINISHER,Composure,75,4
FINISHER,Composure,76,4
FINISHER,Composure,77,4
FINISHER,Composure,78,4
FINISHER,Composure,79,4
FINISHER,Composure,80,5
FINISHER,Composure,81,5
FINISHER,Composure,82,5
FINISHER,Composure,83,5
FINISHER,Composure,84,5
FINISHER,Composure,85,8
FINISHER,Composure,86,8
FINISHER,Composure,87,8
FINISHER,Composure,88,8
FINISHER,Composure,89,8
FINISHER,Composure,90,11
FINISHER,Composure,91,11
FINISHER,Composure,92,11
FINISHER,Composure,93,11
FINISHER,Composure,94,11
FINISHER,Composure,95,13
FINISHER,Composure,96,16
FINISHER,Composure,97,19
FINISHER,Composure,98,22
FINISHER,Composure,99,24
FINISHER,Interceptions,40,2
FINISHER,Interceptions,41,2
FINISHER,Interceptions,42,2
FINISHER,Interceptions,43,2
FINISHER,Interceptions,44,2
FINISHER,Interceptions,45,2
FINISHER,Interceptions,46,2
FINISHER,Interceptions,47,2
FINISHER,Interceptions,48,2
FINISHER,Interceptions,49,2
FINISHER,Interceptions,50,2
FINISHER,Interceptions,51,2
FINISHER,Interceptions,52,2
FINISHER,Interceptions,53,2
FINISHER,Interceptions,54,2
FINISHER,Interceptions,55,2
FINISHER,Interceptions,56,2
FINISHER,Interceptions,57,2
FINISHER,Interceptions,58,2
FINISHER,Interceptions,59,2
FINISHER,Interceptions,60,3
FINISHER,Interceptions,61,3
FINISHER,Interceptions,62,3
FINISHER,Interceptions,63,3
FINISHER,Interceptions,64,4
FINISHER,Interceptions,65,4
FINISHER,Interceptions,66,4
FINISHER,Interceptions,67,5
FINISHER,Interceptions,68,5
FINISHER,Interceptions,69,5
FINISHER,Interceptions,70,6
FINISHER,Interceptions,71,6
FINISHER,Interceptions,72,6
FINISHER,Interceptions,73,6
FINISHER,Interceptions,74,6
FINISHER,Interceptions,75,8
FINISHER,Interceptions,76,8
FINISHER,Interceptions,77,8
FINISHER,Interceptions,78,8
FINISHER,Interceptions,79,8
FINISHER,Interceptions,80,10
FINISHER,Interceptions,81,10
FINISHER,Interceptions,82,10
FINISHER,Interceptions,83,10
FINISHER,Interceptions,84,10
FINISHER,Interceptions,85,15
FINISHER,Interceptions,86,15
FINISHER,Interceptions,87,15
FINISHER,Interceptions,88,15
FINISHER,Interceptions,89,15
FINISHER,Interceptions,90,20
FINISHER,Interceptions,91,20
FINISHER,Interceptions,92,20
FINISHER,Interceptions,93,20
FINISHER,Interceptions,94,20
FINISHER,Interceptions,95,25
FINISHER,Interceptions,96,30
FINISHER,Interceptions,97,35
FINISHER,Interceptions,98,40
FINISHER,Interceptions,99,45
FINISHER,Heading Accuracy,40,1
FINISHER,Heading Accuracy,41,1
FINISHER,Heading Accuracy,42,1
FINISHER,Heading Accuracy,43,1
FINISHER,Heading Accuracy,44,1
FINISHER,Heading Accuracy,45,1
FINISHER,Heading Accuracy,46,1
FINISHER,Heading Accuracy,47,1
FINISHER,Heading Accuracy,48,1
FINISHER,Heading Accuracy,49,1
FINISHER,Heading Accuracy,50,1
FINISHER,Heading Accuracy,51,1
FINISHER,Heading Accuracy,52,1
FINISHER,Heading Accuracy,53,1
FINISHER,Heading Accuracy,54,1
FINISHER,Heading Accuracy,55,1
FINISHER,Heading Accuracy,56,1
FINISHER,Heading Accuracy,57,1
FINISHER,Heading Accuracy,58,1
FINISHER,Heading Accuracy,59,1
FINISHER,Heading Accuracy,60,2
FINISHER,Heading Accuracy,61,2
FINISHER,Heading Accuracy,62,2
FINISHER,Heading Accuracy,63,2
FINISHER,Heading Accuracy,64,3
FINISHER,Heading Accuracy,65,3
FINISHER,Heading Accuracy,66,3
FINISHER,Heading Accuracy,67,3
FINISHER,Heading Accuracy,68,3
FINISHER,Heading Accuracy,69,3
FINISHER,Heading Accuracy,70,4
FINISHER,Heading Accuracy,71,4
FINISHER,Heading Accuracy,72,4
FINISHER,Heading Accuracy,73,4
FINISHER,Heading Accuracy,74,4
FINISHER,Heading Accuracy,75,6
FINISHER,Heading Accuracy,76,6
FINISHER,Heading Accuracy,77,6
FINISHER,Heading Accuracy,78,6
FINISHER,Heading Accuracy,79,6
FINISHER,Heading Accuracy,80,7
FINISHER,Heading Accuracy,81,7
FINISHER,Heading Accuracy,82,7
FINISHER,Heading Accuracy,83,7
FINISHER,Heading Accuracy,84,7
FINISHER,Heading Accuracy,85,11
FINISHER,Heading Accuracy,86,11
FINISHER,Heading Accuracy,87,11
FINISHER,Heading Accuracy,88,11
FINISHER,Heading Accuracy,89,11
FINISHER,Heading Accuracy,90,15
FINISHER,Heading Accuracy,91,15
FINISHER,Heading Accuracy,92,15
FINISHER,Heading Accuracy,93,15
FINISHER,Heading Accuracy,94,15
FINISHER,Heading Accuracy,95,18
FINISHER,Heading Accuracy,96,22
FINISHER,Heading Accuracy,97,26
FINISHER,Heading Accuracy,98,30
FINISHER,Heading Accuracy,99,33
FINISHER,DefAwareness,40,1
FINISHER,DefAwareness,41,1
FINISHER,DefAwareness,42,1
FINISHER,DefAwareness,43,1
FINISHER,DefAwareness,44,1
FINISHER,DefAwareness,45,1
FINISHER,DefAwareness,46,1
FINISHER,DefAwareness,47,1
FINISHER,DefAwareness,48,1
FINISHER,DefAwareness,49,1
FINISHER,DefAwareness,50,1
FINISHER,DefAwareness,51,1
FINISHER,DefAwareness,52,1
FINISHER,DefAwareness,53,1
FINISHER,DefAwareness,54,1
FINISHER,DefAwareness,55,1
FINISHER,DefAwareness,56,1
FINISHER,DefAwareness,57,1
FINISHER,DefAwareness,58,1
FINISHER,DefAwareness,59,1
FINISHER,DefAwareness,60,2
FINISHER,DefAwareness,61,2
FINISHER,DefAwareness,62,2
FINISHER,DefAwareness,63,2
FINISHER,DefAwareness,64,3
FINISHER,DefAwareness,65,3
FINISHER,DefAwareness,66,3
FINISHER,DefAwareness,67,3
FINISHER,DefAwareness,68,3
FINISHER,DefAwareness,69,3
FINISHER,DefAwareness,70,4
FINISHER,DefAwareness,71,4
FINISHER,DefAwareness,72,4
FINISHER,DefAwareness,73,4
FINISHER,DefAwareness,74,4
FINISHER,DefAwareness,75,6
FINISHER,DefAwareness,76,6
FINISHER,DefAwareness,77,6
FINISHER,DefAwareness,78,6
FINISHER,DefAwareness,79,6
FINISHER,DefAwareness,80,7
FINISHER,DefAwareness,81,7
FINISHER,DefAwareness,82,7
FINISHER,DefAwareness,83,7
FINISHER,DefAwareness,84,7
FINISHER,DefAwareness,85,11
FINISHER,DefAwareness,86,11
FINISHER,DefAwareness,87,11
FINISHER,DefAwareness,88,11
FINISHER,DefAwareness,89,11
FINISHER,DefAwareness,90,15
FINISHER,DefAwareness,91,15
FINISHER,DefAwareness,92,15
FINISHER,DefAwareness,93,15
FINISHER,DefAwareness,94,15
FINISHER,DefAwareness,95,18
FINISHER,DefAwareness,96,22
FINISHER,DefAwareness,97,26
FINISHER,DefAwareness,98,30
FINISHER,DefAwareness,99,33
FINISHER,StandingTackle,40,2
FINISHER,StandingTackle,41,2
FINISHER,StandingTackle,42,2
FINISHER,StandingTackle,43,2
FINISHER,StandingTackle,44,2
FINISHER,StandingTackle,45,2
FINISHER,StandingTackle,46,2
FINISHER,StandingTackle,47,2
FINISHER,StandingTackle,48,2
FINISHER,StandingTackle,49,2
FINISHER,StandingTackle,50,2
FINISHER,StandingTackle,51,2
FINISHER,StandingTackle,52,2
FINISHER,StandingTackle,53,2
FINISHER,StandingTackle,54,2
FINISHER,StandingTackle,55,2
FINISHER,StandingTackle,56,2
FINISHER,StandingTackle,57,2
FINISHER,StandingTackle,58,2
FINISHER,StandingTackle,59,2
FINISHER,StandingTackle,60,3
FINISHER,StandingTackle,61,3
FINISHER,StandingTackle,62,3
FINISHER,StandingTackle,63,3
FINISHER,StandingTackle,64,4
FINISHER,StandingTackle,65,4
FINISHER,StandingTackle,66,4
FINISHER,StandingTackle,67,5
FINISHER,StandingTackle,68,5
FINISHER,StandingTackle,69,5
FINISHER,StandingTackle,70,6
FINISHER,StandingTackle,71,6
FINISHER,StandingTackle,72,6
FINISHER,StandingTackle,73,6
FINISHER,StandingTackle,74,6
FINISHER,StandingTackle,75,8
FINISHER,StandingTackle,76,8
FINISHER,StandingTackle,77,8
FINISHER,StandingTackle,78,8
FINISHER,StandingTackle,79,8
FINISHER,StandingTackle,80,10
FINISHER,StandingTackle,81,10
FINISHER,StandingTackle,82,10
FINISHER,StandingTackle,83,10
FINISHER,StandingTackle,84,10
FINISHER,StandingTackle,85,15
FINISHER,StandingTackle,86,15
FINISHER,StandingTackle,87,15
FINISHER,StandingTackle,88,15
FINISHER,StandingTackle,89,15
FINISHER,StandingTackle,90,20
FINISHER,StandingTackle,91,20
FINISHER,StandingTackle,92,20
FINISHER,StandingTackle,93,20
FINISHER,StandingTackle,94,20
FINISHER,StandingTackle,95,25
FINISHER,StandingTackle,96,30
FINISHER,StandingTackle,97,35
FINISHER,StandingTackle,98,40
FINISHER,StandingTackle,99,45
FINISHER,SlidingTackle,40,1
FINISHER,SlidingTackle,41,1
FINISHER,SlidingTackle,42,1
FINISHER,SlidingTackle,43,1
FINISHER,SlidingTackle,44,1
FINISHER,SlidingTackle,45,1
FINISHER,SlidingTackle,46,1
FINISHER,SlidingTackle,47,1
FINISHER,SlidingTackle,48,1
FINISHER,SlidingTackle,49,1
FINISHER,SlidingTackle,50,1
FINISHER,SlidingTackle,51,1
FINISHER,SlidingTackle,52,1
FINISHER,SlidingTackle,53,1
FINISHER,SlidingTackle,54,1
FINISHER,SlidingTackle,55,1
FINISHER,SlidingTackle,56,1
FINISHER,SlidingTackle,57,1
FINISHER,SlidingTackle,58,1
FINISHER,SlidingTackle,59,1
FINISHER,SlidingTackle,60,2
FINISHER,SlidingTackle,61,2
FINISHER,SlidingTackle,62,2
FINISHER,SlidingTackle,63,2
FINISHER,SlidingTackle,64,3
FINISHER,SlidingTackle,65,3
FINISHER,SlidingTackle,66,3
FINISHER,SlidingTackle,67,3
FINISHER,SlidingTackle,68,3
FINISHER,SlidingTackle,69,3
FINISHER,SlidingTackle,70,4
FINISHER,SlidingTackle,71,4
FINISHER,SlidingTackle,72,4
FINISHER,SlidingTackle,73,4
FINISHER,SlidingTackle,74,4
FINISHER,SlidingTackle,75,6
FINISHER,SlidingTackle,76,6
FINISHER,SlidingTackle,77,6
FINISHER,SlidingTackle,78,6
FINISHER,SlidingTackle,79,6
FINISHER,SlidingTackle,80,7
FINISHER,SlidingTackle,81,7
FINISHER,SlidingTackle,82,7
FINISHER,SlidingTackle,83,7
FINISHER,SlidingTackle,84,7
FINISHER,SlidingTackle,85,11
FINISHER,SlidingTackle,86,11
FINISHER,SlidingTackle,87,11
FINISHER,SlidingTackle,88,11
FINISHER,SlidingTackle,89,11
FINISHER,SlidingTackle,90,15
FINISHER,SlidingTackle,91,15
FINISHER,SlidingTackle,92,15
FINISHER,SlidingTackle,93,15
FINISHER,SlidingTackle,94,15
FINISHER,SlidingTackle,95,18
FINISHER,SlidingTackle,96,22
FINISHER,SlidingTackle,97,26
FINISHER,SlidingTackle,98,30
FINISHER,SlidingTackle,99,33
FINISHER,Jumping,40,1
FINISHER,Jumping,41,1
FINISHER,Jumping,42,1
FINISHER,Jumping,43,1
FINISHER,Jumping,44,1
FINISHER,Jumping,45,1
FINISHER,Jumping,46,1
FINISHER,Jumping,47,1
FINISHER,Jumping,48,1
FINISHER,Jumping,49,1
FINISHER,Jumping,50,1
FINISHER,Jumping,51,1
FINISHER,Jumping,52,1
FINISHER,Jumping,53,1
FINISHER,Jumping,54,1
FINISHER,Jumping,55,1
FINISHER,Jumping,56,1
FINISHER,Jumping,57,1
FINISHER,Jumping,58,1
FINISHER,Jumping,59,1
FINISHER,Jumping,60,1
FINISHER,Jumping,61,1
FINISHER,Jumping,62,1
FINISHER,Jumping,63,1
FINISHER,Jumping,64,2
FINISHER,Jumping,65,2
FINISHER,Jumping,66,2
FINISHER,Jumping,67,2
FINISHER,Jumping,68,2
FINISHER,Jumping,69,2
FINISHER,Jumping,70,3
FINISHER,Jumping,71,3
FINISHER,Jumping,72,3
FINISHER,Jumping,73,3
FINISHER,Jumping,74,3
FINISHER,Jumping,75,4
FINISHER,Jumping,76,4
FINISHER,Jumping,77,4
FINISHER,Jumping,78,4
FINISHER,Jumping,79,4
FINISHER,Jumping,80,5
FINISHER,Jumping,81,5
FINISHER,Jumping,82,5
FINISHER,Jumping,83,5
FINISHER,Jumping,84,5
FINISHER,Jumping,85,8
FINISHER,Jumping,86,8
FINISHER,Jumping,87,8
FINISHER,Jumping,88,8
FINISHER,Jumping,89,8
FINISHER,Jumping,90,11
FINISHER,Jumping,91,11
FINISHER,Jumping,92,11
FINISHER,Jumping,93,11
FINISHER,Jumping,94,11
FINISHER,Jumping,95,13
FINISHER,Jumping,96,16
FINISHER,Jumping,97,19
FINISHER,Jumping,98,22
FINISHER,Jumping,99,24
FINISHER,Stamina,40,1
FINISHER,Stamina,41,1
FINISHER,Stamina,42,1
FINISHER,Stamina,43,1
FINISHER,Stamina,44,1
FINISHER,Stamina,45,1
FINISHER,Stamina,46,1
FINISHER,Stamina,47,1
FINISHER,Stamina,48,1
FINISHER,Stamina,49,1
FINISHER,Stamina,50,1
FINISHER,Stamina,51,1
FINISHER,Stamina,52,1
FINISHER,Stamina,53,1
FINISHER,Stamina,54,1
FINISHER,Stamina,55,1
FINISHER,Stamina,56,1
FINISHER,Stamina,57,1
FINISHER,Stamina,58,1
FINISHER,Stamina,59,1
FINISHER,Stamina,60,1
FINISHER,Stamina,61,1
FINISHER,Stamina,62,1
FINISHER,Stamina,63,1
FINISHER,Stamina,64,2
FINISHER,Stamina,65,2
FINISHER,Stamina,66,2
FINISHER,Stamina,67,2
FINISHER,Stamina,68,2
FINISHER,Stamina,69,2
FINISHER,Stamina,70,3
FINISHER,Stamina,71,3
FINISHER,Stamina,72,3
FINISHER,Stamina,73,3
FINISHER,Stamina,74,3
FINISHER,Stamina,75,4
FINISHER,Stamina,76,4
FINISHER,Stamina,77,4
FINISHER,Stamina,78,4
FINISHER,Stamina,79,4
FINISHER,Stamina,80,5
FINISHER,Stamina,81,5
FINISHER,Stamina,82,5
FINISHER,Stamina,83,5
FINISHER,Stamina,84,5
FINISHER,Stamina,85,8
FINISHER,Stamina,86,8
FINISHER,Stamina,87,8
FINISHER,Stamina,88,8
FINISHER,Stamina,89,8
FINISHER,Stamina,90,11
FINISHER,Stamina,91,11
FINISHER,Stamina,92,11
FINISHER,Stamina,93,11
FINISHER,Stamina,94,11
FINISHER,Stamina,95,13
FINISHER,Stamina,96,16
FINISHER,Stamina,97,19
FINISHER,Stamina,98,22
FINISHER,Stamina,99,24
FINISHER,Strength,40,1
FINISHER,Strength,41,1
FINISHER,Strength,42,1
FINISHER,Strength,43,1
FINISHER,Strength,44,1
FINISHER,Strength,45,1
FINISHER,Strength,46,1
FINISHER,Strength,47,1
FINISHER,Strength,48,1
FINISHER,Strength,49,1
FINISHER,Strength,50,1
FINISHER,Strength,51,1
FINISHER,Strength,52,1
FINISHER,Strength,53,1
FINISHER,Strength,54,1
FINISHER,Strength,55,1
FINISHER,Strength,56,1
FINISHER,Strength,57,1
FINISHER,Strength,58,1
FINISHER,Strength,59,1
FINISHER,Strength,60,2
FINISHER,Strength,61,2
FINISHER,Strength,62,2
FINISHER,Strength,63,2
FINISHER,Strength,64,3
FINISHER,Strength,65,3
FINISHER,Strength,66,3
FINISHER,Strength,67,3
FINISHER,Strength,68,3
FINISHER,Strength,69,3
FINISHER,Strength,70,4
FINISHER,Strength,71,4
FINISHER,Strength,72,4
FINISHER,Strength,73,4
FINISHER,Strength,74,4
FINISHER,Strength,75,6
FINISHER,Strength,76,6
FINISHER,Strength,77,6
FINISHER,Strength,78,6
FINISHER,Strength,79,6
FINISHER,Strength,80,7
FINISHER,Strength,81,7
FINISHER,Strength,82,7
FINISHER,Strength,83,7
FINISHER,Strength,84,7
FINISHER,Strength,85,11
FINISHER,Strength,86,11
FINISHER,Strength,87,11
FINISHER,Strength,88,11
FINISHER,Strength,89,11
FINISHER,Strength,90,15
FINISHER,Strength,91,15
FINISHER,Strength,92,15
FINISHER,Strength,93,15
FINISHER,Strength,94,15
FINISHER,Strength,95,18
FINISHER,Strength,96,22
FINISHER,Strength,97,26
FINISHER,Strength,98,30
FINISHER,Strength,99,33
FINISHER,Aggression,40,1
FINISHER,Aggression,41,1
FINISHER,Aggression,42,1
FINISHER,Aggression,43,1
FINISHER,Aggression,44,1
FINISHER,Aggression,45,1
FINISHER,Aggression,46,1
FINISHER,Aggression,47,1
FINISHER,Aggression,48,1
FINISHER,Aggression,49,1
FINISHER,Aggression,50,1
FINISHER,Aggression,51,1
FINISHER,Aggression,52,1
FINISHER,Aggression,53,1
FINISHER,Aggression,54,1
FINISHER,Aggression,55,1
FINISHER,Aggression,56,1
FINISHER,Aggression,57,1
FINISHER,Aggression,58,1
FINISHER,Aggression,59,1
FINISHER,Aggression,60,1
FINISHER,Aggression,61,1
FINISHER,Aggression,62,1
FINISHER,Aggression,63,1
FINISHER,Aggression,64,2
FINISHER,Aggression,65,2
FINISHER,Aggression,66,2
FINISHER,Aggression,67,2
FINISHER,Aggression,68,2
FINISHER,Aggression,69,2
FINISHER,Aggression,70,3
FINISHER,Aggression,71,3
FINISHER,Aggression,72,3
FINISHER,Aggression,73,3
FINISHER,Aggression,74,3
FINISHER,Aggression,75,4
FINISHER,Aggression,76,4
FINISHER,Aggression,77,4
FINISHER,Aggression,78,4
FINISHER,Aggression,79,4
FINISHER,Aggression,80,5
FINISHER,Aggression,81,5
FINISHER,Aggression,82,5
FINISHER,Aggression,83,5
FINISHER,Aggression,84,5
FINISHER,Aggression,85,8
FINISHER,Aggression,86,8
FINISHER,Aggression,87,8
FINISHER,Aggression,88,8
FINISHER,Aggression,89,8
FINISHER,Aggression,90,11
FINISHER,Aggression,91,11
FINISHER,Aggression,92,11
FINISHER,Aggression,93,11
FINISHER,Aggression,94,11
FINISHER,Aggression,95,13
FINISHER,Aggression,96,16
FINISHER,Aggression,97,19
FINISHER,Aggression,98,22
FINISHER,Aggression,99,24
TARGET,Acceleration,40,2
TARGET,Acceleration,41,2
TARGET,Acceleration,42,2
TARGET,Acceleration,43,2
TARGET,Acceleration,44,2
TARGET,Acceleration,45,2
TARGET,Acceleration,46,2
TARGET,Acceleration,47,2
TARGET,Acceleration,48,2
TARGET,Acceleration,49,2
TARGET,Acceleration,50,2
TARGET,Acceleration,51,2
TARGET,Acceleration,52,2
TARGET,Acceleration,53,2
TARGET,Acceleration,54,2
TARGET,Acceleration,55,2
TARGET,Acceleration,56,2
TARGET,Acceleration,57,2
TARGET,Acceleration,58,2
TARGET,Acceleration,59,2
TARGET,Acceleration,60,3
TARGET,Acceleration,61,3
TARGET,Acceleration,62,3
TARGET,Acceleration,63,3
TARGET,Acceleration,64,4
TARGET,Acceleration,65,4
TARGET,Acceleration,66,4
TARGET,Acceleration,67,5
TARGET,Acceleration,68,5
TARGET,Acceleration,69,5
TARGET,Acceleration,70,6
TARGET,Acceleration,71,6
TARGET,Acceleration,72,6
TARGET,Acceleration,73,6
TARGET,Acceleration,74,6
TARGET,Acceleration,75,8
TARGET,Acceleration,76,8
TARGET,Acceleration,77,8
TARGET,Acceleration,78,8
TARGET,Acceleration,79,8
TARGET,Acceleration,80,10
TARGET,Acceleration,81,10
TARGET,Acceleration,82,10
TARGET,Acceleration,83,10
TARGET,Acceleration,84,10
TARGET,Acceleration,85,15
TARGET,Acceleration,86,15
TARGET,Acceleration,87,15
TARGET,Acceleration,88,15
TARGET,Acceleration,89,15
TARGET,Acceleration,90,20
TARGET,Acceleration,91,20
TARGET,Acceleration,92,20
TARGET,Acceleration,93,20
TARGET,Acceleration,94,20
TARGET,Acceleration,95,25
TARGET,Acceleration,96,30
TARGET,Acceleration,97,35
TARGET,Acceleration,98,40
TARGET,Acceleration,99,45
TARGET,SprintSpeed,40,2
TARGET,SprintSpeed,41,2
TARGET,SprintSpeed,42,2
TARGET,SprintSpeed,43,2
TARGET,SprintSpeed,44,2
TARGET,SprintSpeed,45,2
TARGET,SprintSpeed,46,2
TARGET,SprintSpeed,47,2
TARGET,SprintSpeed,48,2
TARGET,SprintSpeed,49,2
TARGET,SprintSpeed,50,2
TARGET,SprintSpeed,51,2
TARGET,SprintSpeed,52,2
TARGET,SprintSpeed,53,2
TARGET,SprintSpeed,54,2
TARGET,SprintSpeed,55,2
TARGET,SprintSpeed,56,2
TARGET,SprintSpeed,57,2
TARGET,SprintSpeed,58,2
TARGET,SprintSpeed,59,2
TARGET,SprintSpeed,60,3
TARGET,SprintSpeed,61,3
TARGET,SprintSpeed,62,3
TARGET,SprintSpeed,63,3
TARGET,SprintSpeed,64,4
TARGET,SprintSpeed,65,4
TARGET,SprintSpeed,66,4
TARGET,SprintSpeed,67,5
TARGET,SprintSpeed,68,5
TARGET,SprintSpeed,69,5
TARGET,SprintSpeed,70,6
TARGET,SprintSpeed,71,6
TARGET,SprintSpeed,72,6
TARGET,SprintSpeed,73,6
TARGET,SprintSpeed,74,6
TARGET,SprintSpeed,75,8
TARGET,SprintSpeed,76,8
TARGET,SprintSpeed,77,8
TARGET,SprintSpeed,78,8
TARGET,SprintSpeed,79,8
TARGET,SprintSpeed,80,10
TARGET,SprintSpeed,81,10
TARGET,SprintSpeed,82,10
TARGET,SprintSpeed,83,10
TARGET,SprintSpeed,84,10
TARGET,SprintSpeed,85,15
TARGET,SprintSpeed,86,15
TARGET,SprintSpeed,87,15
TARGET,SprintSpeed,88,15
TARGET,SprintSpeed,89,15
TARGET,SprintSpeed,90,20
TARGET,SprintSpeed,91,20
TARGET,SprintSpeed,92,20
TARGET,SprintSpeed,93,20
TARGET,SprintSpeed,94,20
TARGET,SprintSpeed,95,25
TARGET,SprintSpeed,96,30
TARGET,SprintSpeed,97,35
TARGET,SprintSpeed,98,40
TARGET,SprintSpeed,99,45
TARGET,AttackPositioning,40,1
TARGET,AttackPositioning,41,1
TARGET,AttackPositioning,42,1
TARGET,AttackPositioning,43,1
TARGET,AttackPositioning,44,1
TARGET,AttackPositioning,45,1
TARGET,AttackPositioning,46,1
TARGET,AttackPositioning,47,1
TARGET,AttackPositioning,48,1
TARGET,AttackPositioning,49,1
TARGET,AttackPositioning,50,1
TARGET,AttackPositioning,51,1
TARGET,AttackPositioning,52,1
TARGET,AttackPositioning,53,1
TARGET,AttackPositioning,54,1
TARGET,AttackPositioning,55,1
TARGET,AttackPositioning,56,1
TARGET,AttackPositioning,57,1
TARGET,AttackPositioning,58,1
TARGET,AttackPositioning,59,1
TARGET,AttackPositioning,60,1
TARGET,AttackPositioning,61,1
TARGET,AttackPositioning,62,1
TARGET,AttackPositioning,63,1
TARGET,AttackPositioning,64,2
TARGET,AttackPositioning,65,2
TARGET,AttackPositioning,66,2
TARGET,AttackPositioning,67,2
TARGET,AttackPositioning,68,2
TARGET,AttackPositioning,69,2
TARGET,AttackPositioning,70,3
TARGET,AttackPositioning,71,3
TARGET,AttackPositioning,72,3
TARGET,AttackPositioning,73,3
TARGET,AttackPositioning,74,3
TARGET,AttackPositioning,75,4
TARGET,AttackPositioning,76,4
TARGET,AttackPositioning,77,4
TARGET,AttackPositioning,78,4
TARGET,AttackPositioning,79,4
TARGET,AttackPositioning,80,5
TARGET,AttackPositioning,81,5
TARGET,AttackPositioning,82,5
TARGET,AttackPositioning,83,5
TARGET,AttackPositioning,84,5
TARGET,AttackPositioning,85,8
TARGET,AttackPositioning,86,8
TARGET,AttackPositioning,87,8
TARGET,AttackPositioning,88,8
TARGET,AttackPositioning,89,8
TARGET,AttackPositioning,90,11
TARGET,AttackPositioning,91,11
TARGET,AttackPositioning,92,11
TARGET,AttackPositioning,93,11
TARGET,AttackPositioning,94,11
TARGET,AttackPositioning,95,13
TARGET,AttackPositioning,96,16
TARGET,AttackPositioning,97,19
TARGET,AttackPositioning,98,22
TARGET,AttackPositioning,99,24
TARGET,Finishing,40,2
TARGET,Finishing,41,2
TARGET,Finishing,42,2
TARGET,Finishing,43,2
TARGET,Finishing,44,2
TARGET,Finishing,45,2
TARGET,Finishing,46,2
TARGET,Finishing,47,2
TARGET,Finishing,48,2
TARGET,Finishing,49,2
TARGET,Finishing,50,2
TARGET,Finishing,51,2
TARGET,Finishing,52,2
TARGET,Finishing,53,2
TARGET,Finishing,54,2
TARGET,Finishing,55,2
TARGET,Finishing,56,2
TARGET,Finishing,57,2
TARGET,Finishing,58,2
TARGET,Finishing,59,2
TARGET,Finishing,60,3
TARGET,Finishing,61,3
TARGET,Finishing,62,3
TARGET,Finishing,63,3
TARGET,Finishing,64,4
TARGET,Finishing,65,4
TARGET,Finishing,66,4
TARGET,Finishing,67,5
TARGET,Finishing,68,5
TARGET,Finishing,69,5
TARGET,Finishing,70,6
TARGET,Finishing,71,6
TARGET,Finishing,72,6
TARGET,Finishing,73,6
TARGET,Finishing,74,6
TARGET,Finishing,75,8
TARGET,Finishing,76,8
TARGET,Finishing,77,8
TARGET,Finishing,78,8
TARGET,Finishing,79,8
TARGET,Finishing,80,10
TARGET,Finishing,81,10
TARGET,Finishing,82,10
TARGET,Finishing,83,10
TARGET,Finishing,84,10
TARGET,Finishing,85,15
TARGET,Finishing,86,15
TARGET,Finishing,87,15
TARGET,Finishing,88,15
TARGET,Finishing,89,15
TARGET,Finishing,90,20
TARGET,Finishing,91,20
TARGET,Finishing,92,20
TARGET,Finishing,93,20
TARGET,Finishing,94,20
TARGET,Finishing,95,25
TARGET,Finishing,96,30
TARGET,Finishing,97,35
TARGET,Finishing,98,40
TARGET,Finishing,99,45
TARGET,ShotPower,40,1
TARGET,ShotPower,41,1
TARGET,ShotPower,42,1
TARGET,ShotPower,43,1
TARGET,ShotPower,44,1
TARGET,ShotPower,45,1
TARGET,ShotPower,46,1
TARGET,ShotPower,47,1
TARGET,ShotPower,48,1
TARGET,ShotPower,49,1
TARGET,ShotPower,50,1
TARGET,ShotPower,51,1
TARGET,ShotPower,52,1
TARGET,ShotPower,53,1
TARGET,ShotPower,54,1
TARGET,ShotPower,55,1
TARGET,ShotPower,56,1
TARGET,ShotPower,57,1
TARGET,ShotPower,58,1
TARGET,ShotPower,59,1
TARGET,ShotPower,60,1
TARGET,ShotPower,61,1
TARGET,ShotPower,62,1
TARGET,ShotPower,63,1
TARGET,ShotPower,64,2
TARGET,ShotPower,65,2
TARGET,ShotPower,66,2
TARGET,ShotPower,67,2
TARGET,ShotPower,68,2
TARGET,ShotPower,69,2
TARGET,ShotPower,70,3
TARGET,ShotPower,71,3
TARGET,ShotPower,72,3
TARGET,ShotPower,73,3
TARGET,ShotPower,74,3
TARGET,ShotPower,75,4
TARGET,ShotPower,76,4
TARGET,ShotPower,77,4
TARGET,ShotPower,78,4
TARGET,ShotPower,79,4
TARGET,ShotPower,80,5
TARGET,ShotPower,81,5
TARGET,ShotPower,82,5
TARGET,ShotPower,83,5
TARGET,ShotPower,84,5
TARGET,ShotPower,85,8
TARGET,ShotPower,86,8
TARGET,ShotPower,87,8
TARGET,ShotPower,88,8
TARGET,ShotPower,89,8
TARGET,ShotPower,90,11
TARGET,ShotPower,91,11
TARGET,ShotPower,92,11
TARGET,ShotPower,93,11
TARGET,ShotPower,94,11
TARGET,ShotPower,95,13
TARGET,ShotPower,96,16
TARGET,ShotPower,97,19
TARGET,ShotPower,98,22
TARGET,ShotPower,99,24
TARGET,LongShots,40,1
TARGET,LongShots,41,1
TARGET,LongShots,42,1
TARGET,LongShots,43,1
TARGET,LongShots,44,1
TARGET,LongShots,45,1
TARGET,LongShots,46,1
TARGET,LongShots,47,1
TARGET,LongShots,48,1
TARGET,LongShots,49,1
TARGET,LongShots,50,1
TARGET,LongShots,51,1
TARGET,LongShots,52,1
TARGET,LongShots,53,1
TARGET,LongShots,54,1
TARGET,LongShots,55,1
TARGET,LongShots,56,1
TARGET,LongShots,57,1
TARGET,LongShots,58,1
TARGET,LongShots,59,1
TARGET,LongShots,60,2
TARGET,LongShots,61,2
TARGET,LongShots,62,2
TARGET,LongShots,63,2
TARGET,LongShots,64,3
TARGET,LongShots,65,3
TARGET,LongShots,66,3
TARGET,LongShots,67,3
TARGET,LongShots,68,3
TARGET,LongShots,69,3
TARGET,LongShots,70,4
TARGET,LongShots,71,4
TARGET,LongShots,72,4
TARGET,LongShots,73,4
TARGET,LongShots,74,4
TARGET,LongShots,75,6
TARGET,LongShots,76,6
TARGET,LongShots,77,6
TARGET,LongShots,78,6
TARGET,LongShots,79,6
TARGET,LongShots,80,7
TARGET,LongShots,81,7
TARGET,LongShots,82,7
TARGET,LongShots,83,7
TARGET,LongShots,84,7
TARGET,LongShots,85,11
TARGET,LongShots,86,11
TARGET,LongShots,87,11
TARGET,LongShots,88,11
TARGET,LongShots,89,11
TARGET,LongShots,90,15
TARGET,LongShots,91,15
TARGET,LongShots,92,15
TARGET,LongShots,93,15
TARGET,LongShots,94,15
TARGET,LongShots,95,18
TARGET,LongShots,96,22
TARGET,LongShots,97,26
TARGET,LongShots,98,30
TARGET,LongShots,99,33
TARGET,Volleys,40,1
TARGET,Volleys,41,1
TARGET,Volleys,42,1
TARGET,Volleys,43,1
TARGET,Volleys,44,1
TARGET,Volleys,45,1
TARGET,Volleys,46,1
TARGET,Volleys,47,1
TARGET,Volleys,48,1
TARGET,Volleys,49,1
TARGET,Volleys,50,1
TARGET,Volleys,51,1
TARGET,Volleys,52,1
TARGET,Volleys,53,1
TARGET,Volleys,54,1
TARGET,Volleys,55,1
TARGET,Volleys,56,1
TARGET,Volleys,57,1
TARGET,Volleys,58,1
TARGET,Volleys,59,1
TARGET,Volleys,60,1
TARGET,Volleys,61,1
TARGET,Volleys,62,1
TARGET,Volleys,63,1
TARGET,Volleys,64,2
TARGET,Volleys,65,2
TARGET,Volleys,66,2
TARGET,Volleys,67,2
TARGET,Volleys,68,2
TARGET,Volleys,69,2
TARGET,Volleys,70,3
TARGET,Volleys,71,3
TARGET,Volleys,72,3
TARGET,Volleys,73,3
TARGET,Volleys,74,3
TARGET,Volleys,75,4
TARGET,Volleys,76,4
TARGET,Volleys,77,4
TARGET,Volleys,78,4
TARGET,Volleys,79,4
TARGET,Volleys,80,5
TARGET,Volleys,81,5
TARGET,Volleys,82,5
TARGET,Volleys,83,5
TARGET,Volleys,84,5
TARGET,Volleys,85,8
TARGET,Volleys,86,8
TARGET,Volleys,87,8
TARGET,Volleys,88,8
TARGET,Volleys,89,8
TARGET,Volleys,90,11
TARGET,Volleys,91,11
TARGET,Volleys,92,11
TARGET,Volleys,93,11
TARGET,Volleys,94,11
TARGET,Volleys,95,13
TARGET,Volleys,96,16
TARGET,Volleys,97,19
TARGET,Volleys,98,22
TARGET,Volleys,99,24
TARGET,Penalties,40,1
TARGET,Penalties,41,1
TARGET,Penalties,42,1
TARGET,Penalties,43,1
TARGET,Penalties,44,1
TARGET,Penalties,45,1
TARGET,Penalties,46,1
TARGET,Penalties,47,1
TARGET,Penalties,48,1
TARGET,Penalties,49,1
TARGET,Penalties,50,1
TARGET,Penalties,51,1
TARGET,Penalties,52,1
TARGET,Penalties,53,1
TARGET,Penalties,54,1
TARGET,Penalties,55,1
TARGET,Penalties,56,1
TARGET,Penalties,57,1
TARGET,Penalties,58,1
TARGET,Penalties,59,1
TARGET,Penalties,60,1
TARGET,Penalties,61,1
TARGET,Penalties,62,1
TARGET,Penalties,63,1
TARGET,Penalties,64,2
TARGET,Penalties,65,2
TARGET,Penalties,66,2
TARGET,Penalties,67,2
TARGET,Penalties,68,2
TARGET,Penalties,69,2
TARGET,Penalties,70,3
TARGET,Penalties,71,3
TARGET,Penalties,72,3
TARGET,Penalties,73,3
TARGET,Penalties,74,3
TARGET,Penalties,75,4
TARGET,Penalties,76,4
TARGET,Penalties,77,4
TARGET,Penalties,78,4
TARGET,Penalties,79,4
TARGET,Penalties,80,5
TARGET,Penalties,81,5
TARGET,Penalties,82,5
TARGET,Penalties,83,5
TARGET,Penalties,84,5
TARGET,Penalties,85,8
TARGET,Penalties,86,8
TARGET,Penalties,87,8
TARGET,Penalties,88,8
TARGET,Penalties,89,8
TARGET,Penalties,90,11
TARGET,Penalties,91,11
TARGET,Penalties,92,11
TARGET,Penalties,93,11
TARGET,Penalties,94,11
TARGET,Penalties,95,13
TARGET,Penalties,96,16
TARGET,Penalties,97,19
TARGET,Penalties,98,22
TARGET,Penalties,99,24
TARGET,Vision,40,1
TARGET,Vision,41,1
TARGET,Vision,42,1
TARGET,Vision,43,1
TARGET,Vision,44,1
TARGET,Vision,45,1
TARGET,Vision,46,1
TARGET,Vision,47,1
TARGET,Vision,48,1
TARGET,Vision,49,1
TARGET,Vision,50,1
TARGET,Vision,51,1
TARGET,Vision,52,1
TARGET,Vision,53,1
TARGET,Vision,54,1
TARGET,Vision,55,1
TARGET,Vision,56,1
TARGET,Vision,57,1
TARGET,Vision,58,1
TARGET,Vision,59,1
TARGET,Vision,60,2
TARGET,Vision,61,2
TARGET,Vision,62,2
TARGET,Vision,63,2
TARGET,Vision,64,3
TARGET,Vision,65,3
TARGET,Vision,66,3
TARGET,Vision,67,3
TARGET,Vision,68,3
TARGET,Vision,69,3
TARGET,Vision,70,4
TARGET,Vision,71,4
TARGET,Vision,72,4
TARGET,Vision,73,4
TARGET,Vision,74,4
TARGET,Vision,75,6
TARGET,Vision,76,6
TARGET,Vision,77,6
TARGET,Vision,78,6
TARGET,Vision,79,6
TARGET,Vision,80,7
TARGET,Vision,81,7
TARGET,Vision,82,7
TARGET,Vision,83,7
TARGET,Vision,84,7
TARGET,Vision,85,11
TARGET,Vision,86,11
TARGET,Vision,87,11
TARGET,Vision,88,11
TARGET,Vision,89,11
TARGET,Vision,90,15
TARGET,Vision,91,15
TARGET,Vision,92,15
TARGET,Vision,93,15
TARGET,Vision,94,15
TARGET,Vision,95,18
TARGET,Vision,96,22
TARGET,Vision,97,26
TARGET,Vision,98,30
TARGET,Vision,99,33
TARGET,Crossing,40,1
TARGET,Crossing,41,1
TARGET,Crossing,42,1
TARGET,Crossing,43,1
TARGET,Crossing,44,1
TARGET,Crossing,45,1
TARGET,Crossing,46,1
TARGET,Crossing,47,1
TARGET,Crossing,48,1
TARGET,Crossing,49,1
TARGET,Crossing,50,1
TARGET,Crossing,51,1
TARGET,Crossing,52,1
TARGET,Crossing,53,1
TARGET,Crossing,54,1
TARGET,Crossing,55,1
TARGET,Crossing,56,1
TARGET,Crossing,57,1
TARGET,Crossing,58,1
TARGET,Crossing,59,1
TARGET,Crossing,60,2
TARGET,Crossing,61,2
TARGET,Crossing,62,2
TARGET,Crossing,63,2
TARGET,Crossing,64,3
TARGET,Crossing,65,3
TARGET,Crossing,66,3
TARGET,Crossing,67,3
TARGET,Crossing,68,3
TARGET,Crossing,69,3
TARGET,Crossing,70,4
TARGET,Crossing,71,4
TARGET,Crossing,72,4
TARGET,Crossing,73,4
TARGET,Crossing,74,4
TARGET,Crossing,75,6
TARGET,Crossing,76,6
TARGET,Crossing,77,6
TARGET,Crossing,78,6
TARGET,Crossing,79,6
TARGET,Crossing,80,7
TARGET,Crossing,81,7
TARGET,Crossing,82,7
TARGET,Crossing,83,7
TARGET,Crossing,84,7
TARGET,Crossing,85,11
TARGET,Crossing,86,11
TARGET,Crossing,87,11
TARGET,Crossing,88,11
TARGET,Crossing,89,11
TARGET,Crossing,90,15
TARGET,Crossing,91,15
TARGET,Crossing,92,15
TARGET,Crossing,93,15
TARGET,Crossing,94,15
TARGET,Crossing,95,18
TARGET,Crossing,96,22
TARGET,Crossing,97,26
TARGET,Crossing,98,30
TARGET,Crossing,99,33
TARGET,FKAccuracy,40,1
TARGET,FKAccuracy,41,1
TARGET,FKAccuracy,42,1
TARGET,FKAccuracy,43,1
TARGET,FKAccuracy,44,1
TARGET,FKAccuracy,45,1
TARGET,FKAccuracy,46,1
TARGET,FKAccuracy,47,1
TARGET,FKAccuracy,48,1
TARGET,FKAccuracy,49,1
TARGET,FKAccuracy,50,1
TARGET,FKAccuracy,51,1
TARGET,FKAccuracy,52,1
TARGET,FKAccuracy,53,1
TARGET,FKAccuracy,54,1
TARGET,FKAccuracy,55,1
TARGET,FKAccuracy,56,1
TARGET,FKAccuracy,57,1
TARGET,FKAccuracy,58,1
TARGET,FKAccuracy,59,1
TARGET,FKAccuracy,60,1
TARGET,FKAccuracy,61,1
TARGET,FKAccuracy,62,1
TARGET,FKAccuracy,63,1
TARGET,FKAccuracy,64,2
TARGET,FKAccuracy,65,2
TARGET,FKAccuracy,66,2
TARGET,FKAccuracy,67,2
TARGET,FKAccuracy,68,2
TARGET,FKAccuracy,69,2
TARGET,FKAccuracy,70,3
TARGET,FKAccuracy,71,3
TARGET,FKAccuracy,72,3
TARGET,FKAccuracy,73,3
TARGET,FKAccuracy,74,3
TARGET,FKAccuracy,75,4
TARGET,FKAccuracy,76,4
TARGET,FKAccuracy,77,4
TARGET,FKAccuracy,78,4
TARGET,FKAccuracy,79,4
TARGET,FKAccuracy,80,5
TARGET,FKAccuracy,81,5
TARGET,FKAccuracy,82,5
TARGET,FKAccuracy,83,5
TARGET,FKAccuracy,84,5
TARGET,FKAccuracy,85,8
TARGET,FKAccuracy,86,8
TARGET,FKAccuracy,87,8
TARGET,FKAccuracy,88,8
TARGET,FKAccuracy,89,8
TARGET,FKAccuracy,90,11
TARGET,FKAccuracy,91,11
TARGET,FKAccuracy,92,11
TARGET,FKAccuracy,93,11
TARGET,FKAccuracy,94,11
TARGET,FKAccuracy,95,13
TARGET,FKAccuracy,96,16
TARGET,FKAccuracy,97,19
TARGET,FKAccuracy,98,22
TARGET,FKAccuracy,99,24
TARGET,ShortPassing,40,2
TARGET,ShortPassing,41,2
TARGET,ShortPassing,42,2
TARGET,ShortPassing,43,2
TARGET,ShortPassing,44,2
TARGET,ShortPassing,45,2
TARGET,ShortPassing,46,2
TARGET,ShortPassing,47,2
TARGET,ShortPassing,48,2
TARGET,ShortPassing,49,2
TARGET,ShortPassing,50,2
TARGET,ShortPassing,51,2
TARGET,ShortPassing,52,2
TARGET,ShortPassing,53,2
TARGET,ShortPassing,54,2
TARGET,ShortPassing,55,2
TARGET,ShortPassing,56,2
TARGET,ShortPassing,57,2
TARGET,ShortPassing,58,2
TARGET,ShortPassing,59,2
TARGET,ShortPassing,60,3
TARGET,ShortPassing,61,3
TARGET,ShortPassing,62,3
TARGET,ShortPassing,63,3
TARGET,ShortPassing,64,4
TARGET,ShortPassing,65,4
TARGET,ShortPassing,66,4
TARGET,ShortPassing,67,5
TARGET,ShortPassing,68,5
TARGET,ShortPassing,69,5
TARGET,ShortPassing,70,6
TARGET,ShortPassing,71,6
TARGET,ShortPassing,72,6
TARGET,ShortPassing,73,6
TARGET,ShortPassing,74,6
TARGET,ShortPassing,75,8
TARGET,ShortPassing,76,8
TARGET,ShortPassing,77,8
TARGET,ShortPassing,78,8
TARGET,ShortPassing,79,8
TARGET,ShortPassing,80,10
TARGET,ShortPassing,81,10
TARGET,ShortPassing,82,10
TARGET,ShortPassing,83,10
TARGET,ShortPassing,84,10
TARGET,ShortPassing,85,15
TARGET,ShortPassing,86,15
TARGET,ShortPassing,87,15
TARGET,ShortPassing,88,15
TARGET,ShortPassing,89,15
TARGET,ShortPassing,90,20
TARGET,ShortPassing,91,20
TARGET,ShortPassing,92,20
TARGET,ShortPassing,93,20
TARGET,ShortPassing,94,20
TARGET,ShortPassing,95,25
TARGET,ShortPassing,96,30
TARGET,ShortPassing,97,35
TARGET,ShortPassing,98,40
TARGET,ShortPassing,99,45
TARGET,LongPassing,40,1
TARGET,LongPassing,41,1
TARGET,LongPassing,42,1
TARGET,LongPassing,43,1
TARGET,LongPassing,44,1
TARGET,LongPassing,45,1
TARGET,LongPassing,46,1
TARGET,LongPassing,47,1
TARGET,LongPassing,48,1
TARGET,LongPassing,49,1
TARGET,LongPassing,50,1
TARGET,LongPassing,51,1
TARGET,LongPassing,52,1
TARGET,LongPassing,53,1
TARGET,LongPassing,54,1
TARGET,LongPassing,55,1
TARGET,LongPassing,56,1
TARGET,LongPassing,57,1
TARGET,LongPassing,58,1
TARGET,LongPassing,59,1
TARGET,LongPassing,60,2
TARGET,LongPassing,61,2
TARGET,LongPassing,62,2
TARGET,LongPassing,63,2
TARGET,LongPassing,64,3
TARGET,LongPassing,65,3
TARGET,LongPassing,66,3
TARGET,LongPassing,67,3
TARGET,LongPassing,68,3
TARGET,LongPassing,69,3
TARGET,LongPassing,70,4
TARGET,LongPassing,71,4
TARGET,LongPassing,72,4
TARGET,LongPassing,73,4
TARGET,LongPassing,74,4
TARGET,LongPassing,75,6
TARGET,LongPassing,76,6
TARGET,LongPassing,77,6
TARGET,LongPassing,78,6
TARGET,LongPassing,79,6
TARGET,LongPassing,80,7
TARGET,LongPassing,81,7
TARGET,LongPassing,82,7
TARGET,LongPassing,83,7
TARGET,LongPassing,84,7
TARGET,LongPassing,85,11
TARGET,LongPassing,86,11
TARGET,LongPassing,87,11
TARGET,LongPassing,88,11
TARGET,LongPassing,89,11
TARGET,LongPassing,90,15
TARGET,LongPassing,91,15
TARGET,LongPassing,92,15
TARGET,LongPassing,93,15
TARGET,LongPassing,94,15
TARGET,LongPassing,95,18
TARGET,LongPassing,96,22
TARGET,LongPassing,97,26
TARGET,LongPassing,98,30
TARGET,LongPassing,99,33
TARGET,Curve,40,1
TARGET,Curve,41,1
TARGET,Curve,42,1
TARGET,Curve,43,1
TARGET,Curve,44,1
TARGET,Curve,45,1
TARGET,Curve,46,1
TARGET,Curve,47,1
TARGET,Curve,48,1
TARGET,Curve,49,1
TARGET,Curve,50,1
TARGET,Curve,51,1
TARGET,Curve,52,1
TARGET,Curve,53,1
TARGET,Curve,54,1
TARGET,Curve,55,1
TARGET,Curve,56,1
TARGET,Curve,57,1
TARGET,Curve,58,1
TARGET,Curve,59,1
TARGET,Curve,60,1
TARGET,Curve,61,1
TARGET,Curve,62,1
TARGET,Curve,63,1
TARGET,Curve,64,2
TARGET,Curve,65,2
TARGET,Curve,66,2
TARGET,Curve,67,2
TARGET,Curve,68,2
TARGET,Curve,69,2
TARGET,Curve,70,3
TARGET,Curve,71,3
TARGET,Curve,72,3
TARGET,Curve,73,3
TARGET,Curve,74,3
TARGET,Curve,75,4
TARGET,Curve,76,4
TARGET,Curve,77,4
TARGET,Curve,78,4
TARGET,Curve,79,4
TARGET,Curve,80,5
TARGET,Curve,81,5
TARGET,Curve,82,5
TARGET,Curve,83,5
TARGET,Curve,84,5
TARGET,Curve,85,8
TARGET,Curve,86,8
TARGET,Curve,87,8
TARGET,Curve,88,8
TARGET,Curve,89,8
TARGET,Curve,90,11
TARGET,Curve,91,11
TARGET,Curve,92,11
TARGET,Curve,93,11
TARGET,Curve,94,11
TARGET,Curve,95,13
TARGET,Curve,96,16
TARGET,Curve,97,19
TARGET,Curve,98,22
TARGET,Curve,99,24
TARGET,Agility,40,2
TARGET,Agility,41,2
TARGET,Agility,42,2
TARGET,Agility,43,2
TARGET,Agility,44,2
TARGET,Agility,45,2
TARGET,Agility,46,2
TARGET,Agility,47,2
TARGET,Agility,48,2
TARGET,Agility,49,2
TARGET,Agility,50,2
TARGET,Agility,51,2
TARGET,Agility,52,2
TARGET,Agility,53,2
TARGET,Agility,54,2
TARGET,Agility,55,2
TARGET,Agility,56,2
TARGET,Agility,57,2
TARGET,Agility,58,2
TARGET,Agility,59,2
TARGET,Agility,60,3
TARGET,Agility,61,3
TARGET,Agility,62,3
TARGET,Agility,63,3
TARGET,Agility,64,4
TARGET,Agility,65,4
TARGET,Agility,66,4
TARGET,Agility,67,5
TARGET,Agility,68,5
TARGET,Agility,69,5
TARGET,Agility,70,6
TARGET,Agility,71,6
TARGET,Agility,72,6
TARGET,Agility,73,6
TARGET,Agility,74,6
TARGET,Agility,75,8
TARGET,Agility,76,8
TARGET,Agility,77,8
TARGET,Agility,78,8
TARGET,Agility,79,8
TARGET,Agility,80,10
TARGET,Agility,81,10
TARGET,Agility,82,10
TARGET,Agility,83,10
TARGET,Agility,84,10
TARGET,Agility,85,15
TARGET,Agility,86,15
TARGET,Agility,87,15
TARGET,Agility,88,15
TARGET,Agility,89,15
TARGET,Agility,90,20
TARGET,Agility,91,20
TARGET,Agility,92,20
TARGET,Agility,93,20
TARGET,Agility,94,20
TARGET,Agility,95,25
TARGET,Agility,96,30
TARGET,Agility,97,35
TARGET,Agility,98,40
TARGET,Agility,99,45
TARGET,Balance,40,1
TARGET,Balance,41,1
TARGET,Balance,42,1
TARGET,Balance,43,1
TARGET,Balance,44,1
TARGET,Balance,45,1
TARGET,Balance,46,1
TARGET,Balance,47,1
TARGET,Balance,48,1
TARGET,Balance,49,1
TARGET,Balance,50,1
TARGET,Balance,51,1
TARGET,Balance,52,1
TARGET,Balance,53,1
TARGET,Balance,54,1
TARGET,Balance,55,1
TARGET,Balance,56,1
TARGET,Balance,57,1
TARGET,Balance,58,1
TARGET,Balance,59,1
TARGET,Balance,60,2
TARGET,Balance,61,2
TARGET,Balance,62,2
TARGET,Balance,63,2
TARGET,Balance,64,3
TARGET,Balance,65,3
TARGET,Balance,66,3
TARGET,Balance,67,3
TARGET,Balance,68,3
TARGET,Balance,69,3
TARGET,Balance,70,4
TARGET,Balance,71,4
TARGET,Balance,72,4
TARGET,Balance,73,4
TARGET,Balance,74,4
TARGET,Balance,75,6
TARGET,Balance,76,6
TARGET,Balance,77,6
TARGET,Balance,78,6
TARGET,Balance,79,6
TARGET,Balance,80,7
TARGET,Balance,81,7
TARGET,Balance,82,7
TARGET,Balance,83,7
TARGET,Balance,84,7
TARGET,Balance,85,11
TARGET,Balance,86,11
TARGET,Balance,87,11
TARGET,Balance,88,11
TARGET,Balance,89,11
TARGET,Balance,90,15
TARGET,Balance,91,15
TARGET,Balance,92,15
TARGET,Balance,93,15
TARGET,Balance,94,15
TARGET,Balance,95,18
TARGET,Balance,96,22
TARGET,Balance,97,26
TARGET,Balance,98,30
TARGET,Balance,99,33
TARGET,Reactions,40,1
TARGET,Reactions,41,1
TARGET,Reactions,42,1
TARGET,Reactions,43,1
TARGET,Reactions,44,1
TARGET,Reactions,45,1
TARGET,Reactions,46,1
TARGET,Reactions,47,1
TARGET,Reactions,48,1
TARGET,Reactions,49,1
TARGET,Reactions,50,1
TARGET,Reactions,51,1
TARGET,Reactions,52,1
TARGET,Reactions,53,1
TARGET,Reactions,54,1
TARGET,Reactions,55,1
TARGET,Reactions,56,1
TARGET,Reactions,57,1
TARGET,Reactions,58,1
TARGET,Reactions,59,1
TARGET,Reactions,60,1
TARGET,Reactions,61,1
TARGET,Reactions,62,1
TARGET,Reactions,63,1
TARGET,Reactions,64,2
TARGET,Reactions,65,2
TARGET,Reactions,66,2
TARGET,Reactions,67,2
TARGET,Reactions,68,2
TARGET,Reactions,69,2
TARGET,Reactions,70,3
TARGET,Reactions,71,3
TARGET,Reactions,72,3
TARGET,Reactions,73,3
TARGET,Reactions,74,3
TARGET,Reactions,75,4
TARGET,Reactions,76,4
TARGET,Reactions,77,4
TARGET,Reactions,78,4
TARGET,Reactions,79,4
TARGET,Reactions,80,5
TARGET,Reactions,81,5
TARGET,Reactions,82,5
TARGET,Reactions,83,5
TARGET,Reactions,84,5
TARGET,Reactions,85,8
TARGET,Reactions,86,8
TARGET,Reactions,87,8
TARGET,Reactions,88,8
TARGET,Reactions,89,8
TARGET,Reactions,90,11
TARGET,Reactions,91,11
TARGET,Reactions,92,11
TARGET,Reactions,93,11
TARGET,Reactions,94,11
TARGET,Reactions,95,13
TARGET,Reactions,96,16
TARGET,Reactions,97,19
TARGET,Reactions,98,22
TARGET,Reactions,99,24
TARGET,BallControl,40,1
TARGET,BallControl,41,1
TARGET,BallControl,42,1
TARGET,BallControl,43,1
TARGET,BallControl,44,1
TARGET,BallControl,45,1
TARGET,BallControl,46,1
TARGET,BallControl,47,1
TARGET,BallControl,48,1
TARGET,BallControl,49,1
TARGET,BallControl,50,1
TARGET,BallControl,51,1
TARGET,BallControl,52,1
TARGET,BallControl,53,1
TARGET,BallControl,54,1
TARGET,BallControl,55,1
TARGET,BallControl,56,1
TARGET,BallControl,57,1
TARGET,BallControl,58,1
TARGET,BallControl,59,1
TARGET,BallControl,60,2
TARGET,BallControl,61,2
TARGET,BallControl,62,2
TARGET,BallControl,63,2
TARGET,BallControl,64,3
TARGET,BallControl,65,3
TARGET,BallControl,66,3
TARGET,BallControl,67,3
TARGET,BallControl,68,3
TARGET,BallControl,69,3
TARGET,BallControl,70,4
TARGET,BallControl,71,4
TARGET,BallControl,72,4
TARGET,BallControl,73,4
TARGET,BallControl,74,4
TARGET,BallControl,75,6
TARGET,BallControl,76,6
TARGET,BallControl,77,6
TARGET,BallControl,78,6
TARGET,BallControl,79,6
TARGET,BallControl,80,7
TARGET,BallControl,81,7
TARGET,BallControl,82,7
TARGET,BallControl,83,7
TARGET,BallControl,84,7
TARGET,BallControl,85,11
TARGET,BallControl,86,11
TARGET,BallControl,87,11
TARGET,BallControl,88,11
TARGET,BallControl,89,11
TARGET,BallControl,90,15
TARGET,BallControl,91,15
TARGET,BallControl,92,15
TARGET,BallControl,93,15
TARGET,BallControl,94,15
TARGET,BallControl,95,18
TARGET,BallControl,96,22
TARGET,BallControl,97,26
TARGET,BallControl,98,30
TARGET,BallControl,99,33
TARGET,Dribbling,40,2
TARGET,Dribbling,41,2
TARGET,Dribbling,42,2
TARGET,Dribbling,43,2
TARGET,Dribbling,44,2
TARGET,Dribbling,45,2
TARGET,Dribbling,46,2
TARGET,Dribbling,47,2
TARGET,Dribbling,48,2
TARGET,Dribbling,49,2
TARGET,Dribbling,50,2
TARGET,Dribbling,51,2
TARGET,Dribbling,52,2
TARGET,Dribbling,53,2
TARGET,Dribbling,54,2
TARGET,Dribbling,55,2
TARGET,Dribbling,56,2
TARGET,Dribbling,57,2
TARGET,Dribbling,58,2
TARGET,Dribbling,59,2
TARGET,Dribbling,60,3
TARGET,Dribbling,61,3
TARGET,Dribbling,62,3
TARGET,Dribbling,63,3
TARGET,Dribbling,64,4
TARGET,Dribbling,65,4
TARGET,Dribbling,66,4
TARGET,Dribbling,67,5
TARGET,Dribbling,68,5
TARGET,Dribbling,69,5
TARGET,Dribbling,70,6
TARGET,Dribbling,71,6
TARGET,Dribbling,72,6
TARGET,Dribbling,73,6
TARGET,Dribbling,74,6
TARGET,Dribbling,75,8
TARGET,Dribbling,76,8
TARGET,Dribbling,77,8
TARGET,Dribbling,78,8
TARGET,Dribbling,79,8
TARGET,Dribbling,80,10
TARGET,Dribbling,81,10
TARGET,Dribbling,82,10
TARGET,Dribbling,83,10
TARGET,Dribbling,84,10
TARGET,Dribbling,85,15
TARGET,Dribbling,86,15
TARGET,Dribbling,87,15
TARGET,Dribbling,88,15
TARGET,Dribbling,89,15
TARGET,Dribbling,90,20
TARGET,Dribbling,91,20
TARGET,Dribbling,92,20
TARGET,Dribbling,93,20
TARGET,Dribbling,94,20
TARGET,Dribbling,95,25
TARGET,Dribbling,96,30
TARGET,Dribbling,97,35
TARGET,Dribbling,98,40
TARGET,Dribbling,99,45
TARGET,Composure,40,1
TARGET,Composure,41,1
TARGET,Composure,42,1
TARGET,Composure,43,1
TARGET,Composure,44,1
TARGET,Composure,45,1
TARGET,Composure,46,1
TARGET,Composure,47,1
TARGET,Composure,48,1
TARGET,Composure,49,1
TARGET,Composure,50,1
TARGET,Composure,51,1
TARGET,Composure,52,1
TARGET,Composure,53,1
TARGET,Composure,54,1
TARGET,Composure,55,1
TARGET,Composure,56,1
TARGET,Composure,57,1
TARGET,Composure,58,1
TARGET,Composure,59,1
TARGET,Composure,60,2
TARGET,Composure,61,2
TARGET,Composure,62,2
TARGET,Composure,63,2
TARGET,Composure,64,3
TARGET,Composure,65,3
TARGET,Composure,66,3
TARGET,Composure,67,3
TARGET,Composure,68,3
TARGET,Composure,69,3
TARGET,Composure,70,4
TARGET,Composure,71,4
TARGET,Composure,72,4
TARGET,Composure,73,4
TARGET,Composure,74,4
TARGET,Composure,75,6
TARGET,Composure,76,6
TARGET,Composure,77,6
TARGET,Composure,78,6
TARGET,Composure,79,6
TARGET,Composure,80,7
TARGET,Composure,81,7
TARGET,Composure,82,7
TARGET,Composure,83,7
TARGET,Composure,84,7
TARGET,Composure,85,11
TARGET,Composure,86,11
TARGET,Composure,87,11
TARGET,Composure,88,11
TARGET,Composure,89,11
TARGET,Composure,90,15
TARGET,Composure,91,15
TARGET,Composure,92,15
TARGET,Composure,93,15
TARGET,Composure,94,15
TARGET,Composure,95,18
TARGET,Composure,96,22
TARGET,Composure,97,26
TARGET,Composure,98,30
TARGET,Composure,99,33
TARGET,Interceptions,40,2
TARGET,Interceptions,41,2
TARGET,Interceptions,42,2
TARGET,Interceptions,43,2
TARGET,Interceptions,44,2
TARGET,Interceptions,45,2
TARGET,Interceptions,46,2
TARGET,Interceptions,47,2
TARGET,Interceptions,48,2
TARGET,Interceptions,49,2
TARGET,Interceptions,50,2
TARGET,Interceptions,51,2
TARGET,Interceptions,52,2
TARGET,Interceptions,53,2
TARGET,Interceptions,54,2
TARGET,Interceptions,55,2
TARGET,Interceptions,56,2
TARGET,Interceptions,57,2
TARGET,Interceptions,58,2
TARGET,Interceptions,59,2
TARGET,Interceptions,60,3
TARGET,Interceptions,61,3
TARGET,Interceptions,62,3
TARGET,Interceptions,63,3
TARGET,Interceptions,64,4
TARGET,Interceptions,65,4
TARGET,Interceptions,66,4
TARGET,Interceptions,67,5
TARGET,Interceptions,68,5
TARGET,Interceptions,69,5
TARGET,Interceptions,70,6
TARGET,Interceptions,71,6
TARGET,Interceptions,72,6
TARGET,Interceptions,73,6
TARGET,Interceptions,74,6
TARGET,Interceptions,75,8
TARGET,Interceptions,76,8
TARGET,Interceptions,77,8
TARGET,Interceptions,78,8
TARGET,Interceptions,79,8
TARGET,Interceptions,80,10
TARGET,Interceptions,81,10
TARGET,Interceptions,82,10
TARGET,Interceptions,83,10
TARGET,Interceptions,84,10
TARGET,Interceptions,85,15
TARGET,Interceptions,86,15
TARGET,Interceptions,87,15
TARGET,Interceptions,88,15
TARGET,Interceptions,89,15
TARGET,Interceptions,90,20
TARGET,Interceptions,91,20
TARGET,Interceptions,92,20
TARGET,Interceptions,93,20
TARGET,Interceptions,94,20
TARGET,Interceptions,95,25
TARGET,Interceptions,96,30
TARGET,Interceptions,97,35
TARGET,Interceptions,98,40
TARGET,Interceptions,99,45
TARGET,Heading Accuracy,40,1
TARGET,Heading Accuracy,41,1
TARGET,Heading Accuracy,42,1
TARGET,Heading Accuracy,43,1
TARGET,Heading Accuracy,44,1
TARGET,Heading Accuracy,45,1
TARGET,Heading Accuracy,46,1
TARGET,Heading Accuracy,47,1
TARGET,Heading Accuracy,48,1
TARGET,Heading Accuracy,49,1
TARGET,Heading Accuracy,50,1
TARGET,Heading Accuracy,51,1
TARGET,Heading Accuracy,52,1
TARGET,Heading Accuracy,53,1
TARGET,Heading Accuracy,54,1
TARGET,Heading Accuracy,55,1
TARGET,Heading Accuracy,56,1
TARGET,Heading Accuracy,57,1
TARGET,Heading Accuracy,58,1
TARGET,Heading Accuracy,59,1
TARGET,Heading Accuracy,60,1
TARGET,Heading Accuracy,61,1
TARGET,Heading Accuracy,62,1
TARGET,Heading Accuracy,63,1
TARGET,Heading Accuracy,64,2
TARGET,Heading Accuracy,65,2
TARGET,Heading Accuracy,66,2
TARGET,Heading Accuracy,67,2
TARGET,Heading Accuracy,68,2
TARGET,Heading Accuracy,69,2
TARGET,Heading Accuracy,70,3
TARGET,Heading Accuracy,71,3
TARGET,Heading Accuracy,72,3
TARGET,Heading Accuracy,73,3
TARGET,Heading Accuracy,74,3
TARGET,Heading Accuracy,75,4
TARGET,Heading Accuracy,76,4
TARGET,Heading Accuracy,77,4
TARGET,Heading Accuracy,78,4
TARGET,Heading Accuracy,79,4
TARGET,Heading Accuracy,80,5
TARGET,Heading Accuracy,81,5
TARGET,Heading Accuracy,82,5
TARGET,Heading Accuracy,83,5
TARGET,Heading Accuracy,84,5
TARGET,Heading Accuracy,85,8
TARGET,Heading Accuracy,86,8
TARGET,Heading Accuracy,87,8
TARGET,Heading Accuracy,88,8
TARGET,Heading Accuracy,89,8
TARGET,Heading Accuracy,90,11
TARGET,Heading Accuracy,91,11
TARGET,Heading Accuracy,92,11
TARGET,Heading Accuracy,93,11
TARGET,Heading Accuracy,94,11
TARGET,Heading Accuracy,95,13
TARGET,Heading Accuracy,96,16
TARGET,Heading Accuracy,97,19
TARGET,Heading Accuracy,98,22
TARGET,Heading Accuracy,99,24
TARGET,DefAwareness,40,1
TARGET,DefAwareness,41,1
TARGET,DefAwareness,42,1
TARGET,DefAwareness,43,1
TARGET,DefAwareness,44,1
TARGET,DefAwareness,45,1
TARGET,DefAwareness,46,1
TARGET,DefAwareness,47,1
TARGET,DefAwareness,48,1
TARGET,DefAwareness,49,1
TARGET,DefAwareness,50,1
TARGET,DefAwareness,51,1
TARGET,DefAwareness,52,1
TARGET,DefAwareness,53,1
TARGET,DefAwareness,54,1
TARGET,DefAwareness,55,1
TARGET,DefAwareness,56,1
TARGET,DefAwareness,57,1
TARGET,DefAwareness,58,1
TARGET,DefAwareness,59,1
TARGET,DefAwareness,60,2
TARGET,DefAwareness,61,2
TARGET,DefAwareness,62,2
TARGET,DefAwareness,63,2
TARGET,DefAwareness,64,3
TARGET,DefAwareness,65,3
TARGET,DefAwareness,66,3
TARGET,DefAwareness,67,3
TARGET,DefAwareness,68,3
TARGET,DefAwareness,69,3
TARGET,DefAwareness,70,4
TARGET,DefAwareness,71,4
TARGET,DefAwareness,72,4
TARGET,DefAwareness,73,4
TARGET,DefAwareness,74,4
TARGET,DefAwareness,75,6
TARGET,DefAwareness,76,6
TARGET,DefAwareness,77,6
TARGET,DefAwareness,78,6
TARGET,DefAwareness,79,6
TARGET,DefAwareness,80,7
TARGET,DefAwareness,81,7
TARGET,DefAwareness,82,7
TARGET,DefAwareness,83,7
TARGET,DefAwareness,84,7
TARGET,DefAwareness,85,11
TARGET,DefAwareness,86,11
TARGET,DefAwareness,87,11
TARGET,DefAwareness,88,11
TARGET,DefAwareness,89,11
TARGET,DefAwareness,90,15
TARGET,DefAwareness,91,15
TARGET,DefAwareness,92,15
TARGET,DefAwareness,93,15
TARGET,DefAwareness,94,15
TARGET,DefAwareness,95,18
TARGET,DefAwareness,96,22
TARGET,DefAwareness,97,26
TARGET,DefAwareness,98,30
TARGET,DefAwareness,99,33
TARGET,StandingTackle,40,2
TARGET,StandingTackle,41,2
TARGET,StandingTackle,42,2
TARGET,StandingTackle,43,2
TARGET,StandingTackle,44,2
TARGET,StandingTackle,45,2
TARGET,StandingTackle,46,2
TARGET,StandingTackle,47,2
TARGET,StandingTackle,48,2
TARGET,StandingTackle,49,2
TARGET,StandingTackle,50,2
TARGET,StandingTackle,51,2
TARGET,StandingTackle,52,2
TARGET,StandingTackle,53,2
TARGET,StandingTackle,54,2
TARGET,StandingTackle,55,2
TARGET,StandingTackle,56,2
TARGET,StandingTackle,57,2
TARGET,StandingTackle,58,2
TARGET,StandingTackle,59,2
TARGET,StandingTackle,60,3
TARGET,StandingTackle,61,3
TARGET,StandingTackle,62,3
TARGET,StandingTackle,63,3
TARGET,StandingTackle,64,4
TARGET,StandingTackle,65,4
TARGET,StandingTackle,66,4
TARGET,StandingTackle,67,5
TARGET,StandingTackle,68,5
TARGET,StandingTackle,69,5
TARGET,StandingTackle,70,6
TARGET,StandingTackle,71,6
TARGET,StandingTackle,72,6
TARGET,StandingTackle,73,6
TARGET,StandingTackle,74,6
TARGET,StandingTackle,75,8
TARGET,StandingTackle,76,8
TARGET,StandingTackle,77,8
TARGET,StandingTackle,78,8
TARGET,StandingTackle,79,8
TARGET,StandingTackle,80,10
TARGET,StandingTackle,81,10
TARGET,StandingTackle,82,10
TARGET,StandingTackle,83,10
TARGET,StandingTackle,84,10
TARGET,StandingTackle,85,15
TARGET,StandingTackle,86,15
TARGET,StandingTackle,87,15
TARGET,StandingTackle,88,15
TARGET,StandingTackle,89,15
TARGET,StandingTackle,90,20
TARGET,StandingTackle,91,20
TARGET,StandingTackle,92,20
TARGET,StandingTackle,93,20
TARGET,StandingTackle,94,20
TARGET,StandingTackle,95,25
TARGET,StandingTackle,96,30
TARGET,StandingTackle,97,35
TARGET,StandingTackle,98,40
TARGET,StandingTackle,99,45
TARGET,SlidingTackle,40,1
TARGET,SlidingTackle,41,1
TARGET,SlidingTackle,42,1
TARGET,SlidingTackle,43,1
TARGET,SlidingTackle,44,1
TARGET,SlidingTackle,45,1
TARGET,SlidingTackle,46,1
TARGET,SlidingTackle,47,1
TARGET,SlidingTackle,48,1
TARGET,SlidingTackle,49,1
TARGET,SlidingTackle,50,1
TARGET,SlidingTackle,51,1
TARGET,SlidingTackle,52,1
TARGET,SlidingTackle,53,1
TARGET,SlidingTackle,54,1
TARGET,SlidingTackle,55,1
TARGET,SlidingTackle,56,1
TARGET,SlidingTackle,57,1
TARGET,SlidingTackle,58,1
TARGET,SlidingTackle,59,1
TARGET,SlidingTackle,60,2
TARGET,SlidingTackle,61,2
TARGET,SlidingTackle,62,2
TARGET,SlidingTackle,63,2
TARGET,SlidingTackle,64,3
TARGET,SlidingTackle,65,3
TARGET,SlidingTackle,66,3
TARGET,SlidingTackle,67,3
TARGET,SlidingTackle,68,3
TARGET,SlidingTackle,69,3
TARGET,SlidingTackle,70,4
TARGET,SlidingTackle,71,4
TARGET,SlidingTackle,72,4
TARGET,SlidingTackle,73,4
TARGET,SlidingTackle,74,4
TARGET,SlidingTackle,75,6
TARGET,SlidingTackle,76,6
TARGET,SlidingTackle,77,6
TARGET,SlidingTackle,78,6
TARGET,SlidingTackle,79,6
TARGET,SlidingTackle,80,7
TARGET,SlidingTackle,81,7
TARGET,SlidingTackle,82,7
TARGET,SlidingTackle,83,7
TARGET,SlidingTackle,84,7
TARGET,SlidingTackle,85,11
TARGET,SlidingTackle,86,11
TARGET,SlidingTackle,87,11
TARGET,SlidingTackle,88,11
TARGET,SlidingTackle,89,11
TARGET,SlidingTackle,90,15
TARGET,SlidingTackle,91,15
TARGET,SlidingTackle,92,15
TARGET,SlidingTackle,93,15
TARGET,SlidingTackle,94,15
TARGET,SlidingTackle,95,18
TARGET,SlidingTackle,96,22
TARGET,SlidingTackle,97,26
TARGET,SlidingTackle,98,30
TARGET,SlidingTackle,99,33
TARGET,Jumping,40,1
TARGET,Jumping,41,1
TARGET,Jumping,42,1
TARGET,Jumping,43,1
TARGET,Jumping,44,1
TARGET,Jumping,45,1
TARGET,Jumping,46,1
TARGET,Jumping,47,1
TARGET,Jumping,48,1
TARGET,Jumping,49,1
TARGET,Jumping,50,1
TARGET,Jumping,51,1
TARGET,Jumping,52,1
TARGET,Jumping,53,1
TARGET,Jumping,54,1
TARGET,Jumping,55,1
TARGET,Jumping,56,1
Preview truncated for large file
